0.7894846692597102
-0.7576495381139283
0.1744953718692921
1.0853957404300045
-1.9580796644052736
-0.28499977442343
1.8969421588592759
-1.8011726827464867
1.5716724487413938
-0.6700936218098232
-1.8292318293675427
2.4672476668923133
1.3584666938345678
-0.7962895356212939
-0.25646740695487963
-0.27689719070232033
-1.2269296259766653
-1.275337102951281
1.0976384878721301
1.034477673314977
-0.296973255024894
1.2185429211078684
-2.4700379443777742
-1.7822904249636187
2.087793419033281
0.7698696544112433
0.6319251876468005
-1.2131037923398489
-1.9350405943476103
0.7823530823662921
-0.01146944162215735
-0.31832734863479095
2.106312301512739
-1.9411813671597968
-0.15196631893592183
0.12543284880834205
-0.5423186629218089
1.8061481845233276
-0.3762148026283119
-0.03490666728668623
-0.6204051430016913
-1.7204715519262817
2.280991279836439
-0.12411495828522934
-0.9146557650828583
0.44080128564238846
-1.1471493672846538
-2.9641110670009243
1.0075887261780345
0.5790272759925861
-0.1406244543664483
3.074299725777337
0.2655765512212922
-2.2768327904594843
-0.005204864698335879
0.1976154656101703
-0.9533732421259659
1.906831590737391
-0.4501891512286781
-1.1162737266729816
0.9803692070310348
-0.6753912153058483
-0.13709864757977738
0.43731292131320715
-0.4404396623003193
-0.7059148786520566
1.0812097014255728
1.1785600976722848
-0.6623107678523963
-1.1315050890165415
-0.36913649978514546
-0.20825801239761824
1.1082499928132035
-0.37816119185603414
-0.5943483612913254
0.9929309575943961
1.2187609156554788
1.0713549523012957
-0.7291995172866266
-0.3122752025642188
1.451853533031835
-1.7068639958832281
-0.23598897919585676
-0.46097063728256926
0.8742846611656026
1.2771682301803327
-1.4174320795259991
-0.43432565235657816
-0.17763379115692413
-1.454056820960492
0.6963210256104844
0.04368676865351717
-0.5177810423595048
2.0446904827298575
0.1170657217113873
-0.38255941195287
-0.9951314333457121
0.03169509293744077
1.0406188464632034
0.5534192597693273
-1.4459993129680595
-0.8352607744678393
0.2407592239442179
0.49886083244069884
-0.3754960323977048
-0.06580625753358321
0.4478460890591206
0.5151934802603204
0.06559154428630425
0.17977633804106372
0.7875933959055099
0.7017556407781104
0.4570702145307429
-1.7623672926548972
-1.9794500562854551
-0.9369103336864371
-0.4612176064380993
1.3532808665920373
1.4651963077150278
-2.1115201574705846
-1.8405770677346067
2.3809304099908015
-0.14313009443506414
0.1509424777719443
1.2676429341805482
-2.0712721022551768
0.12549613479428068
0.11690270297143401
-1.5405953401343107
1.2907405486185886
1.7335427768237148
-0.6347581624778089
1.7353243576709563
-0.29751562693487604
0.25875617330181067
1.906377569347237
-0.2848024786115553
0.29563100902694817
-1.4144034905768932
0.4174153995574279
-0.7843675312766724
1.0298030573779848
1.9869964765889914
0.800919425800508
-1.41693992848267
-1.1946057179464167
0.0033596391535842818
-0.6268255515601004
1.0912011784165483
0.8779407513882898
0.048705780380003616
0.12346515683917103
-1.0907252803047318
-1.653812636069875
1.837627366427571
0.9172184233444562
-0.7197118059507973
1.0015538344229897
0.04149497907010713
-0.3961131569999823
-0.9256491810355829
-2.050449306960092
1.0667262930687746
1.1065549125763905
-2.2878265198204573
0.4879007029974151
0.5939760517685831
-0.05784885331007006
1.4242828365613354
0.9576602038130633
-1.3067563667492466
-0.4202224844879812
-0.16406985623435916
-1.8482269572047345
-0.1863271020611782
0.7592682267634576
0.5389483837095016
-0.3379014560007678
-0.7352062644137132
0.5110437214258026
-1.17777063570351
-1.51474748034993
0.753129678520529
-1.529011482695667
-1.7448226215517233
1.1251751846883447
1.2712658520461395
1.1299884086639218
1.1241821358497597
-2.088403383454664
-2.1529919701788716
0.43685991108518607
-0.089614947004523
1.1489907468462823
0.37261460407094515
0.8340995851320235
1.136791408659283
0.4693226093040901
-0.9541037710507552
-1.1690470557223542
-2.0516121128243667
0.24775129179059346
2.1173883085478646
-0.6294656778948016
-1.2553223717902184
2.533999466649363
-0.8735216473541763
-1.2869811959371518
0.8104670300492056
-0.11551562146525352
0.04148502835080949
0.10333292258994187
1.080420387350007
0.522278969710771
-2.4222034403404846
0.5219864475445024
1.9506062655284555
1.3233439234178288
-0.9663186982666817
-2.7296582401349188
-0.7407518874918027
2.295232675437446
0.6909079981993556
-1.8322407289210907
-1.4179687900487155
-1.0094171494493827
0.4624733929895216
0.858188335375095
0.05531791861223062
-0.08892003529686782
-0.31943929509124197
-0.0897871497315994
-0.15184857151973175
0.5697336417001434
0.1719740746740921
-0.06281420705479188
1.9336482481164134
-0.06182937150400397
-4.089170210873053
0.6456762242003938
0.7382302910241689
-0.3306087391355521
2.8565011053334093
1.016375315245843
0.41311852000947447
-0.8647234740467243
-2.404224345855443
-0.4298312633600863
0.6662894271669271
0.49607255982410436
-0.8382743586839942
-0.2577394638132962
1.262835013847334
-0.9831334659525786
-0.5844984909622281
0.044008472196885084
1.0983346302869441
1.299698888834052
-0.748462606428195
-0.5640226742494175
-1.1707539787348942
-1.2772349289841454
1.5504351421183762
-0.22527640116308212
-0.39733372786196114
2.2042009266102696
-0.6668448905541182
-1.6111342485620717
0.6172009042024491
0.6668071288898181
-1.433115339417145
1.8590125649722706
-0.29294307216967264
-1.9877981266575633
0.6765640540185061
-0.2834596715495434
-1.9395083880479904
1.7936374110219435
0.033707453544327914
-0.7958119818816374
-0.39841918184918024
-0.4171089566096363
-0.38927098828079704
0.6105581975670835
0.7433868503849385
0.7757582895214461
-0.5288421783980557
-0.048193677245434885
-0.3535741877240689
-2.1232473550452178
-0.907077319189745
-0.17420051373992806
1.0512723056933302
1.9091784374610916
-0.8321927608878266
0.4261892665136998
-2.14343524774241
-1.0437161809065527
0.7500554784052123
-0.179342328310236
-0.3080014860999619
0.4204121360648836
0.29705812964357486
-1.1355497143166506
-0.6298819174253002
-0.5099389872565767
0.9276900309132633
2.0148150280998776
1.3419043158420347
0.3069892035499985
-1.0082470244696407
-1.4741591315993703
-0.4282009314271489
0.08045520541845008
-0.8783590196980875
1.5831193853877914
0.32894554956264105
-2.394329381760979
0.6305144332977617
1.7237813601664753
-1.338765107754426
0.005618595301697893
0.005025429802801684
-1.2274693712524445
-0.9472512930340108
2.000868362676756
1.1910032204885046
-1.0652254663860714
0.5006294959459661
-1.1229023276194778
0.7299808196437543
1.2742313250153918
-0.6114592411924585
-0.6560657508408685
0.46794778555990363
-1.1670004745541545
0.3755456404975108
0.9739733624375319
-1.1730874732737062
-0.5437259619059269
0.080549915061011
0.46533489108409615
1.372475686486718
0.7178120389675731
0.31074989910555495
0.5329660904416447
-1.8662765801337025
0.0728820964723702
0.9981450989897825
-2.063521606283026
1.4647752308347821
0.44532258237700884
-0.9386152545297364
0.18453919053282042
0.4628599776797502
-2.3456852503439753
1.4524360815812059
-0.33565374110506374
-0.8558220391268069
0.8999296930676727
0.34700620986862357
-0.3008775555172759
0.8849170203829753
-2.914879730791207
-2.777726851888115
0.7808306628296433
-1.0492170786131947
1.0527810007892406
1.4808966436176063
-1.0890412942364294
-0.029073540350796345
-0.5380479778693327
-0.8694250168823433
0.7713326724541371
0.49279107603983413
0.04789748506191366
1.5480047655763218
-0.3024838742566073
-1.7675599575605203
-0.39875056020979327
0.5583528318557316
-0.7730970250908449
-0.02780174157728288
1.9457870260194745
0.2896792314790403
-0.06291573247174187
-1.6464852098500335
-2.76148229077088
-0.02434441532802345
0.8699881296273808
1.2318360376270894
2.3354497866132524
-0.7754287700232221
-0.5363117195789915
-1.2275653073547275
-0.9824719442099775
0.298514913205296
1.2543547726650779
0.8699107116814189
-0.38291527860983854
0.8500380027067163
0.3140716704627812
0.38726602413165445
-0.5128431997417143
-0.8922813681661041
0.28180391558282825
1.7034058396111846
-0.6769320300101522
1.1834318644988326
0.4396884839322418
-1.0701518051978973
-1.9342727860290165
0.17543494949091099
1.1813950269201219
1.777967713415985
0.5312868678583711
-0.4983148441132615
0.011611274888773226
-1.5534251118874334
0.6354515508958196
0.3864640293857201
0.08527057769313146
0.40627530184500255
0.23587449467078814
-1.1754283830544856
0.5508151214512628
0.8922801433122607
-0.9596972474385321
-0.33864864236193387
0.579164261511947
0.6139910127175477
-0.09619845524723669
-1.2043309823883805
0.5767455911740353
0.6016421735020487
-2.2627696966019673
0.5035326084423554
-0.13308746942577387
-1.3465578770065725
1.2751609510356152
0.3471989761059412
0.8200095922244521
-1.980833450877614
-1.414730590451482
1.7036464511734586
-0.7980099014997614
-0.13529489821647372
0.8267767904847667
-0.2130335469968384
-1.0218867634601232
-0.34402865399180993
-2.103747221094979
0.16349809493084233
2.545378553191112
0.9968807262637841
2.308612152514193
-0.04094003165254423
-1.1381004589964772
-2.2701579021128877
-1.666598920091924
2.952868716714477
-0.062488575969908755
0.11257377242169564
1.2061642067882852
-1.042142445422513
-0.6939879086526396
1.1289326314879269
0.684637832671624
0.849622139671951
-1.1495628885194404
-0.19198345828763752
1.4395032230630087
-0.010237408098659584
-0.06659546588627616
1.0409940165682854
-1.2565729017273592
-2.573339110144901
0.9154876510725294
2.40761394976687
0.49307414810126193
3.172560078744772
-0.3082569573978717
-2.7860041860084843
1.7500946900917238
-2.1169360830407706
2.274803043493212
3.937277570195455
-1.860200064173897
-0.4574367837143464
-0.8173758918532253
-1.9856620240280187
3.796208593040017
1.0910233382466499
-0.46215372393091214
0.08134862103271961
-2.0705668361271843
0.10469099917736402
-0.6690548711992503
-1.0852787415880825
2.086391347121449
-0.03212907827954453
1.3629605720405173
1.6249031865200183
-0.5281297464656118
-2.2378784733473784
0.9304001367813168
2.8094301881896895
-2.250048227967986
-0.5889244733517189
0.910382387135974
-0.052367235547042146
0.7486616493919409
0.27244636399549665
0.40439418282903083
0.054333711713763416
-1.1680778789093118
0.5556604573140057
-0.7991519867424377
-0.5267672535564606
2.291898561218974
-2.372793151045865
-0.4289785763737008
3.177952654255111
-0.4163186476185956
0.0908122700937754
-0.3625116375169294
-2.6275225458593297
1.2547419039543999
2.9862271462095915
-1.1685964420126824
-2.038196340786888
-2.1494749408591636
-1.5681182117807007
2.4254858254844494
2.6510870602969185
-0.8467659238366395
-0.06387704311649572
1.437896073012402
-1.9862915355768482
0.5879886080288139
0.12485263114870915
-2.0966578686735904
2.459791715578706
0.34162045900705706
-1.1988786807641054
-0.9000133422370207
-0.3169367584256253
2.033256185716186
2.014820842563748
-0.034437896369130305
0.5861301131309763
-2.2911161263566107
-1.6066657668261888
2.223597445673197
1.5410914898681995
1.0422955552981283
-1.2114382379428983
-2.196121247817109
0.8307510111848194
2.4299391561726673
0.3172154556132021
0.8470881103047841
-1.127116836170461
-3.626757777107471
-0.6638232290889905
3.427847831430914
0.3230147527367141
1.8221247144874353
1.459853389640259
-3.277547147137522
-0.007474398908935864
1.5880176517485516
0.7833311775921932
1.5363252289388842
-0.5002681250625551
-2.8174509808008494
-0.3639364004820266
-0.49850815978938934
-1.823577079152246
1.1576606681827335
0.05293390632509931
-1.0487755261090712
1.9461525316930706
0.16588330958829525
-0.8097601306948102
0.8327792086020434
-0.8947460621825076
-0.3803267619258245
1.9781895211285152
-1.0664775953668153
0.29099261004502064
-0.07149379789238963
0.7344003740151752
-0.3447033198479489
-0.9549857970860847
-0.024749574776431055
-0.1099569434117926
-0.7876260093578298
-0.28103306601548905
0.23291819800916166
-0.05796443313664562
-0.7128409902805463
0.7827740446034233
1.570993744976385
-1.3633307772991667
-0.8446783847725898
0.34903137733853307
-0.20844793130722591
1.301033922796908
1.6463521125505673
-1.0760290803863406
-0.6244890983519686
-0.7637349549314675
1.0304655692341051
0.18790051375327876
1.1165736978165377
-0.28395325139261046
-1.7382891509043032
0.38065919933788883
1.1751400992721912
1.8701773829903097
-1.3370776045528499
-0.8147945663294213
0.667727196460313
-0.7013858756207323
-1.0191868849749468
1.3021906555529825
-0.16163090531272478
-0.9642044221629443
0.9336954854564372
1.4842189650494786
-0.8332740475664242
-1.6610437960907207
-0.5855534247138062
-0.3522315159695205
0.512126036541033
-0.6805244922850182
-1.236004152842111
1.4331259748608833
1.250602403330002
0.35998223941299134
0.37526898675738785
-1.765492086220641
0.9850605522060973
0.8195072759832719
-1.3538636324343036
0.3602430924191467
-1.6064234326550513
-0.23559383652947669
1.405349513857158
0.22149015616983808
-0.9338254146198548
-0.29711149317575763
-0.8056382648371117
0.9766688658204199
2.7516829479924203
-1.9956708633259883
0.03765524649364915
0.5198144209090937
-3.739571871888148
1.0481100997676212
3.312305365113372
-2.880076035464851
2.011019162742074
1.180334217836407
-1.2349343495113085
-1.7753851931289149
1.2241180358249726
0.9662261506300164
-1.0046555781850155
-0.6689828514007401
-0.7701669792854425
0.3861810579825303
0.31344169377378894
-0.02434993241151817
-0.25819099598432715
-1.8054715417945255
-0.5269720132102818
0.710521603070706
0.4120921673061407
-0.31138726679992246
1.0513733920242463
-0.7431201249618895
-2.779422605121925
-0.4111986923985663
-1.4276094986500008
-0.444272970099846
4.536966082035954
1.1921945298940733
-1.3493647199357974
-1.7818967659673821
-0.9537538567932162
0.0367830807693057
0.5109470684692358
1.4966512802070837
0.8505996739641442
-2.174360505302463
-1.9627710046170563
1.4825190296839503
1.9226217014858333
-0.472820753409288
-1.0538169483978024
-0.14030036663739742
-0.1261283521472641
-0.011488593027880356
-0.23778068598385227
0.9946489231551852
1.5518258385572474
0.7719426549670729
0.827005113133071
1.1761379764351554
-2.349013698351447
-0.6391388998164018
-0.6555253771442957
0.04179513692947906
2.968611747953093
-0.15394333098451912
-2.297877300949642
1.6806970101005805
-0.6472610701160797
-1.8910509746113482
1.3535927112870292
2.3683607299129212
0.2882191007093221
1.3029693065629382
-1.0971948427466724
-3.0548416328241417
-1.2797215074590607
1.7991104474944513
2.5367136293113406
0.4608770969587366
0.4109856470408738
-0.9184504314180817
-1.2240736098417475
-0.4473750954269088
0.8400603760085892
0.5255094962306883
1.1808405950360525
0.006471385738216734
-0.901879440886142
-0.04414835798279729
1.4156895512346381
-0.1141375652685937
-0.0741159143581486
0.3840860440196028
0.42845567335021395
1.0485510117461163
-0.941313987845671
-2.069036172329725
-1.0848759961952301
0.2718494411443173
1.8634244062876548
0.4606956153721391
0.5626369051169533
0.3423548485362715
-2.182518302279604
0.6564926796473802
-0.49900163790844565
-1.35779747874016
1.3951591704756545
0.1215226424653994
-0.2945058195787732
1.3894930742313978
-0.3693499609503603
-0.43958693866396326
1.1696688863355396
1.376776394686632
1.1206762804165917
1.2128573974239756
-0.6144739131618657
-0.598554102659754
-1.3104057596080807
-0.8459221060488193
2.603081013907422
0.2996529985551933
-2.281415582489732
0.20112157076134057
-0.25958270266109323
0.9229948086953217
2.876165508105304
0.05874068480491468
-1.0972353785670679
-2.039578039572593
-2.7192613047878966
2.761800410995006
2.747226597170155
0.266537890965973
-0.13850885283780082
-2.305140712107069
0.43696274692443215
0.7820108466423852
-0.30745126708201503
-0.19944892824587312
0.24617021531089048
0.3206402647367482
0.71269654243294
1.7061434744734247
-0.8365678082706316
-1.5776238058911596
-0.9114451274376751
-0.4824493475328484
0.32412334900644235
-0.09300714812886457
-0.9319963217939334
0.1395624031357221
-1.358399836548177
-0.0894696366839554
1.4038191466786833
-1.7923291265296566
0.35338093748763216
0.6041025204432506
-0.1076715937969892
-0.8589249047063953
0.515244494024574
-0.04162924385220729
0.3017162689531725
0.8704688141134626
-1.975738283513142
-0.09399232058026058
-0.7988793545559592
0.8807307705455658
1.9212962215962737
-0.113279160912867
-0.6524957726110395
0.32950061273818854
-1.4355529430935925
0.7064405684354214
-1.0720388718010732
-0.8716472237009162
2.516217593135429
0.16229203482553195
-0.33373715287363176
1.631463805815649
-1.4836630731774174
-1.0090981772854681
0.40649900702344577
-1.6789816687798869
1.8113405752430323
-0.2801137783718133
-2.158359815539564
1.5863532115989323
0.6347825540319434
-0.8324878627109569
1.7161453282221224
0.41087379861646833
-2.5551325793112207
2.095237772130107
0.17242354089228365
-1.9245379095898967
0.10230148706809272
0.20058768943825095
-0.33292172883024795
-0.9049641632705849
0.0380773582312436
1.0033075102273394
2.255255182973076
-1.503002144450858
-2.861036535491923
0.2732035767710001
0.35622276835184036
2.5502430064849166
0.5879157353255735
-2.504973951509002
-1.6111225120943184
0.7937707363757355
-0.46943048311831903
2.226723501938902
0.7274324868703775
-1.5355445793089988
-1.8507956689695728
-0.6256838654989743
-0.10949515443715074
1.3224453516376253
2.1340704182872923
-1.4734075910685804
-2.0030422832116903
-1.383564670354418
-0.521666111934908
0.706320753796862
3.558224808728555
2.2192178366495106
-1.3849472512720398
1.1197106745674643
-0.8447303458406366
-3.6520605849726713
1.2915380575075872
0.9935065952847979
-0.7508257988926484
1.7575961703568654
-0.9204933818467713
-0.42070560449862215
-1.0773526497109722
-0.392333728216725
0.056817737205031915
0.31383246562162087
0.05419364232953727
0.24202221435568305
-0.2752511756053293
0.5767724014620826
-0.8818767549214748
-0.8512562955037497
0.2900753950255562
1.6474932785033014
0.7455544431122254
-0.7588632498378496
-0.08112033082501807
-0.750750019576515
1.1467878381134828
-0.23578441509537706
-2.3311074897054285
-0.9135983366665292
-0.07380128194877678
1.2176215982040095
0.5634767291375319
1.1537186436336846
-3.2071141592541865
-1.583854010854102
0.11366727128868215
-0.3906973811012533
2.269373378054082
2.1662310590459404
0.264134947494997
-0.7599528806332062
-2.150980708629567
-1.8803831547065248
0.6778855589635137
1.1877510098515733
-0.42003047796844184
0.5397314544945788
0.3608079400469326
-1.8514357655044646
1.566356777183026
0.11241710133590832
-0.263521107533473
2.4459071661808904
-1.3161816934914556
-0.7232855045300441
-0.3413461122126442
-1.0742400016109381
2.1856999521230343
-0.2644632206024633
-0.09049290611890937
-1.0849233537892262
-1.0177118890432717
0.1366304208481468
1.2389200746060336
0.12960926380674637
0.11392697257842707
0.2689178353830719
-0.531313127928059
-1.1075338542684265
-0.6705259756342784
2.02210311360271
-0.9445654990991728
-0.22190045515765358
1.1368686112037927
-2.4102800577692154
-0.4431684917892463
1.6662218807431108
0.986438788170453
-0.7202918835465891
-0.3863832502946669
-1.7921261855742134
0.006843129710109752
0.8072888589913801
0.13656271224078054
2.179534252543685
1.692664227375426
-2.8266066169778363
-1.6600559598808626
1.3141138019125553
-2.9106115799344963
-0.5341797462011997
2.4446305774570267
0.5740899638584022
1.906124473973884
0.036135345812307866
-2.065344945677628
-0.35814298758630103
1.5061031491708126
-0.35840051308130016
-0.8488807392286657
1.8165356241367554
-0.21201258192410405
0.2242949505003896
1.4489958852923663
-1.6064053639721445
1.186231713356972
-0.8834842672073868
-3.4719725794765712
0.6942297255634595
2.1770380906000604
1.7808497443104825
0.1768347707851045
-1.4318851662430638
-0.9602198502734218
1.0650198403279427
-0.7784603593828161
-0.6605669494769683
0.8519881486160511
-1.6217508496321218
-0.5645104290878462
2.511297161452477
0.1085721271715625
-0.6077040931285604
0.4526116259297624
-3.5853616303092872
0.10396109384303664
0.9927587947033074
-0.3324114407480903
1.0153715523565638
0.8556080270470725
-0.8317947690593815
-0.6400221623248261
-0.04459775551795857
-1.4913462006961726
-0.4707341035764422
-0.08386576264190371
-0.3972360113694515
-1.429098889326629
-1.7806550310219442
0.028733244167634897
1.1013429036582656
1.5864549660407432
1.0922222438566656
-2.235221226259731
-1.7470105060638697
0.07240637120211568
1.2275405990544572
1.4981283757497734
-0.7929725034040098
-1.2095076275103156
1.3604620048245915
1.1697253585331109
-0.8453081277836645
-1.058243169069778
0.1052291967760281
0.33332819669624475
-0.4661984807201417
0.4991271188814018
-1.4685841492086105
0.41362072308872433
0.5144746512872269
0.15519033824548706
1.4484658901605139
-1.1034082244572392
-1.643158333041336
0.34100641879708216
-0.31704697101589113
1.0918885972179506
2.693067107414951
-1.1545822247344377
-0.2413057311952389
0.9664893603143838
-0.9337609888159246
0.14593864297060674
-0.14407832671584608
-1.5065227857218564
0.4664980393018029
-1.5191688662247669
-1.1631367368767977
1.4233301474313245
0.373783460231035
0.38486981227485495
1.902790240197735
-0.7965289936244161
-0.7985375541838197
0.37600713802459684
-0.321029474817938
0.5962146784012321
1.81494549977606
-2.140430785863564
0.129956173166757
0.589117927196038
-2.1636763149945697
2.567787508173203
0.2348508652273842
-3.519465678129567
2.2732517623803403
-1.6358520844455948
-1.9700711087784626
1.5987477555201388
0.8228389131534872
0.7180231938853533
0.1025155163080615
0.474482255523909
0.09017342979861065
0.12667454379408205
-1.2432704304275302
-0.3890612586677476
-0.04368911328777614
1.0540351806880044
1.4021905566027941
-0.6364122262376308
0.13500034420040052
-0.5902519262729015
-2.143725309468534
1.4647019598106057
1.2386746870288863
0.4118005551417793
-0.1714454674119661
-1.6563916555644207
1.537582211602981
2.513803249045907
0.09535389563624397
0.6404785194965805
-1.768725265898024
-2.0142727266105727
1.523050039626987
-0.1459543690563906
1.7304986479626785
-0.26358049219950597
-0.23393794117794298
0.642682227698232
-1.773294099319862
0.41514127278690793
1.4197000801387174
-0.39737593581209074
0.20587420992517896
0.9822109610722456
0.6547143450771027
0.759059351378153
-0.40398951497216506
-0.5030799605424673
-0.12469252555075491
1.129936212941085
0.5151456524304385
-1.093707508953925
-0.9899180980043206
-0.7368507611613481
0.7664592531392649
2.1962409731790817
0.7392776757932582
-1.9094850589122834
-2.6060040195245215
-0.27597958808865275
1.201910081371107
1.5635375445244004
1.2095172461745238
-1.3818771787599795
-1.0918502737791163
-2.196237227414361
-0.5447132788061924
1.6010764047005634
-1.1087672126580914
0.7486773570954234
1.2838413365153687
-1.6755312274162195
0.8814219572976688
1.6809483350434278
-2.472786515646692
0.5369973368562336
0.2761916652499786
-0.2425488597990344
2.6246808366874883
-1.0831255563502054
-0.6856623361847893
-0.4333740140831561
-0.2813234070552795
0.8587362977948956
-0.5936824278388233
-0.7050639012837531
0.6586979279904959
0.2795839998810892
0.5890683180935249
1.8964503818122251
0.18610098172519918
-0.29425051132363367
-1.0275983582152484
0.10470065999946765
3.2619808748616284
-0.4452321492665452
0.6785133222688331
-1.051306940690009
-0.9624548983627443
-0.6287172816952412
0.1569618847939998
0.6526397826771783
0.9029802828754375
-0.5422349128418037
-1.814923010863753
-0.18149140796951926
1.2918143402055466
-0.3772961600292497
0.9160029023808228
-1.5939039148084946
0.01585034433099608
1.487083091280192
1.8140110134225542
-0.2497803121683277
0.22664509279487344
-1.046614906679472
-1.2304734180632524
0.12799776540868524
-0.08747998819328417
1.7370691288997113
1.2685847060834443
-0.30208956810048704
-0.19525227110481208
-1.5387113396872367
-0.5371759701295562
1.054942490223297
1.3368864341966011
-0.04081248613816685
-2.162863994480034
-1.9403362084940512
-0.5805237232413978
1.7265366159673086
2.2504345392447167
-0.9069077563576835
-0.8984872615325422
-1.4527518238642674
-2.176989044804226
3.289742185528588
1.3673417515752733
-0.8887018778758343
1.842001626326542
-0.1883967459279039
-1.8096302614829454
0.7104634937419748
-0.8381224313320276
-0.4416252133410917
1.241562739294932
1.4184976921603805
-0.0269364710184202
1.0080729535820443
-0.21314930312955682
-2.66505382692576
0.24130718215129948
0.3788899823156016
0.41308719678529815
2.4569226534013535
1.2609922551328336
-1.0297988767031505
-1.647148961838786
-0.9633452766283168
0.17207072328140505
1.057898680618747
-0.8949806438147714
2.1427349673728977
0.4138179379795573
-1.692602523646522
0.8641663667562194
-0.944946312800496
0.9846126166703706
2.266807279395166
-0.3173088648576685
-0.07674248758157531
-0.035203948322645784
-0.6886693613760344
1.93610461828683
0.06811104708761673
-2.9995908093618624
1.2988732487135
-0.10501814156199185
-0.7523715215602697
2.855752314317223
0.5095175504490288
-0.3847947712203461
0.47041033871103793
-0.5188009585521486
-1.1711580291556425
1.2714501456450844
2.4266614949705447
0.5519874127791002
-0.1745053436441089
-1.5848824610517078
-3.6598226237594753
1.5798929061039697
1.6805765551915273
-0.16512424363218808
0.7867894236033111
-0.33831259291441484
-1.1736346429184303
0.8704998147289564
0.6687893128772496
0.23034076268309384
0.19293570263247933
-0.093707332339931
0.4930703960848509
-0.2992124032040344
-1.9233988923075895
0.39755818962271117
1.5302195639780578
-1.268115093319762
2.0751239644185606
0.8045046372084323
-1.9544108699595113
-1.1263581669358453
0.04108229986131755
1.1235875263640587
1.3603972394909647
-2.0158272555478574
0.7249047651098172
-1.4215394176763778
0.9032202398874487
2.538252804339472
-1.485564923317754
-1.6306408954203309
0.6323556394618697
-0.12517381459563626
1.8576422475458347
0.04936127277650726
-2.4627099970085964
1.5219060718945592
0.9802253502368642
-1.1663374382636695
1.3235275987593713
0.11471707814225485
-0.49698729715926315
1.7444953618009182
-0.19335642585739088
-1.9766467406876447
1.0605090951288674
1.5371950456060572
-0.1692207311810544
-1.3424760062086463
-0.30068057564657136
-0.3590177280762705
-0.21471319664288868
-0.12479557849022571
-0.25811306465772926
1.7178960726360604
-1.5580072580804465
-0.4430312475170892
2.0838923467481947
-0.3754837277847383
-2.523283207268846
1.1517064480052732
1.2801899626212125
0.10459953053395643
0.5328846322542042
-0.1921365484989359
-1.9670353873470794
-0.9575616545899484
0.11039885931998628
1.5962775604372104
1.5627802573927407
-0.317004983417246
-0.28934654158236073
-1.1925440906396476
-0.8176107369527472
0.6439075180854805
-0.1110627735397609
0.11472928341015987
1.1146851983293888
-1.2130428554859818
0.1446542669607701
0.5844684644769549
-1.1797273027710502
0.8366072500078978
0.6033703920318961
-0.5042023556008984
-0.14210574839221124
-0.7691175372403323
0.14801863240000995
-0.3196384181496401
0.23288981935332223
1.0834669308641796
-0.16624315273319978
1.6229746449451041
0.287808347884547
-1.6283063493072583
1.2437871878584934
0.5448455764775623
-1.4490448872631412
0.045251098883472785
-1.4666499093355667
0.5203711969781222
-0.2646487416923484
-1.6286838216852701
-0.6190487527599663
1.071786241477096
0.7765820897610587
-0.4493412647617173
1.532005602362034
0.2698456224534335
-2.125008061162453
0.02066955475365012
-0.6516772759998355
-0.019814725408929257
1.9603213831123325
1.2629483857445454
-1.4088786068011587
1.0554165134553462
0.04996777142029507
-0.8757103218321834
0.22849827453147264
-1.5399950781084004
-1.9568509143526513
0.48780021997961587
1.5379918876785657
-0.17563675546377766
1.6661162120106945
1.8044245874713958
-3.958325697116715
-0.7316885070698866
0.6664436401631821
-2.305310353769099
1.638469732271443
2.00216399534203
-2.0370106458155606
-0.31539552191891534
-0.6610353423170394
0.10700586557906155
2.0380621772156102
-0.34533036480398593
0.6099310715104768
0.6744058766777858
0.21525572066147314
0.39793908925296934
0.520131991360151
-0.08332730573402697
-0.5732396480860815
0.5050788849050872
0.479965645999313
0.21017084645247638
-0.5318045425192308
-1.5582431164143729
-1.3486766383186144
-1.7234855684787003
-0.20311836303053998
1.3565215795395997
0.1234125769408001
0.1471563921242609
-0.9016271384532754
-0.14145390061749608
0.17355073032623614
-0.7817884141863485
-0.45969627483352404
0.2778505445418692
2.343787634641453
-2.8087353993708715
-0.9014986101230831
2.292308092260878
-0.956618735303209
0.4415071458532368
0.8412560454159335
-3.4243622052747105
0.40554113588348045
0.8081269955949401
-1.4856238379831315
1.747817426433166
1.0437883677148232
-1.134357983978495
-0.6955525796061303
-0.6197956197323526
-0.08502445738471572
1.2025337023839018
0.3717313209068078
0.6707872224100125
-0.7150862048714105
-0.840960976956062
-0.42180252842496874
0.08859919954892927
-0.7047213714357731
0.6206541946063147
0.7025748386573507
-0.8456986052271551
-1.7363687139648307
-0.859195095541275
0.17577110227980458
0.8941432550553935
0.2343768422011573
-0.6550096969182311
0.6720257850177808
0.7435297707870816
-1.3116248616333537
-0.7649718468509349
0.0361639170104302
-0.5297743717890071
0.6590465236358907
-0.5505803824542466
0.35395021951508165
2.3910237295104557
0.4126546814860351
-0.883793122972156
-0.6444384107625873
-1.457918387230122
-0.4972960134165733
0.8622452985198933
0.8391595910946573
-0.23913161069053018
-0.3188364701149728
-2.5597262982135836
0.9427355435335466
1.3198652746702608
-0.53484993290611
2.3716857119959576
1.1155978627621992
-0.5852569521212452
0.566749412836467
-2.3679916453040404
-0.6594346849576446
1.7440964875622003
-0.2552275413501398
-0.5695972850474298
2.8862976553061586
0.4315607150234241
-2.0494106889503065
-0.9198033708737938
1.1393988073535357
0.3317980693278356
1.8356827821637975
1.4031401297664723
-0.9819108367018956
-0.5898417864240127
1.085413422777994
0.020903006730952745
-0.3733348809417333
-1.0993282563897173
-0.5172749950579529
0.6933275600978983
2.1757604208877916
-2.0121089654860675
0.5950224071625398
1.356206205625854
-2.6070603811913657
-0.3447591048425851
1.2468764203734406
-0.0891112143156288
2.1500987356403307
0.11903199101292718
-1.4277256196366213
1.4642555494001195
-0.8041508429933119
-0.9602910149386221
0.49446221491503983
0.1124422127589017
-0.48057032660085686
-0.3920086342597685
-0.037507070226960953
0.2764071403723376
-0.3831900096826497
1.8734948396349769
0.027629954683793978
0.022430028748712916
-0.2458334375617248
-0.992603165561376
-2.3910241057856503
1.7703558861675803
2.4017237261813147
0.6345032639594037
-0.3267103263808718
-0.9651055988658961
-1.2603601846298271
1.032015231754328
1.2953149811707423
-0.00022632599915634044
-0.472639415574445
-0.2815753620732573
-0.140434544370448
0.4842667763239574
1.395907239415259
0.028233312871050714
-0.6436651279202504
1.3336847040077662
-2.0037699445807418
-2.038620274690055
1.7122469042796005
0.9802996133015561
1.4742319062283555
-0.9013716353928076
-0.39459967585292
-1.366710780552254
-1.8582862770920165
2.7692114292085717
2.9111440956924737
-0.5107983598325334
-1.7916256984312595
0.42292571436739945
-0.44763011285917625
-0.5116840709743272
-0.9062972792786512
0.18875339502753036
-0.22886230223955717
-0.10236335509841402
0.2146491499068902
1.3425981098073723
0.035810478399330825
-0.1698956912643792
1.4871805543516405
-0.7023471864944008
-1.2120380858929947
0.06854093872936373
0.14949476025023972
1.4397029595071729
0.7849591776360245
-0.6878333590061064
0.8930526687749605
0.29608101514099544
-0.5104098341083163
-0.5180714292035031
-1.7240486834757704
-1.0371566802204806
0.26958124016947604
1.9366670683160336
-1.5743113556003971
0.3525610964535314
-0.7451772545913111
-1.5843579744657272
1.0246967837877483
0.7795296684451731
-1.091867943624556
-0.9835940575657226
-0.3233307947491014
-0.12053392261781018
1.6427448609510966
0.30491738101547783
1.224342086698655
0.8149690179736105
-1.7722816589567865
0.2264000547311551
1.2085616936579262
0.7672616768911278
0.268670001346458
0.026828130352168578
1.026582519457412
0.125640657823974
-0.5737661126082068
1.9260547811031221
0.07416774966248935
0.6919941383207271
-0.08081237070243472
-1.9486495782671707
0.03239704141951531
1.5821913314344487
-1.547357175122685
-0.5457240221405303
-0.4285504992128909
-0.5786513945619387
2.2249094041521227
0.09139013571136617
-0.6143754807139797
0.8538712245838007
-0.6202256745629755
-0.3120597441813029
-0.24731372728029777
0.0905749895660306
-0.6967475477314327
0.8059412334886138
3.1120621195555604
-0.09861460079129636
-0.3113171832933861
-0.5254843209983677
-0.9579133730469205
0.014657777584672238
-0.44866623046308285
-0.14042202908839563
-0.7114366192429694
1.6591447678948466
0.6406666378738544
-1.7370280627784767
0.3727241279263368
1.50464055416445
-0.31467676346252293
-0.6198834205169858
-0.4698226605281022
-0.4844627153081901
-0.6102249214775488
1.1855259164779075
1.9081972722791805
-1.521751822847032
-1.1902899475618234
0.6974986014725689
-0.004601587642285965
-0.032300093651808415
-0.1252336361693337
-0.22676883919558521
0.8756412374119582
-0.09788322029952323
-1.0206388406621774
-0.17978685619334384
0.40498001076494944
-0.4808017586991665
1.336786044613068
1.4746947049091779
-1.5617746083627821
-0.990338970946181
-0.7975167476205025
0.44064665852822904
1.3112606390407924
2.7493799093451985
-0.4877256323389452
-0.4153630971088105
-0.7676351843813385
-0.43822378703483733
-0.5925857904470667
-0.1937107336216768
0.4641116787806411
1.1273807067556905
-1.4317825800222743
-0.9255586465503107
0.4071581172485345
-0.24022141286226675
2.24631886887565
-0.43993892985352445
0.82986232083138
1.7772593070477656
-3.0622771011689442
-2.465985636437694
-0.5337819473568768
0.7778802521091199
1.4633679185784039
1.2992034668155321
-2.2448534570893504
-0.8713359868894375
-0.9125623567438212
-1.208284135714948
1.8301261187239897
-0.9591144805545266
-2.240571398339343
0.849721784052714
0.00519229056600215
0.6304009801571177
2.349612157137921
-1.9522023095629344
-2.675468577660893
1.6253536623535831
0.35742426613871514
0.9323090224992258
1.014539061601722
0.4644289072284369
-1.5436071340944535
0.7474161117640286
0.3782831346966605
0.6580775708480063
0.7786352445229919
0.17248189769415956
0.13845437143284212
-0.5774178700299353
-0.12241432040331984
1.1687495681704636
-0.41393359293362464
-0.5877645545044878
-0.21013560348675797
-0.3453309895559515
0.6014461177473585
-0.7037505887330407
2.028561856008921
-0.09222747599566206
-1.7727959942683376
1.461094614451163
-0.9753304566147022
-2.562714608860442
3.258353298270078
0.19116850947375208
-0.11873484293715353
3.2571565912497693
-0.09702103651798488
-1.273626354391534
-1.4644425898838236
-1.7698596987062274
-0.6768027597153776
2.1115350886487914
0.6551568274961064
-0.040766555617994915
1.063988031345302
-1.138419720062234
0.09181887769246455
0.13342245501931577
-1.1136400012074028
0.9916902875090725
0.9677535972826037
-0.8800598253907995
0.01250838958507277
0.7820275982454312
-0.9106566283564469
1.9803953385200808
-1.577788925788382
-2.847689233282653
2.991413637731034
0.9399482789675636
-1.064061242646836
-0.014849640237369788
0.07119674396237374
-0.059951865349505806
0.7356114626281338
0.8206001574949581
-1.8785699122962183
-1.0249206351810358
0.34152332315757217
-2.5893013690576354
0.40638798494530026
1.6659618166915844
-0.4921559266430741
-0.35043673537436526
0.5475309566589259
-1.9933541632710812
0.17888184890052358
-0.029724304078147634
0.48172038904633835
1.080838845934403
1.2161642621989346
-0.4321885721185244
-1.3536896901957847
-0.7884217856654838
-1.0725673438520151
0.2899682802893703
-0.6094156509458453
1.2278913069375188
-0.07387284223353718
0.8926726576875126
-0.0550968630756109
-1.331747633883599
0.9564700248935238
1.1483523430021738
0.40271466248216653
0.13228189454101352
-2.016257532033928
-1.9665253577526793
0.8535409664131811
-1.5664744535535176
1.479512217834607
3.7877826050021364
-0.835337775293598
-0.7162458901786666
-0.5058881557307779
-2.5693556815582346
1.5202104999373285
2.02494683599647
0.8554474048524737
0.2642814321762215
-1.4682108670235592
-0.4503004552970302
0.5575286438505176
0.2938202749360658
0.3425111811168433
-0.9867790239281233
-2.099396281906513
-0.13255244136586064
0.14345164791215081
0.0751376881799154
1.448783068676668
0.1352497608141403
-0.497377991949822
0.9490446142107589
0.05312756053363432
-1.2215445681967576
0.26669077153270127
0.4706605792502349
0.5295435226580165
1.4938773237221752
0.5816944950531007
-0.25092233862207747
-0.36335834766381997
0.1339492489398424
-0.7493893765147438
-1.125155556020497
0.6983298183276487
0.5646191554492098
-1.5907912825740396
0.8163352889982585
0.0742500376865255
-1.8566661150513228
1.0629685474507253
2.6695598955822875
-1.4479913477274784
-1.214357494888622
0.14909660723379278
0.16751477126688152
0.23086794138807015
1.8613372151988594
1.6325928598210784
-1.560139424299027
-2.2870575318832476
-1.9215989092223522
-0.14133999334463748
1.9981404668396934
2.0242907568705117
0.22929661333364715
0.4297898942536429
-2.4743967196016943
-0.8835202368842282
1.666841346261951
-1.1414959329379497
-0.424989024525364
1.2193026402523723
0.2358765655878804
-0.315658676458887
1.5790255278699619
2.4409606840953604
-1.2953135310744686
-1.2821739496600704
-1.071013304012758
0.028633369027475597
-0.17734925280536507
-0.02312917744550569
1.652646639644641
-0.16317161281940354
-0.7525969922898551
-0.9608026275518089
-0.045397841276704154
2.2358129776604025
-0.8885368933477619
-0.770965905885914
0.685263873523424
-0.5666379439099056
-1.4706290059149403
0.49213075717331756
0.45471026597106656
1.5137894749480407
0.5734330447449414
0.0652464266610453
-1.2632310100385924
-1.6291771225940677
0.5765468947474535
0.5648297879640017
-0.7762705509006289
1.5023608626235738
-1.7711879993052124
-1.3083576558443737
0.5124292798101664
0.236133566164843
0.10877637319358813
0.6387510455727526
-1.207475138309789
0.0563953055675126
-0.12747531718974714
-0.32065059424240544
0.21778792929768614
0.9660734134101188
1.1193456383613292
-0.5010679560471419
-1.5437177317835664
-2.6617885483236936
-0.929256126145685
1.2170594024523282
1.223467694166057
1.3586584020053796
-0.819407681985892
-1.2279465401259095
0.7061879160744832
0.7792372747686472
0.8194318303879826
-0.8357390613097337
-0.9469323626959668
-0.46698215609709975
-0.5616758780750335
0.958777889391069
0.6943629539266194
0.27747750256592474
-0.5664965032293193
0.8728881372652211
1.126090679816934
1.3460639925183289
-0.4518483897028542
-3.5746818570632795
0.02503658047022861
1.5930191820302584
-0.3635531272030006
0.6746910891648978
1.6829161241917792
-1.0847351389475774
0.7458410317869952
1.81951023969898
0.004481895730713559
-0.6406297442598257
0.8115602664203893
-1.375056193395177
0.10093295697112376
-0.48821225789713885
-0.8385876272941509
1.6732635215425062
-0.12033298268530557
-2.4647461763045406
-0.6831743284044415
0.34759716709629046
1.2383105017021991
1.6804297552581842
1.079869601444792
-1.3427973281126118
-1.7739568811902293
-0.7453095984816829
-0.4178061591831781
2.438971756577261
1.3648536335035972
-1.5166343118276084
-0.8480073284165247
0.9573545118189306
0.8655226299997738
-0.5578585454985949
-1.3801037824869602
0.6884469323462602
1.2929835976667898
-0.3194430267666461
-0.28057549785194497
-0.47644564878651685
1.5368906487403566
-0.6790908385826175
-1.3062835107695878
-0.23777514602035443
0.6173106258556675
-0.04131877687860308
1.140846491055554
1.0568527843000939
-1.3426772001033154
0.32006637911684055
-0.22674096909474534
-0.3163455453523265
0.5826687421952499
-0.6507747864515123
0.1394902988806522
-1.8901675537230518
-0.4233204475276881
3.0951000881368165
-0.6256913532986235
-0.6761896206424669
0.35677340726575507
0.3171709478020368
0.14443198095318097
0.399525165677004
0.3518744805048757
0.10394047103070475
-1.7531840159579781
1.010557594600765
1.4411805175706676
-0.38818510069419254
0.24564618523471715
0.6278410009563109
-0.41266344802235755
0.35491917535426143
-0.4397867446034078
-0.044214251926919024
0.4841683922983746
-1.3797793464632233
0.06932223243119467
1.621718130371708
0.7273842815819401
0.37851002089319785
1.9583949844566155
-1.1311107859995115
-1.3483350548031021
1.1184544752387282
0.635028572388125
0.19562145345499093
0.28691174999413027
-1.0348723896977015
-0.0057622227105395
0.4820179890258487
-1.04167771900718
0.39022848761173057
-0.30330697871822065
-0.3318026905645937
1.044758429381857
-0.6571560783342872
1.0827811693661578
1.2139686999684216
-0.6739125549274354
-0.04147821951300448
1.3171920897546103
-0.4824280875104111
0.7697476107503461
0.07000503963041702
-0.5365719852815328
1.2807428095469746
0.3071087966039928
-1.7507634894860524
0.3481735550680518
1.3228758708676212
-0.5253168716103745
-2.21836010532988
0.6802073112304026
3.4474142732972335
-2.0921756542281873
0.3376691388059646
0.7139535007553273
-0.9265082670289133
-0.39661248034262175
0.4176170167976633
-1.0327595316938594
0.770833173035792
0.37960665758306805
-0.0073950129713094
-1.029437562363372
-0.9570689813026002
-0.821243564957196
-0.27300244426344705
-0.32893241336409096
-0.4005320887927756
2.587663296017509
1.1705845946082294
-1.5103070900819482
-2.2893933162737716
-1.4266139943721377
-0.645925740025545
2.3057121527360014
0.8762943065445948
-0.2902212941801987
-0.9209149772806805
-1.6138248510373177
-0.024714305609530376
-1.262804415024314
-0.0672584930359843
0.30829475495246905
1.1183813804635547
0.5057908135323114
-0.19973627963444285
0.2883233429494671
-0.4808065161961808
0.9533949272674941
0.4373989572566857
-0.9418870579680241
-1.529075684935873
-0.028373104732562045
-0.7975117463902389
1.898290882618107
1.843341552851824
-2.0580805625602974
-0.9919975168689272
-0.6469275090968624
0.20884204914398774
4.106054815548614
2.998706225663136
-2.5235043041508276
-1.6693027261973885
-0.7741963353600416
-1.249319884444724
0.9740011291849133
3.5567394536154158
1.579535871970068
-1.7843197039356047
-0.7695258972344742
-2.330170244883532
-0.33415024081827416
2.3031151238112764
-0.5108515287348485
-1.2945517195493492
0.9679650893000679
-0.10930773468515459
-0.4833437724135081
0.6329024380575504
-0.12234153647009133
-0.20797122844801902
0.4047850603374466
-1.5710638121355167
-1.6521723818927376
1.3504304078681035
-0.5186747807070511
0.6433851955875934
-0.9227450755198383
-0.34671605176168563
0.6269447482540668
-0.31530021242290307
1.2840636159384027
1.561386161204369
-0.3290212177563584
0.13377089407493548
-0.7970538670301694
0.40448367948483277
-0.52167147260413
-0.7799773116108042
0.47312595569711097
0.560935362341016
-0.3155045315860483
-0.9151196438103278
0.938008649346976
-0.4008043721334236
-1.4190634281316703
1.4655454142962663
-0.3282122464497061
-1.1590969534774938
2.4992717688163206
0.08209191920932563
-0.08396451652571701
1.1534720248324608
-0.8534287852282567
-0.08857345129599492
-0.12518266116089183
-1.851098961554309
0.6399795793216801
1.1674831271821149
-0.16844922052326783
-0.8240139759767842
-3.001227987680176
0.26248588151595736
0.6232234708445159
0.8795070637054497
1.7857761640406842
-0.7558067206787561
-0.13588285051229443
0.5105973612072965
-1.5393158090681789
2.0166992692023973
-0.16712003957671517
-0.49676246688105974
1.1763189598816162
0.5581736685902007
-0.4059492579252671
0.25242719116443396
-0.6002146525850411
-1.249453444444164
-0.22043372713770049
-1.045825528911719
0.5724087892354022
1.2715640022600834
-1.2210966629384699
-0.3251460717738127
0.49851586274479853
-2.397923088635192
0.9621827921139405
1.5963784390660798
-1.7541557000512358
1.5031531370650897
0.03714479733425752
-1.5153213319356187
1.635976343466572
0.841853249904179
-3.2026387018117957
-0.31176087744647
0.88398992721262
-0.6463264043791679
1.0224180744773987
1.6557368288933343
-0.07903696607940647
-2.5890758443442383
-1.7875902768686196
-1.2637376049103861
0.534561758816344
0.9624501580568073
-0.7934452707273397
-0.7419032097584444
1.2705441591701705
0.516544058514183
-0.33382059247808593
-0.015369536393222777
-1.6368578617320677
-1.5193413069388346
0.9863593732540045
1.2652045236168559
0.8637022253346782
0.610338362427429
-0.6743490522537001
-0.30828892315931156
0.2682261974996012
-0.02291197853707924
0.12907701310418834
2.2316269487384286
0.8182890426260858
-2.889009344564987
-0.11375820779748613
-1.6329789080866641
-0.4599433916443112
3.3088616419622694
-0.6285437922491995
-1.8209395961653665
0.22077967334379123
-0.6522134896633276
0.6625069312492693
2.165942844907709
-0.8613190773378716
0.9881338132877399
-0.253247940225543
-2.5390601429184922
1.3762957208544742
1.4068120648129612
-0.7031490306620835
0.6375039974529018
-0.2873541318175054
0.6371266811998555
0.4046900676500175
-4.113151808879223
-0.7745260286318929
1.6402325440300025
0.2772472658976809
3.068349292802985
1.0728571204455826
-2.7491075383486434
-1.640555217307857
-0.09902964333116634
-0.30905059885426267
1.612956849234267
1.1938213007484753
-0.25898648919150913
-2.1538564099122293
1.2741311874901846
-0.7220605657878323
-0.4351440207692451
1.5906835712089638
-0.11083300052914918
-1.0072173017875656
1.1239800683474703
-2.208825584600416
1.5069678542818437
2.418611943183425
-3.5808474894225655
-0.7075037120749561
2.6654159904247887
-1.2855474435086647
0.26633848140907324
2.1697622117648385
-1.9784997819346763
-0.8638819684959778
1.1218181984155242
-0.7086128889971267
0.24273458277802953
1.0500047347590138
-0.4370065877508952
0.7094376504608617
2.065911648350696
-0.53119771347751
-0.07084637677689254
-0.690576001577407
-0.3157672257540304
1.0777612472048905
1.5213121706307526
-0.34230685273177375
-0.2527229299165617
-0.9127978099711109
-1.0277203026288046
-0.34510842468097536
0.6772239140319661
0.054453056201145156
-0.28476972597686584
0.1023441842938986
-1.1175899647682355
-0.3681925554888762
1.3761123941381705
-0.8516719697053994
-1.8965302169237024
-0.029259802179074534
-0.013878239858554242
-0.9293179757086216
0.9634864842175105
-1.6487750417436644
0.743996485205785
0.28212107338962267
-1.6909686235820869
1.5739041139455157
0.4895854895261336
-1.8220228930375115
0.44812249526893305
0.402617631242455
0.7965029056529157
-0.22023707645837343
-1.2754768559251948
0.9292474271604738
0.8320055189702489
0.013132667652305363
-0.39158012390267205
-0.410014798238538
0.42547113986075064
0.5113076333098358
-1.3368007848047114
-0.44460624919688985
-0.12504796002847385
1.0809480706103565
1.6811446472789893
-0.6312013571455866
-1.0756677897645355
-0.648504916643492
1.299923981309648
1.7588306164672038
1.1624984190869623
-0.2528508081966755
-2.290464518452043
-1.1110891749223617
2.1003841891765456
1.3956975702813967
2.9066560698054995
0.9446319612804842
-2.2572374566576436
0.5588972437234969
1.2138929605782858
-1.6198161740235415
1.444092351091343
1.3913199543952173
0.07507932327620948
-1.2753131091314207
0.29201005495124166
-2.516699135002046
0.3638408672695772
2.1269176205044937
-3.1149586931957454
-1.081098841056151
1.514780923063872
-0.2875269635403712
0.9366128610175862
0.6175849697173215
-1.386516997593439
0.3239005583802097
-2.3470864968340557
-2.5643091735608556
1.9385299352867627
0.9888880252480192
-0.5183439480522444
-0.25941099334124085
-0.916914428291033
-1.360941645377905
0.24236768135575687
0.28079181566160905
1.0296680013339015
1.1793834501272653
-1.2444064113687048
0.31138446058882097
-0.9297500881994746
-0.613871177956035
0.5568639040027661
2.0543260410621804
-0.16684717926355963
0.8766759985188606
0.13841276362736132
-3.2086184152298336
-0.5000094263198431
3.367813732894576
1.7360385693392837
0.0309759550806218
-0.16916265037584172
-2.273330400003489
-0.42569165567139655
2.081139422537481
0.5403304008728678
0.047247348203363466
-0.8262118567492429
-1.9343713837554077
0.44357252410799225
-0.6231428997612526
-0.589161963192833
1.1080293931422547
-1.1236892098383355
0.15790277061930708
0.5258422187267069
0.3056696296112118
0.9071898619059958
-0.9240058906629696
0.20260047881036292
-0.5071086823883243
-0.05024335877755337
-1.6475136293972372
0.8255885786651311
2.131473654967236
-0.8762513439391373
1.155787094081267
0.3364360010213308
-1.772902585689832
0.9432870300859129
3.4781847295921615
-1.6174888347407013
-1.290530383288345
-0.578319887488084
-0.6815662963896189
3.3356713221457612
1.6059729837457866
-0.8573161391585855
-0.5016113042252963
0.4469145834261923
-2.5119773028301218
-0.7164992034287286
1.1697499805962728
-1.1198419635158254
0.9148730897663674
0.20264990110404724
-2.7217302137338026
-1.007026932071148
0.6089959547638737
1.260942363002328
1.6810730855990534
0.2832538522096575
-1.2555219256437407
-1.2170726167730765
-0.6304874002943899
-1.5291221340101488
2.339278597165351
2.0709349181289407
-1.746596064748886
-0.6871694046689178
-0.705565163374389
-0.7144334936910939
0.8185382517126023
-0.4611805923997805
-1.136335331380562
0.2636841325353816
0.8161825409050163
-1.9107435497315723
-0.5395616767111697
1.1664453214663641
-1.5892359231306867
0.6244091777732548
-0.02566353079427608
-0.9271213070842017
2.689625680712189
-1.6777114429853706
-0.3857019679729474
1.924084143442478
-1.5872908607742109
0.4337459954286407
1.16765028851623
0.7461626038392903
-1.0564160099894522
-0.42350802282989114
-0.5131622504229423
0.1530925144793602
1.9706510120751988
0.1597609602655361
-1.7585047771752997
0.3437337198799797
1.41323772956655
0.08391411201488713
0.24129571902964012
-0.01199440715373093
-1.1634798776840756
0.5388309008316499
0.5637426553564477
-0.3435455559429401
0.3714409287279821
-0.5063865679890571
-2.406619284478289
0.07161491471152465
2.158848856499861
0.28607500147306475
-0.1281740482209217
-0.6812937164066769
1.1590392458969014
0.320581089713854
-1.8765449581958888
-0.13627205533332443
0.7521349097309359
-1.4354139307497586
0.08941716680522627
0.8776425622636091
-0.8613873771125796
-1.052261003596177
0.7944459563638366
-1.714807922240841
-0.864643915842441
-0.5859984227689208
-0.35641263521574107
2.69233862023724
0.17914298908888365
-0.1882396669055416
-0.5940606615883878
-1.9952437438963708
-1.2681017738553737
1.0247089013540458
2.596960442542004
2.4720530897208706
-1.892200549642059
-1.0715178211594756
0.12573602504964043
-0.004017684835175062
1.3824818235312948
1.9487492044069732
-0.806475060353055
-1.1817648638185165
-0.283233490482531
0.49624064463867446
-0.4733097712331973
-0.5771999353001447
0.4958825356631173
1.0414084735250566
0.8633802992384328
-0.9022428420191191
0.03830983495181617
1.2881404487263362
-1.3540858277271492
-0.3586401473070277
2.6742312926490506
-2.053079981547538
-0.41172602203985587
0.06442165836990665
-0.7003392726210804
0.3924804705105839
-0.2928878322173192
0.11667175013729364
-0.25100325001380286
-2.1981683561414975
1.4622915332565856
-0.8415244289985453
0.11966068157425658
1.2742502887102827
0.023648024242810428
0.965065389647142
1.311732129021904
-2.1083703614198352
1.9197507594553156
0.9807294885219195
-0.9155896097215406
0.04793995047036703
-0.09947396008910625
-2.388038072725824
-0.2022915932418753
2.1264263038651237
0.24424541724693302
-1.7030198812750574
-0.3206651350324781
0.8886672105266179
-3.539748630710269
1.2607535235865182
1.8714429254090534
-1.164233629240252
1.1594948529165197
0.6617192133560645
-2.1314255615611866
0.5015558055081206
1.19109493524601
-0.8422550014867796
0.583417768563198
0.8036335655325981
-0.41453463102547106
1.4975812573597582
0.19091106875436242
-1.7077159450599204
0.13566979369218304
0.809404753158308
0.39963984880906583
1.294877536602537
-1.853450909893378
-0.36376537213116555
0.00943304418607005
0.5495531001399796
2.125930370600539
1.4643392347151865
-1.3598485995896847
-1.542885537623778
-0.3377989608903038
-1.2755467898762025
-0.7326300473933729
1.2378975332277196
0.7007096305935208
-0.5857339906526737
0.17469733909878538
-2.4685390903406232
-0.8066959958518027
0.7448977570511476
0.1919161269176011
0.27485992473669396
0.7569556327914442
-1.6325942323255487
0.4305857774610393
2.4064202605756986
-2.2792687531018476
-1.4956853893638054
-0.6726075212591311
1.52273156785335
1.27576484678191
1.1097803210161317
-0.12361401293578295
-0.1224302030984612
-0.2909399803650663
-1.1335601809862976
0.2850996586204202
3.1074016403742757
-0.4735375686000224
-3.184266581729566
-0.6949259665180145
0.9367608604246475
1.7718132665628177
1.7414621302721787
0.6636161558982164
-2.1298516956033993
-1.981750353870754
0.2345263302462781
-0.1722665480521094
2.72219079267722
-0.6595298408790247
-1.4748686467941907
0.4600192910182886
-1.4802775366664571
1.9079883040363832
2.677659642780156
-1.9703168916690448
-0.8269700422894919
0.019898846361555762
-0.8042832543256763
3.0978967195105427
0.30280272407530107
0.8955606439767614
0.42804148293916944
-2.4580126523274513
0.9167687083774932
-1.4469059298833031
-0.13798888732679437
2.9697185436749356
0.559732868542443
-0.3032307572118335
-0.7004370041263137
0.4825672295549197
0.9224992980070452
-0.3272541798124908
0.8579455109923156
-0.604815757693974
0.5214561330414602
0.2290690497854634
-1.4501338871598786
-0.5300390097177532
-0.6256388456429107
-0.38544901617664445
3.383412295945778
1.8893234949184676
-1.9671786384269827
-2.0093983870096928
-0.6127080111245762
-0.8374059499659765
-0.12871472337981782
3.174405149587068
-0.6995742055115904
-1.126094493970037
-1.0456180815651674
-1.187443637214774
1.2232590708542324
0.9795120440344689
-0.3624817537396925
-0.31545097916347187
0.1532423889889547
-0.1678372801466119
-0.5050155709826887
-1.0889791577908334
0.7611236123855442
0.4245977647267962
-0.4614658358974156
0.3235497071885598
-0.6923486679470373
-2.0217747872237624
-0.9264310018924757
0.6094743245588825
0.005188065414454268
0.1948718630578834
0.5507528536169854
-0.06792882411563705
0.11140955984737388
0.09255049578170033
-1.3797340837941947
0.27017386451501335
1.2621516808881963
-0.6479040504122235
0.33491041825949297
-0.5704356932921836
-1.276207895390435
1.904845416752602
-0.22212526364192814
-1.471441923950743
-0.6295911664354058
-1.3276444299442187
1.6872084492777213
2.1080306079539417
-2.200474994090408
-0.6803931947644146
-0.012076197453842585
-0.11970423053921786
2.0307876432045595
0.7491476111003019
-1.8967116451248136
-0.30184430767592424
-0.9169822687265642
-0.8483780098839524
0.9124860115114802
-0.14749123560177835
-1.7326524376896708
1.269606254405574
-0.119325016656526
0.22304187721109492
-0.33222106596287326
-2.677174459479555
0.4032915915257482
0.06491018122125736
1.5258769580046718
-0.07188140606824778
-1.883531449966573
-0.3119235547321978
-1.2017818235417392
0.24065830074436068
2.5953825855824184
-0.5262073363421118
-1.6392894777024924
-0.27751258804229156
1.4290352977674337
1.208862841918648
0.8048727336556921
-1.2589549586252586
-0.29296490643817485
-0.11936345484761537
-0.0749905345597795
0.8407558696165889
-0.33563490061549184
-0.6940155669803167
0.27287495168487197
0.867248463547273
-0.5508234852163781
0.9683666809105853
0.8162987394323843
-2.9636437987847977
1.0829128074786887
0.23695294126244515
-1.4643699860701687
1.3285305340695275
-0.8801018808408241
-3.200925703831025
-1.7047535954297424
2.6390104807235955
0.10559060171124468
0.8312072900556396
0.4963550039983278
-2.002128411289024
0.609517605880164
-1.2791318058245957
0.6803686636878001
1.2489209939570822
0.80582714973725
1.5275887934112973
-0.6011170489488268
-1.057413479611395
0.9405456106587862
-0.5762895922393829
2.305676554015673
-0.43274630582452156
-1.8977970187348616
0.3807157867441837
-1.6822169320221887
-0.5211090720554307
2.6462495975951454
1.478186532256631
-1.7571170118504396
-3.0752496823273807
-0.05054819646988834
1.2424478006362092
0.9314822596259257
-0.5894817210311383
-0.4765423589587637
-0.33979981654238306
-2.0187594871289796
-0.692946925419845
1.028406041808346
2.2537771451345217
-0.3916381812772478
-0.25088754988013995
-1.2942955322252008
-1.0032917798809995
-0.07552314146440287
0.7515223365761966
0.5770624696194226
0.016229578641748524
-0.3738748790224271
-0.880065226206223
-0.5837350395224847
0.6924833341559946
-0.1197409168618605
-3.336241806942397
0.11441010975711835
1.5043284338643819
0.6108583144355402
0.5815283807183742
0.5414517581051914
-2.4505137696894046
-2.980397523420082
0.23334426436387412
1.2900618665421413
1.5453585818087876
0.6708746640731972
-0.6200397663714969
-0.6110998797605356
-1.7529809450480682
0.021224201458787798
2.5183306731217976
1.5303737307582437
-1.9646340017915584
-1.8606913962873288
-0.7321135214547962
1.2085847097429478
-1.080513987192794
1.2253159326826504
0.8011692309374276
-1.3294991709341748
-0.07953988871151335
-0.7322338819923028
0.5525071959404302
1.4298493011177622
-2.6678648390188697
-0.14136503778315726
0.8735887772350093
-2.3162296384638617
1.4244209547869033
1.9489965521620558
1.1060373031450617
1.2436408347658763
-2.305611977204173
-3.006977676194047
0.10183567881212807
1.131100969744427
2.233006050922176
2.441295541099712
-1.2371840177445665
-1.8451545908730642
-1.0231174677008468
-2.5338360347442888
0.6316014801062723
2.334250110347675
1.6102108972880698
0.2378254263694495
-2.4019728561601292
-3.0361568878972136
-0.5924258700785877
0.15272260030596874
3.5104346900750922
1.8926086139240066
-2.6699264110850183
-0.6099857218889487
-1.6485987461964886
-1.326248670566184
1.2918630019317545
0.948337522197577
1.1159710048008522
-0.6399768759030797
0.7811274603818936
-1.5492956532962276
-0.5282996452909009
0.4465356573912168
1.430215384451838
0.24310334128459876
-0.7508057097004355
-0.8142860555150658
2.182769033477605
-1.1135064860053134
-2.403728919789684
0.7896257041507964
-0.5613017262790527
-0.5781715169182696
0.10498479631782898
1.3219896684284769
0.09053545101887894
0.6210169119431326
0.09809034277531842
-2.7207248447956873
-1.3855874892486362
0.013136286174188383
-0.5155628378828797
0.7004251287602424
1.4317603010422266
-1.7537365989142035
-0.6689891420168135
1.7485220050539212
-2.145603232256349
-0.7691570204389643
1.973463316003997
-1.0461601127813187
0.5797795628166214
1.1420192954745538
-1.379323055092907
0.9812236989279293
2.5938752461193233
-2.1106980823763015
0.2130290913111127
1.2040406329960653
-0.07492961056394631
-1.6649627108928673
-0.6944471583259282
0.9289441860299339
0.4516514320865471
0.6727040462348193
1.3272050988100597
-1.5116114806708176
0.6506372964155127
2.2554068491188506
-1.655226968341154
0.08237406669044472
-0.8341547042451779
0.4520198675864173
2.2205757018923453
0.5407385418505657
-1.177718216410009
0.3789085613002664
-1.2029053959841907
0.3022183966189968
1.4224010907897287
-0.7774372644576837
0.8881740249447324
1.6863200148084034
-1.142634612492707
-0.9853004497978315
2.487945526262472
1.8281713090449383
0.4312521792645787
0.013718674373266682
-2.70538273383347
0.05311630537465417
1.3780630768999684
-1.1654037746896475
0.26455274820699126
0.33696886871611836
0.037686977741458016
0.8578919501296556
-0.5764712478323959
-1.7497007599530656
4.8827032458786945e-5
-0.5738492870382418
-0.2564992945240556
-0.41114460550123333
1.1430900018049086
0.6929278914083843
-0.22073447824480574
-0.2049331034920674
-1.3450224234366956
-0.633246736198323
-0.38428172242257785
-0.3823974301650931
0.793284528663493
-0.8894102540393762
-0.1538710919757303
0.4688319957488955
-1.6005669006517296
0.6463460855815965
1.4698465473937632
-0.3486942814379017
1.7043835507188891
-0.11498841927108103
-2.4418229093161252
1.6655221984830304
0.5717620718778981
0.6096970070593648
1.1650939880957945
-1.1237055131466946
-0.3729408135556222
0.035440411734833616
-0.9809386613869411
1.769430215881752
1.3211084090528058
1.0736523111468537
-1.4528664359802592
-1.0937642948676185
-1.160228923037641
0.3483408925937868
1.5506039499918827
1.3057449861580166
-0.3515702158769611
-0.8487190349298981
-0.600324067211604
-0.8303282772084545
0.3000541243917526
1.921368171911628
0.822589165816294
0.6265630452713944
1.5130939096586113
-1.4367515760389038
0.1488311849981936
-0.9958197178983587
-2.3766062771051253
0.5773732179087634
0.28214055636699487
0.19287993140701162
0.7307860753919067
0.6428585157218738
1.257020930880463
1.5467910332212964
-2.3602114859166528
-1.1017139239430507
0.9129342396577433
-0.4531166156979032
-1.4776738487886216
-1.69417568650094
-0.04582764234434311
-0.36918981861899725
0.15442142052029162
1.1918079801936952
0.6576995451959923
-0.8714325247179884
-0.6209152116747031
-0.5623745930124302
-0.23063958955877725
2.8783708009133333
0.2840611422184792
0.08433493355123778
2.5858054507213364
-1.682714588391458
-0.6438706797095631
0.49474355712010515
0.6261563761616449
1.341266770189275
-1.9232984922063718
-0.21708820928417916
1.482377097564998
-0.9789311240183229
1.1943617508804443
1.6383004754406054
-0.0995237959870594
0.48751587805393015
0.48619122016276184
0.3511937027960683
-0.38034725725483803
-1.1134666502583106
-1.7174840415732209
-0.19062651973138034
0.04432238970668556
1.5541722026496787
0.46705779542597103
-0.22748523037463492
0.6800917164702642
0.2291937547507129
-1.3926834665225636
-1.0556776837927169
1.4630244176714604
0.4035757502917084
0.7058045928023968
-0.0837436259936562
-0.6173066728644514
-0.07039450203053181
-0.690979016066459
1.6558911330203787
1.1312101706520403
-2.3094273776052874
0.020236888591782548
-0.6541003799518599
-0.31784291163454487
1.7004014690878542
1.3127899991718919
0.14467925083543187
-1.867091510112506
1.7673486893952546
0.9502201084537923
-0.8446848080929975
0.1656679885131641
-1.8014813829102916
0.7932941244374995
1.8449392950662378
-1.6618082345832903
-0.06183418405035532
0.5634360513153449
0.7025191230622624
-0.3910904835918214
0.25399011010787126
-1.2584166889994028
-0.2774003012304055
2.0324618825535974
0.5173857500224394
-0.8463159205488135
-1.0557628205732938
-1.1719161483481317
0.1853067708442374
2.6657996155441976
2.2181101324162293
-2.493466028451393
-1.2022996428674244
0.9194412979967483
-1.3286438879434277
0.9993170941315201
2.5863076950883714
-2.3483617624591355
0.1531689620753366
-1.0287328934510476
-2.9136388639492115
0.5941196309412975
0.5766472912848623
0.10572797241797106
1.1398770997948449
0.8396425186113337
-2.6854477353899426
-0.5004290778340353
2.754336017159088
-0.7316840394790116
2.2502711573823193
-1.073900254816881
-3.1249612962237454
1.7610580425019844
-0.07914856928865865
-2.1198173873495456
3.081984722964357
-1.2496876740046596
-2.3969621228793416
1.3138170376029328
-0.776590279115005
-0.7433694836959174
1.3195632542211482
2.1380173620789615
0.20925345898267583
0.4919795076819493
1.2180560612159412
-1.4270807181829317
-2.4376505204160988
0.19907289831720615
2.3337900486199925
1.2528674350640596
-0.4069635778080505
-0.6315016370790942
-1.6650281328317917
-0.82374384623137
1.09842380239544
1.7645626764038365
-0.008923429469688549
-0.6777852328880674
-1.9176744786036473
-0.20062028172347962
0.2128738892895835
0.3565598008341762
0.7925744793002598
-0.4915695443541552
-1.3786700361673172
-1.20242065454941
1.3513943468836076
1.9260011471314953
1.550988624655635
0.3498367874056135
-0.9688016937332202
-2.025490441107962
0.5338775830386313
0.2989119800361699
-0.09647821767902026
0.4106730295573524
0.8340661241182805
-0.7168949308267274
1.5615688467577238
-0.1344672691468714
0.2152007861356231
-0.46030848327870044
0.5672366827560433
0.7853365382559496
-0.9440064741709819
1.6881117856206524
-0.6047198043857498
-1.012741730944237
1.2528985194400695
-1.4000801185093463
-0.5255439351100979
1.65976083574112
-0.6381731442566789
1.659591448364873
0.12188160101077805
-1.082591440834618
1.5417249209559636
0.1091479507525992
-0.4869718279176855
2.3897758513012146
-0.1885526194215349
-1.3038538208934634
0.6009376276307266
-0.3585211322963626
0.2340490327980318
2.427389115133047
0.06467984793590048
-2.54516559453237
0.6198608406816726
-1.0634113960181113
-0.712880224872092
0.9954842469085293
0.11718343866815134
-0.9247036468876484
-0.8551735737408604
0.3140712034257076
0.44899955972537764
2.5856928942447595
-0.9486888180562157
-0.9930820873173725
0.09615964396564333
-1.1785197901504587
-0.7697956157024219
2.058430557864619
0.8463372175613249
-0.803343193352306
-1.2906101458468586
0.7467278364827554
-1.2446504390192188
0.14199758006372235
2.572974660737183
-1.3911585442584524
0.0469870318879847
1.0685975051824494
-0.8001820708013422
1.8016465295353155
2.506642050552241
0.02354323382133794
-0.9585877672822519
-1.6338845064624974
-2.0820482834757192
1.284617666681599
0.2649182651078481
0.7311581218159597
1.3738912703122683
-1.2343871869526475
-0.7274945176420229
-0.08028402241172156
0.8901198357535967
1.2867419644419402
-0.6941168409674785
0.08069386253762734
-0.08941798903062503
-0.7080252547712265
1.8951710161198518
-1.156383670878079
-1.8608360985420336
2.1931020813498274
-1.8509967491064026
0.8376431548811042
0.1281171362080944
-2.983015643868641
0.6985450629124612
0.6668430913075205
-0.08989990205169557
0.792845930274318
-2.3678901827114447
-1.7681445033619403
-0.2088474442702184
-0.11582791195796494
1.192308794769751
0.8758360217721417
-1.4759249885151449
-0.7380702545333789
1.1940505560091264
-0.7637217186467771
1.1819514863473919
1.017906553778715
-1.6016657627211308
-0.5001957314751511
-0.3802794017674024
-0.7009971143902907
0.06088919176463636
1.2349814509703807
-0.8736188578216506
-0.28520019287452697
0.178539851804195
-1.4121615219592405
2.07502842343095
1.3032686512387759
-1.1864158721549212
1.1407844098981836
-0.05770355407338024
-0.7114155114894537
1.0528420083704044
0.2750755367537667
0.3379719753743257
-0.807912214636298
-1.070857770128859
-0.1080683987996825
2.525454565963752
2.2004158482165685
-0.5959534266418837
-0.5488153716394382
0.01655691026595174
-0.8051577674696266
-2.255244696525141
0.7238933661974526
2.6546341977042793
0.44121326991770293
0.5279998277507084
-1.7181907371958252
-2.2670418024603087
0.9226160094843187
0.3540688914946435
0.31180877696958526
1.3198264546890108
-1.2480718941706774
-0.1907120187605461
0.6949815541069834
-1.1389989313607156
0.9244866618015519
-0.80021937303197
-1.663667149778043
0.34741802663203647
0.9861668758737178
0.12198122486708575
1.060490557934312
0.8379558634765996
-1.8060547956334585
-1.0117985561515463
0.10616188000194365
1.3774455048671148
1.887914000758484
-0.9837469253532911
0.3116362231145151
-0.6551334788703075
-0.8317036078241993
0.801750838270464
1.4347588872944104
0.3483535901796503
0.04952254739881429
0.09863766072105373
-1.4052585166182623
-1.7877657894636267
-0.3109520239589565
0.2052917442810438
0.43040007547052805
0.9830931829039715
0.7121657447558487
0.28491017084566717
0.38798937831513636
0.20647636226763566
-0.062062308633535124
1.578463346655178
0.7602538118060367
-1.9820453180170212
-2.671864248559994
0.3036096053342043
3.3839562787495465
1.495783285370755
-0.6001334152355339
-0.3736276195737377
-2.1022495946437516
-0.14926233921384857
1.2076127362676186
1.0465981021928672
1.134533303945034
-0.5479987043797842
-1.1601608845566531
0.6763800085736555
1.2826119027902192
0.8087785732894712
-0.2514123343724728
-3.1568462889152187
-0.16030482619035308
0.631882613165948
1.438762424399968
1.199132136145416
-0.47314579971732595
-0.9085836138391997
-0.5071381911646792
-2.0290889130058636
0.6232036410011869
2.077081102798105
0.26940888344756914
0.09151999709449413
-0.32282659805950603
-2.001815141747417
0.053903732306103416
1.754804090503193
-0.31371005357778253
1.754769762235893
1.2529787401297747
-1.2890585300012685
-0.8619832065661952
0.5991929872673707
-0.3793550057876359
1.2676459248924679
1.5193288680192172
-2.690241565096263
-0.6246497522415001
-0.7313336405182385
-1.5044535591466803
2.8548585832580082
-1.3133717976674257
-1.988076124011642
0.49405205223945214
-1.256604530428171
-0.9232616693533999
1.0496527274778304
1.1313800084240433
-0.8295522601424637
-0.11235178120088404
-2.553342090336257
-0.3386461436471072
1.1972499603713
0.6536676537240754
2.0119752483524413
0.3810753532822846
-1.1387174954886756
0.2661744639750767
-0.5340798325639404
1.4432385888259138
0.8164999805660377
-0.044028172362983176
0.3408869125767982
-1.0993442147317305
-1.1229760137229168
1.1991107085416612
-1.1215041172038784
-0.9247137438982441
1.7488544814985496
0.4773699017734578
0.3676827124637718
1.0741054619558652
-0.2176222944242988
0.21762392188999946
0.9811254763182307
-0.7055000805031315
-1.618287024461874
0.6467901129843121
0.37930118888290437
0.9569798818658507
0.14431073255875548
0.6170826229734325
-0.44020388163569335
-0.9084289477755711
0.39434268458813004
1.7042381861028355
-0.28905872750797046
0.8363949379092785
0.0711790178737371
-2.1444382752081452
2.8012184669108007
0.006690060462209879
-1.8420652930098127
3.6620399200274667
-1.1134788013752752
-2.546606835448345
1.7259873242312844
0.44178355209201214
1.8764008286022618
2.048019245888806
-4.018073729157564
-1.5068905769586185
0.8290252739378773
1.209644780510585
1.8205991896861802
-0.5889367999953145
-1.3837795755987512
-2.0373864951164014
1.3198412524798817
1.927757468018044
-0.46041000929953274
-1.2106845505001833
-2.4302653621249224
1.3265000917562855
2.448795331487487
0.5172280659949676
-0.5514123445419572
-0.8187417059510909
-1.956822098758296
0.6120807960476006
1.9225440622360606
-0.9333949117951379
-1.0610301737491366
0.1356735471170327
0.8798118116319729
1.092016147451369
-0.8419512622755275
-1.9906492697237963
0.43205518159940326
-0.08943060075180276
0.3402371188269988
2.5577947121708315
0.5560799315680587
-1.254320888541122
-0.2842665544213876
0.06439293424680803
2.1026041020548547
-0.5192879750445436
-2.039943685124917
-0.3739248134597701
0.3082820973951364
-1.3967576789573242
1.3644440993281841
2.038444385829295
-2.5940040836941045
-0.2827431891205141
0.942598084915564
-2.390799499436404
1.483760801193231
0.9974612939733938
-2.521287038334565
1.6830396454810583
0.8806523285715603
-0.6210582331387265
1.034607849890571
0.4141699095945248
-2.586769607570547
1.0380210104880543
0.7984837306604767
-0.21734971987220764
-0.4801137153420383
1.7815771027483347
-2.1065942440172183
-1.5835173773606388
0.462474546022119
0.7852323723656255
0.8830348527657657
-0.2563581256003063
0.18342385557381657
-0.16726274233665173
-0.6019329037309707
1.1686834625879197
0.6253282554068013
-0.8679267585404253
-0.6738752952246007
-1.126649851237295
-1.6262260661830923
-0.44275585145242136
1.633841855114335
1.6380108505513673
0.06538507075999701
0.5623749206722692
1.1298858104446161
0.012131945816511891
-0.4690380187427897
-0.8206130231874276
-0.017932145715507497
-0.24493595335364293
1.0179094884182007
0.7251252915276734
-2.1519499397954838
0.12418164955626937
1.5271745821679419
-1.7398486306511833
-0.4503475238236784
0.5056325836508735
-1.1930234712516588
0.04894490075269309
1.1403156784635584
-1.2099803661225006
0.10167320448550785
0.43654450755917246
0.5601492570651924
-1.5972595142187942
-1.3619631983963865
0.19597253928442676
1.147006620385267
-1.7360517036309293
-0.978839797957115
0.2553321057011443
0.7576439222283979
-0.4997144064338903
-0.40983840973836355
-0.16981040533717806
0.6374917889438434
-0.8987573353492041
1.4290172293455776
1.1242470736819352
0.2434391423857476
0.45008137138614984
-0.15835546387622101
-0.4990602964716152
-0.5696546048231546
-0.9508100560578125
1.6304465635615886
0.04037234393346001
-0.6321147068777504
0.6288806621598844
-0.6146890540132863
1.9811459419772952
2.038475002742733
0.3669255341467079
-0.9818789867389521
-2.1311144380943334
-0.5181368130170806
-0.019909240739162448
-0.31218653441374844
2.0884134385488227
1.477407757345153
-0.20954092581497885
-0.8585540187565538
-3.295505885469227
-0.015288915774365364
3.4003037763926534
0.22503575894230365
1.7216072152303232
0.7575857466503146
-1.7534913329110169
-0.9280658960276709
-2.4032275913176537
0.1697280247222226
2.492000727019301
-0.1290888562371637
1.4360895926002673
0.5906840707313581
-0.942946984126187
1.016569646421716
-1.149798847448656
-0.3660018933420405
0.9247840197744719
-0.06396227162336388
-0.22517568728929144
0.6086759089136485
-0.9751046681133293
-1.1883078853402906
-0.8486367830746145
0.30549695473952443
0.3772661618571702
-0.21868914947176848
0.4603695991989314
-0.44746372696590075
1.229223298718388
0.150015794302591
-1.5513702123857671
-1.3210970400335025
0.9086989843886117
0.614499482735378
2.013466910914727
1.8132910892456593
-1.1294572552374542
-1.9578458885856638
-0.4161173395343736
-0.49634880578359286
-0.615869436671591
1.5148667369089899
0.9811210338713467
0.4967888442257662
0.38502097389932427
-1.982856623767456
-0.8684558211620834
-0.8820869146183555
1.7788455910454144
1.1330532827826336
-1.5182190822020631
1.6932611704959024
0.0726930265076304
-2.5749546810661297
1.7120682115819057
1.9694513600937118
-0.13085410859473456
0.6017528676748958
-0.222689458263425
-2.054601221382394
1.2100718626745397
0.19263923593867704
0.9651291285100301
2.208791707123575
-1.473780345396547
-1.7591238199609451
1.2263337565646149
1.8239695636949291
0.014942327812219852
0.13291474292787256
0.4182380613725699
-0.27621650367657213
-0.8375170549559263
-0.3259157741152455
0.7600886959026842
0.39788647652249987
-0.5084221925910809
-1.2111100979965619
-1.702530660322697
2.1377607742578526
0.4980254413155013
-0.7477069043417921
1.4359327012923377
-0.7166296739608177
-0.3703124788530491
2.147277691853917
0.35577122905331227
-0.5373735426196754
-1.0158206420018996
0.024949049292197545
1.2266953835401313
-0.06246864090187548
-0.6082421755551021
0.5951169486920296
0.714434740057811
0.3331818042342902
-0.19457167499466524
-1.1737916524301804
-0.10810623349230378
-0.6698935194911779
1.2790645858918255
0.9324839267751894
0.8219609353224837
0.9650444294244903
-2.384364542775569
-1.38472002709665
0.6456861285984465
0.16367451619552592
1.4710745312755154
0.9529228102893124
-0.1678684552157932
-1.4955638778929046
0.9232297817479492
0.7281793984916913
0.2661758587134327
-0.4915810554361254
0.611216524012415
-0.4369810819282097
-0.7858331384494395
0.02502617650756106
-0.6583787435874398
0.6205361425378162
-0.6429351771272138
0.16195786781227267
1.7443779530110382
-2.7691363850184545
-0.8026775176741995
2.0276805289237414
0.17502763774210234
1.89077273784466
-0.360847521015793
-2.4392753299559717
1.3636094439995126
1.0439461524388742
-0.3431669859293036
0.6776676400731312
-1.2971012205214931
-0.7692461234276472
-1.3032885711186668
0.9891665785321766
2.2728031195773024
-2.2304321120446184
-1.1187563364376438
-1.3528877837848339
0.09453681457607332
2.198812979275695
0.9624819681729677
-1.7260681640216027
1.1716429208804273
0.36011817433461324
-1.3944925440840488
0.15714876324490867
-0.26972564747568917
-1.315625531172369
0.5938747045402331
-0.024622858419006022
0.6675106321487547
-0.8277087986456624
-1.4601036506684224
0.9910959363511003
-1.6560462255219224
0.028214242628983685
2.000901522404522
0.848319764077837
-2.390894325465384
-1.9910054570389484
0.3255504633024644
1.5499892142667449
2.156398848002868
0.9407717514615908
-1.7404174879511334
-2.095694197343091
-1.8178845104855617
0.6059931794876355
0.7238041227648682
-0.6611192647391957
1.4770125755943773
1.1306375674667202
-0.380147608930414
-1.095994095145398
-2.485250725900908
0.5581765771561814
0.2847793844380879
-0.7168159455926635
2.5110200441752806
-1.1744617983252126
-0.1587394435576428
1.5874830556728714
-1.254503926556001
0.685327307782691
1.0688303057139257
-0.6434467689922798
1.7884377828407052
0.25951996330927096
-1.4301435745756257
0.6208548768354771
1.0179728943855078
0.14678435431650577
0.2339321027370711
0.34069321194914215
-1.1919815256573074
-1.368987049094628
1.5395559362577336
-0.531215152647597
1.2085515795419575
0.04117187803351263
-1.1870866237865016
0.4352348719965672
-0.39395856277988034
-0.5361616572769695
0.8926145558558121
-0.38229455414509506
-0.6627402845733535
0.0018617650493567561
-0.33862829042999615
-1.044924319497773
1.313066525547287
0.6916276780464172
-0.5849764506565158
-0.548108306040131
-0.785192688822567
1.095155894944537
0.11035088169480789
1.458737252400745
-0.5686906037332782
-1.6867562794196207
-0.6092678679255508
0.5376778523005032
1.2787808209412215
1.2962695138391203
-0.9414640696381796
-1.101013332795226
-0.49801821289108256
-3.273601904363407
2.1556571863460103
0.8664094578746449
-1.3354223715626348
-0.12870927351374428
-0.7581294685646424
-1.9866920315151146
1.7392629238929174
0.28054393951613665
-0.5963082789919517
0.1148293609572073
-0.13582977231602555
-0.6759665239385197
0.7569335209271119
-0.08089454570171478
-1.3684768870714292
-0.1434439747369396
-0.24748295778851243
-0.48146506480859075
0.4813012582907048
0.7895265226090367
1.325874620561008
-0.28693357174586553
-0.4467706206328671
-0.8488709210693182
-0.18607986739238452
0.19891154006702505
-0.10821159179256212
1.124067384835194
-1.0307947520223686
-0.16991436247588815
0.8393222609233617
-0.8616986596858291
-1.1152992270527475
1.6705341006881018
-0.527747052666119
-2.1628168005346016
1.618444272602554
1.3528067483522659
-2.049275240902552
0.8825276683747953
-0.6258610078792612
-2.9299925584144706
0.39420237209368214
1.516990773154984
-0.43761407179383444
0.23223809408515728
0.7039285155980476
-0.09831684377030492
-1.2616399211086204
-0.5869634783398661
0.8192548327103617
0.7583340306729573
2.515626019007019
-2.304029108795172
-0.7732778129010793
0.11564508377711213
-1.6653923831619675
0.506513743314061
1.921678194595695
0.9666206766631578
0.02136293426087793
-1.215354796871036
-2.6569089366697467
-0.4622908448986459
1.7538887417865328
-0.5426553832908367
0.7702700156105452
-0.10977392193988178
-0.9449475131130969
0.9538814856691937
1.0946240921121362
-0.3556974293495574
-0.1888710879228359
0.3224173195837152
0.00893497178903474
-0.588948399276743
0.22114702952535373
1.0629855274387254
0.37263885883491565
-1.973563988764323
0.03473199267174715
0.03552769105138531
-2.54934989849282
2.3432641044620475
2.8349088804323954
-0.8285852056785634
-0.13247950098989636
-1.5353815598472218
-2.5273426156486325
0.8244488745577072
3.3500421339296507
0.6091408811105039
0.04909336700041972
-0.5122128235936565
-1.7219300057746103
-1.8128584476907572
1.002761259825316
1.0467277114885234
0.3149464364978389
-0.6879119327208068
-0.3708691254133054
1.3095048458392822
-1.4470163426764189
1.0415984507225686
1.7032682923742528
-0.5461727800658147
-0.003685722220972673
-0.29584662790340854
-1.7537898254715751
-0.0006845036165871177
1.026902270374314
-0.5322481049651688
-0.4190941701827815
0.9707046482995147
-2.3517319484961186
-1.312910988157586
1.1583513258419125
-2.045000517287044
0.6603028768743319
1.955932576692263
-0.9584835782089782
0.8608225389144141
0.7898796878709864
-2.050293775937892
0.22077390628583393
-2.08379880283883
-1.1613596580217438
3.7298479430148195
1.5003468338191788
0.8448936023835081
-0.496033039859173
-3.47903211055664
1.4152283790923472
2.1193214965238756
-0.5891837292000579
0.6769982972992147
0.16349993332995105
-1.4798047910767012
-0.42375635289444274
0.46005226073908956
0.2764805519666865
1.9263154893340904
0.5736303214646874
-1.0415354734014477
-0.1053328627870842
1.158162065908713
0.9634442935078558
0.02465304388178302
-1.0854673780535236
-0.7696227563807446
-0.19041017420476974
1.109792242170999
-1.6748045893699095
-0.0788717444465788
2.185759658184933
-1.7220168645642095
-2.516906514812946
0.9345821047154713
-0.7509416630962962
-0.521717061831183
1.564396996508082
0.5611781113688257
1.191518705760064
-1.5314299983280906
-0.8472544653377045
0.194054766651526
0.07076432325197923
2.575314526457103
-0.17555445419280957
-1.3913586102040427
-0.5415239771824479
0.8942463063872848
0.8407782991316022
2.89941555902252
-0.21132572674583838
-1.8665978687776277
0.8848402353533034
-2.3744933413730838
1.100644593993498
2.3722252312733714
0.007477413856631254
-2.2902728195350397
0.134107480893923
-0.3644362883897277
0.40588170097900117
1.3110274270534545
-1.4187277847703001
-1.1082513942063519
2.03069839785224
-1.353811893769179
0.3171460691885072
-0.14710800212208475
-2.6155568866665493
1.8689254644389743
2.3045421924358513
0.20575360782543728
-0.24698060974595965
-1.8122285563734786
-1.8171490777938628
1.5536427843568934
1.95137634810292
0.12976114574775402
-1.8554002464319965
-0.7134673265059672
0.686573673992991
0.3114431168836551
-1.419103930634801
0.6980981748525614
0.2449996670535742
-2.696422222152851
0.3883670240735
1.7611008811871667
0.08725684887789331
0.5423339124250315
-1.4744986713150898
-0.6048769130624425
1.6472625148881395
-1.497953312967423
0.5162512825923087
1.0360895286827976
-0.5675084011454246
1.33960744543222
-0.5990486965128645
-1.7928873999464954
0.3363217090930166
0.1214021778299178
-0.9087598128596504
0.5229269512528449
0.1720533150489909
-0.47286116039464676
-0.4851403120287201
0.6656151188586175
0.8582959271079694
0.7418087720778865
-0.6871706289064685
0.22140151565970678
0.9267792467358278
-1.6164920128543843
-1.2276616841456274
0.7411514866646639
-1.4901433308346383
-0.9389988316801834
0.3116562394830884
-0.009879993662900668
1.8596821916591952
-0.48579817559368693
-2.724027490029653
0.5202258361301633
-1.073532277659837
-0.21955871643758287
4.065803209680914
1.3030661439671902
-2.0078753290336726
0.54531303159622
-0.6499905454091714
0.6388031887266771
0.7532795713597125
1.2284456187509898
-2.2412309304851386
0.37876855012198707
1.069638536418793
0.44611768775842164
-1.249859066554321
0.1092739828085657
0.1701207990763473
0.7408233880971036
1.2859552466381285
-0.9590991676170175
-0.7166972574751682
-0.9320429712128874
-0.7286438664233291
0.7065859363355067
1.148715317172771
0.08531112567560922
-0.5240050872615437
-0.5942291547064055
-0.9232198206604421
1.0611820626264516
0.1552010016886668
-0.9171544350679055
2.821378075780446
-0.6035632871722072
-1.312024838158606
2.591794694499612
-0.9133543260102449
-0.6637988113459752
0.7341327701955906
-1.3333676964014989
0.34713381821742373
0.9007941037548348
-0.9025893193074386
-0.10991719659101667
-1.0694105399261846
-0.11861182005901244
1.3562533898357727
0.23699220758061187
0.5447301184441731
0.6390347916872902
0.020668905520382808
-1.1398348748138634
-0.3791875304954212
-1.9946964513469858
-0.9973008482638164
0.850244213975449
0.3982698221206286
0.13910491889080157
0.4491523905507896
-1.353622024176157
0.10331546363770672
0.7343791009422264
-0.5204559749908941
0.9942682041619428
-1.989327752214816
-1.3308403695297157
-0.8367824100747252
0.36105262820905293
2.6899650281898895
0.32950892520633346
-1.7017804304498076
0.596469279454114
-1.3393047566364307
-0.4086265571390049
2.3732074708372584
0.4551710622779306
-1.491212263931061
0.10547060016688717
1.8719625189090523
1.1908997978478963
-0.38787704941570705
0.9658868445924919
-0.7825991824207397
-1.9320789818577737
0.3867606496569057
0.008533578735531178
0.08628167593653252
2.3363261638435144
0.1312274575870214
-3.1005765995589036
0.3799797590381941
-0.18016714797777278
-0.8044327924659241
1.76533896034347
0.5350695767901069
-1.589814134033413
-0.27196379414959954
-0.32848206060558294
0.40046854063506365
2.2822870692262693
-0.7716920602786574
-1.9119991767440152
0.44997286110137247
0.31990187649375434
0.5773169392048632
0.5743000993690921
0.17144947718650527
1.4551743080721882
-0.3552856901735171
-0.43216460978871585
0.8715110857749688
0.10773570238130892
2.0694610055927285
-0.47358978056652024
-2.293422907326149
-1.167196459220462
-0.8207551577866523
0.9999309263911726
3.2328042759733835
-1.5848792844326516
-0.9513271151383673
-0.3923926601297978
-1.1293553986271276
1.9459431723047862
1.5971118217238924
-0.6499382882686631
-0.721341245623498
-1.2824695112896367
1.130770743026
2.17674401633026
-0.4711323208533159
-0.4847745202883683
-0.385839956895241
0.5774211442444073
0.17418941837249463
0.2857400547934991
0.2561643052880147
-0.25467284773307874
0.5970157754368796
0.976780889022858
-0.17982645910389417
-1.3397610649330167
1.0009268303957644
-0.12491877360040915
0.21458723901402982
-0.3888671085374925
-0.2183701935281685
0.7228086943068879
0.4018469025547443
-0.4322287466361331
0.6444344426247871
0.8025393379221255
2.037323321119645
1.6545731714796688
-2.227401296043861
-0.228678762235224
1.1875758558855056
-0.7005188803991167
-0.376965103358603
0.6640675258427808
-0.8403722364251529
0.41863806187689195
0.40809363606507276
-2.1700095673848776
-1.751209551061014
0.12716063310421666
0.4324220837657734
1.3341373513662795
0.4153326053017541
-0.2236964876959472
0.020857730835020794
0.12001261712313371
0.35825726244031064
-0.3776511663208592
-0.08437939855434734
-0.7584389249590894
0.3971649332115895
0.043287539964260935
-0.3388052527339447
-0.6191921107370237
0.02764168347571693
2.179453906529079
0.3754549072903852
-0.5318889786407834
-0.9571032294516235
-0.4710633529663725
0.5966053647883411
-0.5370717084091721
1.2308320090140379
1.0497463844901747
0.7147036099938666
0.24877946018660557
-1.0726771205723553
-0.3465727552261551
0.4765941589225642
-0.910888823097455
1.2184980232032523
0.19996010563805472
-0.7480314291278118
-0.6427840268308864
-1.1067678972381998
0.4264615799060434
1.1268318597639557
1.025461576698186
1.4096268629889255
2.365361266575497
-1.8685355220332562
-2.3801250502653675
-0.8590537728893095
-0.2635202911468021
1.7633670862962496
0.9017448115247053
0.6769957145512404
0.10365264781083816
-1.9540308448181816
-0.598385512190586
1.3422770585527721
0.3335464744474908
0.31151023977674275
0.8496037313677914
-1.4506125867904203
-0.6706833243734008
-0.42114993264442213
-1.172329911301325
0.1737157392483626
0.5855289463705766
-0.2939013132395697
1.6508100489780324
1.9641819775913785
0.05931790897640932
-0.14092272439003894
-0.7431322211797678
-1.6174775051660255
-0.39749763276601907
1.3388782135200104
1.3307765107424478
-0.485547869844583
-0.41129928179286146
0.49825176841327656
-2.8409387379224493
0.1788890894514882
0.8311655803850639
0.3843469954076079
1.562936069558471
0.28335520612991066
-1.4936676311292034
-0.009807539229582551
0.26144983167886826
0.23260930151474976
-0.3473786999000543
1.142753281037194
0.7284996467945363
-1.1568860868377482
-0.20913127960593014
0.37070025843864457
-0.12415677238718162
0.042505806782948075
0.27666046748094464
0.47803515980672157
1.3655541141152912
0.5998859277511444
-0.7255869776986604
-0.37853956214801865
-2.2981116544671565
-0.26652467656034884
2.0619266907013905
1.1872160307362039
-1.1732638616750288
-3.0393414984493408
-0.2531451587165424
0.3899956235203994
-1.0356811769095875
0.7406680515130986
0.09031877661972842
-0.7040209397520408
-0.440131434871897
-0.8644121276275101
-1.187336946944051
0.7244839289611448
1.0379262469538908
0.13364132698658543
1.2913961131515101
-1.0985174562397155
-1.6761006268349163
1.4565304939460155
-0.7964874338951006
-2.7917195698098336
1.0360737814829477
-0.38921525745479135
-0.26753815599144015
1.3952039021615616
-1.1593277238907964
-0.11659948220210226
1.325438861824792
-0.9804414901001799
-0.5823370339156851
1.940381959196319
1.5451407259137813
0.6835474366920097
0.3318541650830333
0.20191574321415295
-0.9468293693821989
0.3131719841454846
-0.3993465605779739
-0.7418719564858074
-0.3078514530406814
0.7302341411245081
0.894899155282921
0.1005569965346313
-2.1525606578411343
-0.09385206444392863
1.733932403467691
-1.6769894464515844
-1.4084760780257124
0.5584976088432401
0.16545706335129134
0.28374513587040234
0.9132580958354173
-0.7480169115175057
-1.7799815290117034
0.631245052415346
0.9211024228983915
0.9134910415555684
1.0844943941411729
-1.0111499207557335
0.5817639906580592
1.4910594253069434
-2.4515599292805472
-0.7206107145100749
0.7933314753234925
-0.2812755796815107
0.5867083598174798
0.835719716912684
-0.5850873718462997
-1.5397311701791003
0.5967066041852955
1.3610901456130966
1.1663351835243065
0.7898247468565726
-2.5320575441979156
-2.431962249237936
-0.048301274913581604
2.17284896840496
2.126186666895758
-0.18226587946327416
-1.4071334128665272
-1.266389100551249
0.4444428520683851
-0.3452125041263907
-1.8929854023627553
0.6776568024581386
0.8347353135116024
-1.3086040272559367
-0.5209718735098237
1.1801494672096426
0.767758254161599
-1.0414272676932712
0.3696162940434582
0.3458143954293225
0.2246160893340461
-0.1767487175750655
0.006037791558820893
1.5965225076326752
1.3917767547458977
-0.7504584837321754
-3.226515373942184
0.061768793731252936
0.9398489641872627
-0.6719701435142295
1.0322646310363
-0.37649894150830576
-0.729081605800642
-0.5465459742251555
-0.9562277761969685
1.347680178274415
2.1189371400500416
-0.044164079987493665
-0.0003952061696412823
-0.22144153570253633
-2.6220787080843566
-0.6272627551096167
1.6726806807207237
-2.2236282619045666
-0.0921363921254249
0.011951573235706947
0.9452358850118172
0.22523647168036798
-0.9276923392960157
-1.4041222590854538
-0.23604113598052506
0.3907734866225916
-0.4182755310882803
-0.08140066599751539
-0.36158052423873477
-0.04483707537136759
0.6939775148069349
-1.173287872903121
0.5645048109168207
2.3583919895365963
-0.1844472825002918
-0.6732954741945257
-0.16644436781076674
-0.052170083061599426
0.5701890826970666
1.1689258315249946
-2.390950232207085
-2.8746921975758424
0.5755530580055747
1.594723404472461
1.4243895886730118
0.2631806102188878
-1.5977059620133334
-2.8232837284506003
-0.47335908237163515
2.477475283316577
1.2233839015047208
1.449773477218714
2.083092602125083
-2.1679280805461314
-1.0854085927607602
1.092924491113939
-0.5363543278714746
-0.8849152639979901
1.2180199388702022
-2.1483458017627552
-1.4860434934621352
1.496719888969668
0.7053683926937669
0.7887242446000207
0.8941261341389704
-0.6949654943241368
-0.3365668351368636
0.8919180245724343
0.5552344219523818
0.6542129031768797
-0.0019911036646664826
-0.2376821064362482
-0.8390878445547678
-2.1813428093374867
-1.0619946821059063
1.966635305367948
1.6753714271199236
-0.7041590017069429
-0.9317387450075085
-1.4030049171647891
-1.493033353832773
2.8106141213170677
2.619183601207511
-1.1685658896080515
1.565119937475653
-1.0658698174242964
-2.587422323011217
2.3199136580252926
0.19451356369028566
-0.8990971378519936
2.3364554137794964
-1.10045325118037
-1.1726284616623497
1.185465790736831
0.6339415685360255
-0.8086085113393867
0.20645840894935535
0.49213055733981353
-0.5466602578860783
0.20710006679123805
0.27866741543725193
-0.11838356321196022
0.911827961223691
-0.02007571036397607
0.18795878152676693
-0.08885810362010965
-0.4904370926772428
-0.8719431049247539
0.145599005954371
-0.5603275893818305
-0.9799204569431643
0.8570607905880422
0.05524263937459989
-0.1328195665882171
2.2503838094339863
0.33347256329145347
-2.1837169831443575
-0.5145096885411764
-0.5168901603259781
-1.8291011337615057
2.5546477416333393
1.6208678435476516
-0.8704419207425312
0.606927632681186
-1.2265289819113003
-1.5369360749875751
2.0383467069868666
0.7416628540253789
-1.446086135079612
1.134485727693395
0.37179763493013707
-1.4812496192321727
0.5598017068040252
0.29278180898162026
-1.3076695870694035
-0.33078807740730687
0.10261346360810136
0.32580754678959223
0.9922133080911908
1.0701178231487973
-0.621929975254974
-0.6272249708608939
0.1950776437504922
-2.196030868503309
0.8909294442647118
0.42722671193314465
-0.5482688301511811
1.4840443593844466
-0.43489767635254056
-0.6796069663652183
-0.8953202647879702
0.7061306350066039
0.9026625099888189
-0.2970352782284178
1.0404026932689967
-0.9074411120974274
-0.5748956017199853
1.1460774590530647
-0.4472592795986194
-0.565123059189268
-1.2909542974549162
-0.22742264741753015
-0.08821261262601776
1.2573831763195893
2.146237923723759
2.1487687859459643
-0.03789095641828155
-1.6475893670170427
-0.43105413957211747
-0.45680666959383726
1.4864069638903274
-0.04841815885024281
0.6220405205660066
-0.565599020393332
-2.9607569733827277
-2.0797768661320863
-0.05902591713693628
-1.4757555491632186
2.274737746597065
2.964164052598581
-2.03515292634238
0.1110598397698086
0.49752935580203106
-3.442444518618726
1.2567492882736007
1.1127778397784471
-0.3043850054856474
0.9525627367332402
-0.9523785541566183
-1.0006295175673574
1.309073523708555
1.3067990936420155
-1.8057528120384592
-2.0939424399743505
-1.6451203143575666
1.8076583731167792
1.1746709635664567
2.5093979740382366
-0.6127304215105873
-2.602502899775614
0.34219627811359454
0.5348690418736988
1.6978864095320279
-0.23941889914332237
-0.571499974640034
0.5065469266524166
-0.2388775184105476
-0.6280827970401508
0.6244366098249893
-1.5798371379579481
-0.9961962078074296
1.7789484814158518
2.2362096431514527
0.2501051262100985
0.8452094383891101
-1.8287693907435005
-1.9268805523928718
0.09714843652437366
-1.1047721351937003
-0.15342724037871935
1.045699115930881
0.16228391087402758
0.015815283404227335
-0.47789358265377563
-2.889667293384
1.033788613072601
0.7556135958296729
0.2861039941858966
0.38775320005718517
-0.7290248289637702
-1.4774178708346335
-0.2065759435766381
0.9083244605240327
1.75711348675655
0.35981271476441523
-0.10635786414748127
-1.1561108109946954
-1.7356873933141896
-1.020889850817929
-0.9646642968301131
1.8522492676271236
3.1450278462177925
-0.9064005226478031
-1.8894822516153986
-0.3992071897880332
-0.009413483577176751
-0.2248150450604801
-1.288919328218703
2.514384159636018
0.6260937307976381
0.3741715254142495
2.331604669089957
-0.9084973530470193
-1.7292765016624094
0.7234117418332526
-0.5366103129760893
-0.2561837435476262
1.1543036914224456
0.3642192374322275
0.14098612464399524
-1.909508899667083
-1.2492730844607227
1.294852406064325
1.9752767288129633
0.17514220848872267
-1.443769348771228
-0.07373345887743055
0.6708665793854236
-1.0498657058160745
-0.7439050600295106
0.36171408497030855
0.914825526617598
0.5326120092323097
-0.11903361623018723
-2.237345955289855
0.0504448879555483
-0.004044167211065708
-0.21883303880913052
2.1962908855730445
0.5370487553101275
0.3424302752741317
0.23404789526874814
-1.5404409503717345
0.20807605646969796
1.2813799516544249
-0.38123218113722435
0.6756279006609722
0.41840067285811505
-1.8079181640001607
-1.1909342429595613
0.3290781629116738
-0.14410740981470527
1.515414278737278
-1.014365043780265
-0.8056816428675337
1.8378691993644245
-3.2285720268147418
0.2340679245786378
2.8929268350834323
-1.0194566301618797
1.544974505290542
0.6601843053658905
-4.052248041516514
-0.15030349408221888
1.0262116210081216
-1.7097544816108257
1.2639869512648771
0.545703685541058
-1.2945338509739952
0.21793579944745706
0.8567400465548891
0.3423302032421408
1.148861515437009
-1.5022021071433982
-0.7095821366420922
1.2335935545276304
2.6204950039908255
0.02774377273663392
-2.720087238836515
-1.562930893566544
-1.0930034440770129
0.4172970871806592
2.8353944478286195
2.084752709658523
-1.2379297513505296
0.4237700343547939
-0.1256989664852164
-1.1887668308093953
0.8626532098429238
0.8015782072484774
-0.6807773208792797
1.865227612815699
0.9115245617045529
-3.378068350774666
0.10959392939052146
-0.8615203305639141
-2.357971727392019
1.9297378762213924
2.038784851814886
-1.4800938372934407
-0.9339919633956415
-1.871309102062173
-2.2463797989567635
1.176561674676485
1.668170639221998
-0.34226617452055474
0.20296581589386947
-0.9837424139028885
-0.25557054257159184
1.2008412112094011
0.6420819506066013
-0.7854498587329257
0.9745994213218745
0.6913236100849084
-1.312019033333099
-1.0489931090932663
2.7053532055430454
-0.10604131221695567
-0.35974062892094394
-0.24211475806817695
-0.7426597280767848
-0.7314675675469329
1.7879543300277216
-0.6341932991890804
-0.40535179399138577
-0.8710804774483634
-0.9983295753399687
-0.8861473579777396
-0.6506351165928199
-0.9413075160425062
-0.8216185616620673
1.562703319971807
1.95415348113551
-1.0730560056023506
-0.2504248546820958
0.3662253359435016
-2.9983374756909025
-1.726554997526389
3.052968815132075
0.7278933875376576
-0.2742682753126373
2.4089566817021897
0.03336346567406756
-1.0660233906618342
1.0702964675496698
-1.8646839020886148
-0.8865711944988602
2.6276300134186634
-0.2985653875248262
0.8406011693655373
1.5155574784741186
-3.4099199083628458
-1.2414329404144253
1.2076406677131513
0.9945414139266686
0.021588542495120988
-0.9912310125057597
-0.6813447062268925
-2.882745674323372
1.4240837629830652
3.1628778108837645
0.5130424051790589
-1.261747379985625
0.000710350544677496
0.21962080980252718
-0.4025098095602657
0.30180365935276726
0.4389538173982115
-3.7548323617304797
-1.429582766573354
2.2188322685393254
0.5626818015744206
-0.8828449026833389
0.32377690716428253
0.42250412210927923
-0.573890918258099
3.0264366380419414
1.1634963002561625
-1.8716406724372874
1.1646947791806839
-1.9513133043098627
-0.7134183962289691
2.764211804405476
-0.2801717321107389
0.6475386607586505
0.4785551271625272
-1.225076551093323
-0.33035705589544173
1.590332040970297
-0.9597838371597645
0.1832887621893089
2.114616615078756
-1.7718650479820628
-0.07401422545941994
1.9898515308052516
-0.8959098843964615
0.6055962758903617
0.6532917414457645
-1.1142185418513004
-0.7363123339548039
-0.43158707921965334
-0.6467585766277464
0.4513596862233745
1.1685219464882894
0.5768657208164253
-0.10654675954426326
-0.06749966548857489
-1.6311449446202104
0.43939386392229635
0.7897630922639958
-0.3018738258493647
1.4136290463382477
0.6157916670767982
-1.3498710855448042
0.7250956305170237
0.34408435587236447
-0.8485216830837558
-0.2362038163613862
1.0097487566952827
-0.2530409768811964
-0.7190164452471244
-0.32394127150724444
1.3916775434365483
1.7813166078273595
-0.06104953599547519
-0.4879661043956347
-1.2702765695781941
-1.1241948282305114
1.3533191958838575
1.68245480648977
-0.9019268794718598
0.796896672369787
-0.38728584184856096
-0.6408162338921647
1.5708061908412432
-0.05673487684892048
-0.39495189887670185
0.3718651210846873
0.3268918312292073
-0.2919647737925347
0.5898973958912764
0.4378614793756261
-0.23310500462797998
0.10091282860103143
-0.7903302410179078
0.29282148054844165
-0.1455708383966795
-0.7538067932921502
0.259946670984432
0.15414299185332264
-0.5215803604130814
0.11654563664475057
-2.8499856386302365
0.5370086788389351
0.9217478648088518
-1.6486018314412798
-0.039424824433347494
0.9057136424370158
-0.05014840276326865
0.144102639588697
1.8761562845597748
-2.375988280128448
-0.5826838331948654
1.7355541464577704
-0.3835288346752417
-1.238477627824927
1.5257802954739739
-1.329468889425033
-0.09493892779081264
0.6664319847905993
-0.06206715871683188
0.5617622576235739
0.610406371391482
1.2250914887346176
0.8073006771635718
-0.38704923782259526
-0.9261851460750704
-1.2483741863572921
0.5520248892784648
0.7464493384378962
2.1254161563089564
-0.21492619034647048
-2.73080345502549
0.21862983333716346
0.3350252949246542
0.8466340716486062
1.7032479035022845
0.1915212657233918
-1.2970784326735643
0.8814044041480158
-0.036863858760777274
-2.1968253368285326
0.41920267871585715
1.605767257155601
-0.9530851079658642
1.8422994837685758
0.188802306808783
-0.6052148183926909
0.1537969332708059
0.6356877388245901
-1.2233322875036046
-0.46106852896553935
0.13187000838989765
-1.302832493084448
1.5656819911987876
0.04684139297889944
-0.7046658622554942
1.5137624907152478
0.581468239188854
-0.6591010011166636
0.3640399963172087
0.6361504644310728
-0.8774678385473198
-1.0454392250995663
-0.41484131510303457
-0.6457351970572902
-0.3448494129206042
0.7331919121499434
-0.01825716081370199
1.7435393914051898
0.6930659037726264
-1.9504046446900785
2.3562600001057823
-0.47464286462773964
-2.4049848155999562
0.34987646780924764
-0.40271887877053364
-0.2544244489213169
1.4753020235172425
0.16254565255427134
-1.4935827551482403
0.5790463276169159
-1.3087668974063293
0.9348319507858353
-0.5045353881040888
-0.4668394231345394
0.33911552777980947
-1.8438871592121286
0.22459024353393509
-0.2831293798433432
0.17447938730547446
1.8520336150728045
-0.08049107547973053
-1.0811076637965797
-0.8030819136612091
0.5046111964214969
1.524226211065944
-0.7617971272983413
-0.07062966044710645
0.528335847468733
-1.0201345019745143
0.615297739301252
1.4164955715505867
-1.786950017728585
0.0769864129977435
1.564618825802686
-1.1489807537880776
0.45872238202844373
1.7331147814318792
-1.2007608941525993
0.553916570195912
-0.1350808086260064
-2.3473400301676985
-1.0736355478295374
2.3435292908282985
-0.4151003559274845
-0.7819071488748726
1.8685312022815725
-1.0164401016724594
-1.1163652734157796
2.3229123590626393
0.2437662540947857
0.19039089109224683
0.047074417719282724
-1.2759914394316272
-0.07589270623112082
0.5667451319330541
1.9357380351087228
0.6479177731240143
-2.2275751398725383
0.12243743262555551
-1.750482508333904
-0.5039439253242426
2.7595528805457405
0.18998889921556517
0.07193309767065714
-1.01221202120694
-1.3911484405516923
2.4994173056031146
0.9063138060591156
0.4806541641666391
1.677941769963216
-1.7148875878395269
-1.9448539972292065
0.75665339260421
0.10968626369523189
1.5255935821300788
1.128393269956938
-2.919430715558719
-0.3053825814224431
-1.4867910120259764
-1.907432240627464
1.3079264091297182
1.37993397749951
-0.2583674713846275
-0.6574999467917311
0.09145925545330325
-2.0120139167618882
0.423087909909737
1.6520287986579476
0.7469855187637472
-1.4419382001151275
-1.4411525685825586
1.100883307066077
1.2567880176819992
0.5043233019262219
-0.5652569027621813
-1.550205505003434
0.6726421199201738
0.9300425773768055
-1.549716732661779
-1.254422141612695
0.5096318324917131
1.0653620070761245
0.5215934068774019
0.8249187821111882
-0.4627234818223635
-0.4156594749323055
-0.5865535134547183
-2.4202197062293838
0.5341830899943985
1.5313525055350188
0.8133931843416571
0.6973981690776094
-1.3093686103503206
-1.326430002743677
0.30709344832424795
-0.47015261529123364
0.4192083996972982
0.06297360486927783
0.4878241297236692
-1.018677254106892
0.11766777503764203
1.2086464206932956
-0.4828514220604509
-0.7472138596427386
1.4070801128804455
0.8338455307735024
0.46124174718071387
0.7236306009483768
0.9631909184392582
0.27139607322688575
-1.139618083751237
0.11309757647860624
-0.6377699171561172
-0.8600335739165699
-0.8588521198256804
0.25179898218075186
-0.04587961044544864
0.3244101458563443
-0.40407352113200956
1.2922085303518878
1.207776725619312
0.38561230392536205
0.22491782035121916
-0.7445171580789387
-0.39030444922164514
0.33512415155378206
1.7817871175479252
-0.6785010528676025
-1.1643522105887805
-1.3865842768240504
0.10214632794628836
1.9867334428767376
-0.09518917935218618
-0.41722145957945983
-0.2070060174680063
-0.35283508320386603
0.27061985825537294
0.7317751276214098
-0.9244754918961933
-0.0186331756444294
-0.3385650608259084
-1.8005740158638606
1.0770562020000187
2.034258837703115
0.3604617369482494
-0.960779440011959
-1.4262344882542592
-0.5742897635823979
0.5577065012516735
0.19128226064840403
2.301483258517467
0.3545327017795754
-2.0678807151629726
-1.5775733016774074
0.0348005392550525
0.10043136821275456
0.03556957720560838
1.5053625787267675
-0.6508229881069398
-2.4180304280134597
1.576150096277753
0.5480827346148232
1.237266066446172
1.1392103992965197
0.19186872668452715
-1.501289412448575
-0.9510910247197142
0.8429425321009325
2.3575984092435958
0.09419496061389723
-1.9892360362637513
-0.9864483127292433
0.5595940642363265
2.506800439026739
1.450924518681786
-1.1131763373095482
1.068924614379988
-1.1741466648871701
-2.572292872878693
1.1922152193132183
-0.21230570031967078
-1.952759284834506
-0.1053721615450689
1.3564739804922157
0.9681814081417452
0.673284845167731
-2.1028414695587854
-0.4793610200243188
0.16813635833968676
-0.134810156542193
1.7041642298960895
0.2005979698040702
-1.8198858922233292
-0.5245535952005075
-0.9964102661420912
-1.2931838150382235
2.48702056410768
0.9561567249724732
-0.9394507865933353
-1.5166427255400128
-0.6690475978662066
0.15141544108763613
-0.0135039774436444
2.420307974513528
-0.6549352625047038
-1.528009507158236
1.930560492916677
-1.6907641115031975
0.05216659874632046
1.7559339174125774
-1.3913179631400086
-0.5493769795233909
-0.8601138996744201
-0.48292109168709046
0.5318750543492451
2.894218745328774
0.24689383808000792
-0.8721843530944292
-0.8833573106744992
-3.417028126901182
1.154125270051369
1.1765643426957042
-2.2762736341996717
1.0137270785024184
-1.0265591426715184
-0.07093176247360145
2.474659195568038
-1.7680210928943132
-1.2660948235862484
0.9936640093981379
-2.595545810303804
1.16333009692259
2.782677604819736
-2.4155132696867785
-2.0221565603097353
0.8885476141143384
0.01796452001540111
1.7251919865533911
-0.3549959957707205
-1.7801349526832575
-1.454754911770962
0.09562100179396019
1.158573708752718
1.578484984272005
-1.6895119663480647
-2.602511045581543
1.6232755109448105
0.754481999003497
-0.8207308373232174
2.1260949625660945
0.12839520124026593
-3.4706898794212
-1.1088124419625285
0.24172268103004052
1.0312609441620397
1.682682713998141
-0.5353593136807829
-0.4953866610345505
0.055757016972187046
-1.4332505438557683
-0.8050987518150277
0.8091103944050229
2.294714725042561
0.7938179098339007
-0.2940619668146791
-0.14506491075662598
-0.5843970112677194
-1.0624952618691288
0.31399592895047235
-0.06615999728648059
0.10270140506689895
0.545507589879028
0.5098237289364767
1.2899292965954023
0.7916122916844635
-0.2748923260285677
-0.22099315608145886
0.47564537901460924
-0.686163726207101
-0.4815861254177836
-0.6600219691425792
-1.8655692619609172
1.1152572050220158
1.6787791447936424
-1.1551599163749833
0.07365273011867467
2.191927922727369
-0.608822166872446
-2.634095869856407
0.6243634421941338
0.7093218967094188
-0.4835601794983977
2.2517611278733343
-0.9815166745596854
-0.5671935129985404
0.5784129292285262
-1.1935198399489284
0.26453573937959307
1.251217750690866
-1.7840070985932386
-1.5208137403140896
-0.04485984345880689
-1.1486928763919737
0.3048214729207567
1.0443362392329987
-1.8695564534325209
-1.4334713033378452
1.4604846842954635
-0.8027570176688295
-0.2384668394212614
2.3389728845122875
-0.37960524728281697
-0.6616353745912001
-0.23318598191418305
-1.747991429359151
-0.19297967797952026
0.6330051863297039
1.6396625339204631
0.11821196456096017
-0.3774797032110538
-0.09184243225569622
-0.6388389562587476
1.7880381801015668
0.18185918191288658
0.7898706877410382
0.3628652912922302
-1.3859779160859635
-0.993447689270683
1.0239738462468337
0.6099913958551828
0.676610544576716
-0.10070157180996658
-0.6717992026270724
-1.5332139887309326
0.5585998637316453
2.8229806776984425
-0.09786774179602958
-2.2995665511553973
-1.3490438368903046
-0.33331836212775245
0.914124305608327
0.16228595793582024
-0.11816987955871955
-0.471445169563257
-1.539790535087278
-0.12839109481755334
2.6775690898453925
-0.30673740026122287
-1.5219045408249112
-1.2119966161868212
-1.3327789686637215
0.5408827009009175
1.0347201253117546
1.1025264839982283
-2.143496988672902
-1.122882406878158
0.8511260545732118
0.714315770426452
2.9186863791779007
-0.14297577148988966
-2.0246271329633823
-1.415510609540875
-1.3429012201082968
0.6776126917410341
1.462285863159869
1.4938697494881954
0.16463619788678985
-0.8171296968910282
0.1513652771694476
-2.020359410118488
0.5374225996257764
-0.11363986598730347
0.7847590180711042
1.3051467632444427
-0.3016545697146081
-0.6542099879303485
-0.7323599513023501
-0.8740496560288489
-0.3547419609193746
1.1204571530499847
-0.6124459431667472
-0.616831835025713
1.8130981321183817
0.2448461642469542
-0.21662995377929767
-0.019672952189054516
-1.090698007877965
0.2859035874418896
0.3375991117994642
-1.3376453591871005
1.8673793372995382
-0.25076428227064573
0.4524256787943366
1.4439421812763396
-0.6959095859341962
-0.303319521672678
0.6185043182696028
0.8105855471333674
0.8927296853542034
-1.3843492481714925
0.2148015095060294
0.8706300838862491
-1.1744732784287983
0.318920940552563
0.08859204289513584
-0.05976538425138178
0.9477258716374075
-0.4793588453222587
0.5778899977324381
-0.1883820291847692
-1.0971973938339323
-0.07866172964642881
1.566982198204996
1.3352358153788888
-1.765350024305159
-1.7174742822343159
0.5037850968098776
0.676579816861997
1.8416149866890505
2.2963603419977936
-1.1273111101350795
-0.433789924618766
-1.0274388222132205
0.013907529024386966
1.1039364426267555
0.11627138875825621
-0.8626227230876399
-0.5070028663422307
0.7285364930077687
0.33433955190823506
1.5797255183834749
-0.3784082477203108
-3.2472571968081145
2.0710528701469837
0.5898658673279571
-1.2343976954491716
1.9942309759465513
-0.3137288320212458
-0.9029937224795056
0.5370741419124442
-0.8629315165003546
-0.43436484440398276
1.6756729806926964
0.1791866933521308
0.6003826105860344
-1.4444619258832463
-1.0025574392115426
0.3316865816127768
-0.4667827593949059
0.5616582549666804
1.7445822758586307
0.7899936546796631
0.8282962605216361
0.25846303731137965
-0.7883499001233252
-0.42300759815624966
-0.41916032627803085
-0.6475441278060121
0.46324317322444347
2.1734158385612847
0.12350767257621395
-0.3304278321212807
-0.2032164762836172
-1.47623740813219
-0.598314074571271
0.33727314889361215
-0.0010794768644483144
0.521059075883048
0.9646639946892215
3.238623094027314
-0.051082037197300756
-3.6106726815199197
0.7555083602909833
0.5382128753174789
0.2940856089890291
1.3235186087600936
-0.4947477718539883
-2.368793992804957
0.21403701642696593
0.04099292947943162
0.6146590634506317
0.42114488205544476
-2.7632374173669345
-1.4007531238231101
1.0346992031829758
-0.7419647378879657
1.543587483308243
1.2365974453726722
-0.6603412540350206
-0.8876709307742574
-1.530323782477337
-0.7456059804399795
2.1139247235469245
2.9873534797365946
0.5725222289074513
-2.0876088363522967
-0.35584262824509616
-0.35090168209760236
0.6090081422967724
1.9245690267958406
0.8501682159317252
0.4603533523450736
-0.9392659641916115
-2.982826320756709
0.4272107705972882
0.8435283196099073
0.4207627960607508
-0.3024797435177071
1.1940296586605448
-1.1852493176332803
-1.081454444561852
0.15009002575214303
1.1010331287173654
1.0766554292059736
-0.9147854506653489
0.3468515865639378
-1.513418348679876
-1.9018002301655585
0.29710349513823786
-0.2665249848129625
1.5802655801830445
1.9536777396327905
-1.1195781938806653
0.378640807769801
0.7574527996171474
-1.9674416414504914
1.1193534556313725
1.3880622840593904
-0.8443346960235812
1.1716575200143144
0.3118920206645917
-2.189279758638055
0.406230987287166
2.9999895270991597
-1.2600971109707295
-0.11010348885820698
0.8822471832364865
-2.8405931884601188
1.6613745846826187
1.7310693240248165
-2.8772549762508524
1.073981151206022
0.5240138646835547
0.7780735958420517
2.302106402018122
-0.14828506940592456
-2.3842479827823686
1.207999277231091
-0.263534982078933
0.2749073898123464
1.798274717851923
0.11705209766081037
-2.0517087629500717
0.6899328724485028
-1.162135089571659
0.6416355454532789
3.418612054628249
-1.9156361545394542
-1.2583895845965647
0.06985417606395838
-0.9139306677854377
1.5655504204482806
0.6901387801415027
-1.2144245552379327
-1.401332874166582
0.30172598467643513
-1.120421630797431
-0.5362569554862522
-1.2863945050865135
0.9637180147457758
0.9885987362288713
0.5621640612367305
0.11138677512047927
-0.9601859392090447
-1.3909000069298445
0.11972957427619037
0.14266026316703695
0.8070135712202147
0.5437836547696471
-1.956810003546123
-0.3706958210344179
1.6735916782792577
-0.25442492978069525
1.8688451532545776
0.3584832944202815
-0.5746374839567225
-0.6643972187034088
-2.0213300200084507
-0.46839490665560596
2.318001858194309
1.2034221116493764
0.2733248934632521
0.30483781692832523
-2.7119444399936263
-1.184464373053704
0.9906811400748862
-0.5328092271230718
2.3742574359497617
2.3007411132603686
-2.098150769295048
-3.5212506636725265
-0.4896350925914214
1.4779170942243118
-0.38612976887136496
1.5778437272419297
1.3791886620098104
-2.340848561340441
0.06643798481369811
0.3377065046158284
-0.7053755665271608
1.805639422941149
0.6515640181593074
-1.0816561376073865
-0.4630791696247397
0.7398268075136984
-0.3422144252570458
-0.46644576973545815
0.4765310329745531
-1.6231128246388022
-1.8385748783055305
0.54012260148281
1.1869317024413522
2.1783881831466636
-0.06893811719767173
-0.6350163322259965
-0.2787345202167647
-0.28479950645203284
1.2152441645897842
-0.0012877731755757127
-1.4086564909172667
-0.4648352112897187
-0.8413637045483016
-1.1691059607612366
1.4684143557290255
-0.021636746051612588
-0.05461382743557708
1.0158460254516948
-1.6197156655862948
-0.5453578644009908
1.5629960933871407
0.3768771070877594
0.1217019781210052
0.049842851801193654
-0.3503284610931318
-0.5530340098721511
-1.3279724209268848
1.0903064696992888
-1.2032426647713208
1.0497120166057128
0.11074984010723088
-0.714750282540175
-0.16774185644010164
-0.2824641376287137
1.1108634623944174
1.0396858118435253
-0.21605145541468235
-2.0196124348836
1.0524655704017318
0.09035216014307013
0.520174076664696
0.6076104142417849
-0.21848554890126537
-1.2992166803006557
0.3853384243974621
0.5050897058012795
3.045364591824806
-0.8238812845639705
-2.673781011111191
0.3774917364450253
0.9574648820906144
1.0999699593856702
-0.12618431775890404
-0.9789891134755293
-2.648544411268472
1.2901873437341709
0.08146613986148976
1.6281459363507869
1.8696301942695217
-1.9324854320050207
-1.8396307375391765
-0.4433785593289902
-1.7862718697988265
0.15096707873033122
0.6142726584427833
0.5309840299020405
1.8565995078527635
-0.23660373612389865
-2.98913137004039
0.0686155320660291
1.552434234499962
1.7003356483860679
0.758859756944058
1.3616074381728969
-0.9295374055042892
-2.9055679689607006
0.2641554220328126
3.2256374695627015
1.0165697007160035
-0.03953448996553427
-0.4305626673844244
-2.3087492754855194
-1.4204254285918052
2.1801649694881897
2.8051434296644513
-0.8181440750195713
-0.04654657904300619
-0.9739478571974383
-0.31268907085819064
0.5502350558946704
-0.3179450537767326
-1.0739721152897816
1.7099296645843323
-0.3185808123327262
-1.49047862315848
0.005772459209517966
-1.0759233348857267
2.5246108820291417
0.41594191914445533
-1.2400707859449727
-0.7429486490717643
0.42719866204491164
1.67710003563024
0.3581553960924957
0.9024751189553021
-0.14195032491004878
0.8949380698066967
0.7383250058800248
-3.3482713409279206
2.913245965378866
0.3860863742929548
-0.7832552972637972
-0.13032125663230887
0.637153928327661
2.0203723792154142
-1.6289835933962302
-1.4881893589279938
-0.11874777049622598
0.6300832495555444
1.5422256962310938
1.7084067491993302
-0.06467931347060207
-2.2926965744645953
-1.041871976032439
-0.22544544058313165
-1.0085534133107539
2.334630015400375
0.9329923459460822
-1.8014664037552786
0.22951255243062346
0.9185811964017954
0.992380302104805
0.8463073825645242
-0.36084052804790245
-1.516238450663393
-0.04781384546201828
1.4387457486459538
-0.3886564951390424
-0.8809671779265755
-0.7895425302224912
0.7320710968509883
-0.5944064128428233
1.226942155328754
2.2758449047704747
-0.2693643747029739
0.5042859898469838
-1.4659753803200353
-1.1110851968542983
-1.4721171294503583
1.5290392236952333
1.7002319204633638
-1.2414737187510982
0.14835876278193721
0.03751955495108994
0.10228642448449676
-0.5058783176125994
-0.5110692429779096
-0.5091415856645047
-1.3058317665274815
0.11639215417262372
-0.9151471077030661
1.198841734363292
1.212492335597101
-2.230252872085523
0.8909328874529228
0.09808943885924387
0.10105776877204886
0.7764143753580623
-1.0132689618728574
-0.6883526677471696
0.8990937385651911
1.291612099684689
0.9793501625867392
-0.4662780000121368
0.40307311927600975
0.8695327073567396
-1.0415510546612168
-0.29435610771931653
0.6563056609394224
0.4061627296029288
2.6801019404012325
0.390415897704425
-1.8042728083550348
0.48315867557517533
-1.0992656646691517
-0.08401121018973651
2.1297968431848733
-0.250363377994868
-0.9638800311813784
-1.1966308839148494
-1.1058108629720032
1.3195795430603492
0.4971911100123172
1.4028903543285138
-1.4000180227103893
-1.2375854646624727
0.221014035068857
0.7480244277869434
-0.7947307163097688
0.325687245915693
-0.3160893228846712
0.01682490766247058
0.5940067269137418
-1.0976573053447487
1.1670985103455929
1.4685586348625785
0.181425102481247
-1.744088911736377
-1.213016771968526
1.3379945149047145
1.1108558323424618
0.6497705355865047
0.48781963344566864
-1.2908703467239069
-2.1328413683791076
-0.3608157687208978
1.6008812938043573
2.036897358920214
0.9930359229471386
0.5244897813440814
-0.16934648317365975
-2.391783142926216
-2.314806256968798
1.6485798225038624
1.6592195229674267
0.25805506502420655
0.5596927013149765
-0.8640384168445691
-2.1492293031229703
-0.4488624376113567
2.818074909125234
0.41102282415655744
1.4588406053353797
0.8815673236167068
-1.8030229361342285
-0.24093500414046937
1.327052948341996
-1.2144391793752156
-0.1534115923603835
2.35359174655427
1.4517068887383646
-0.5536640208338196
-1.9149601323140326
-1.374513856496499
-1.1189674780938728
1.4162637752871567
2.498758892280935
0.8878300108524975
-1.3148821908756299
-0.5563663008805168
0.42079922824260274
0.03891463660660277
1.2215240099596443
0.2862334101443472
-0.18209849674186673
-0.7305675619284568
-0.8652747419245024
-2.416677310208431
1.2299444382151195
1.3861854462491328
1.0021580706140343
-0.1054067879537044
-1.7322872097484636
-0.8373973960705478
1.369751344892208
0.7532004650197439
-1.9190017591556243
-1.1697137369403556
0.4722480685814162
2.003422005660328
-1.1225206318973822
-0.39523974570905446
0.4703308692378675
-0.44481066649274814
2.8423851689413877
0.38626601784521997
-0.3754651481222122
-0.7750452150760874
-1.3411274681449323
1.1286983137518696
0.04209098620712526
-1.6472727795866047
0.6936937759195569
0.3186189065565481
-0.6931464034326276
0.038833217474707804
0.5870829226036208
-1.4766420532454723
-0.35157557809748063
0.6667525983128667
1.5645868203445876
0.7426330072859026
-2.9054799503977415
-1.2647257415787811
1.3084325645700954
-1.5180244361620399
0.7892385076473701
0.979966767840683
-1.2915903505893425
0.945101207467034
-0.15445811514029534
-3.437435301015487
-0.3368492244452723
2.6925842114688994
-0.03417631993249917
1.3039641824788761
-0.23056869404878227
-2.5836771295437027
-0.969224713816252
0.0006263972144382457
0.05359933224868396
1.046734602542924
1.916544492682477
-2.2700753183070397
-1.069164510775193
1.124037759823151
-0.28985517481745926
0.8424301770074908
1.3034089699217817
-1.4773217847768385
-0.5156230447425237
1.9706821416177973
0.4869869945122372
-0.32208599333148313
0.08274378892023085
-1.2044890393724796
0.8701425804797152
3.7232974629396125
1.1262065889829147
-0.7756233138529107
-1.855235921678258
0.03133168354075555
1.2470987007856287
0.8529536575865666
-0.26987943960061833
-0.2612624156589701
0.31126836690171233
-0.020341321350201114
-0.524995563645652
1.727827166157386
1.4517724130171241
-0.8611429728103527
-0.2949227979603095
-0.42367600603393396
-1.998630147591305
0.9284749788658687
0.3860604576615382
-0.9403527235814406
1.130017587424497
-0.40423587428405944
0.7168389525470018
-0.7340008766900479
-1.3970084774314129
2.0426732277334043
-0.3355611092055988
-0.19740273763921784
2.0398908584608955
-0.5642891310690605
-0.7244454688926157
-0.08605276936228534
-0.8042474272046193
0.01591530433681332
0.49996356518349233
-1.0307355270015082
0.38537049756819164
0.996508657261716
1.220069824189522
0.5818919825952267
0.08636640801645912
-1.277426756456578
-1.1100171761666957
-0.42718301997136965
1.8113776213046962
0.9938888615944353
-1.222650034781536
0.8937166499530786
-0.4854347482083792
-0.13246340586349448
1.3264715132235358
-0.9970886511409656
-0.11215554215398993
0.5932522116144405
-0.5278019270920051
2.366681365516097
-0.25562944989934777
-1.269985560782289
0.11950021075092582
0.3149046483904002
0.12457213061451747
0.7933282645222091
0.09006219881057885
-0.6287023904978731
-0.9031403303485523
1.2942305165789065
1.2150735669132944
-0.6350271339018385
0.3274189437789013
-0.7572500064992429
-0.4648040868093331
-0.6209545647347272
-0.18507392683552965
-1.2496245239097987
0.08352552113164646
-0.9770874985426462
0.3827335561334997
0.2414194645411405
-0.24855326215967316
-0.06390765718124852
0.5864803645302126
-1.24365447336611
1.5080942049061723
0.6733063204926749
-1.6484522496611864
-0.6091088476831108
0.004786022945063154
0.5480897261556843
0.36273836566074863
0.8994414046712688
-1.5077064152676551
-1.725554206344106
1.2912328636093737
1.7225815772824755
-1.0731228772269739
-0.5674459116802333
0.8100664887369228
-0.8831527498768033
0.8354389485847897
-0.9820006099031631
-0.9573962250689184
1.3996953251877258
0.5665494285848514
1.321542680906012
-0.04131720896578012
-1.5824802142754324
-0.3083623179634175
-0.935704889145065
1.1590165956388214
-0.308293110849132
-0.40680285536075905
-0.08815736131522822
-0.015145387666804677
-1.824813708118876
0.48158983624890556
0.7668282152808934
0.007513501858192634
-0.38149505784073434
0.8461597176454047
-0.24553216481180468
-1.085747226833375
-0.46639611510025003
-0.9633712186066365
1.1886379594115732
0.1847948303437288
-2.790291133034191
-0.15620560787714
-0.12770950998683783
1.4808676930607547
2.122818995846586
-0.757924415904917
-1.0856879656190261
0.01797789073799666
-0.6934568811853399
-0.6327620254811426
0.5035271759894682
-1.6558173093639663
-1.7226908537361798
2.164922994050071
0.9139394232156588
0.2723607830092225
0.6612696476189566
-1.486082883301962
-0.5339387532320088
2.2669437071767753
0.22228474247041385
-0.03080300442893441
1.1362216795002829
-0.768940489253259
-0.5691637258640676
0.31249684832885605
0.7482977842065642
1.2000050989637212
0.8498363002237306
-2.090961404290309
2.0597234146668297
2.4085780122932925
-1.0705252794030395
-1.9476824529768872
0.7445800596843485
0.0862242091191811
-0.7708562062745323
-0.008490727816547139
-0.14932218315848822
-0.6420081455914313
2.7832905735125344
0.38862519399419126
-1.753987871789659
-0.5747956097284723
-0.6526096395881225
-0.41108171710375657
1.5300482503916526
0.24170982257045204
-1.251345761283824
-0.5809383261439943
0.29483806064175627
-0.2636492833551214
1.34585572949648
0.14491293951245005
0.2221961182241109
0.131134444848107
-2.5320679934428574
-0.581618128282109
1.4530987691721544
-0.09473853369704077
-0.40083060581849395
-0.37009875845206325
-0.44665486732573084
0.27930365258958073
1.0252331392616858
-0.8611694765124943
-1.744588244574369
0.665854052537272
-0.5710038997096805
-0.6882597469031764
0.9936438091513067
0.5672649095048006
-0.8351104246918846
-2.1964873128816644
0.5904218715806714
-0.325365576889173
2.547870120627363
2.3012673874254146
-0.45019663414188504
-1.3190176371443059
-0.1882909375622861
-1.0182467209838748
0.6134464894248994
1.851166769262927
0.25653570891881394
-0.9904487231783471
-0.27812939875180076
-0.9838171405160507
-0.3049672009960894
-0.02134708367248761
1.5858135418341797
0.14565381546379907
-0.19970579062580845
0.3539378638007766
-0.47591426644193024
1.3627776178506406
0.24813068072392952
-1.4385942513192116
-0.600017344276037
2.199396826207609
0.3625115316047026
-1.1905734059939022
-1.2052492489401767
0.930182167001345
2.423548018949644
-0.5407260697945615
-1.2561955582790088
1.266431306579599
-2.5186459121680143
0.6619742133589512
1.2442699558450354
-1.1140014203853235
1.4585298366665622
1.9577018178815264
-1.0162907275986086
-1.539379765549684
0.5157956816570803
0.29518456931892345
1.4804254083859298
0.18428572663385523
-0.623685661747214
0.19129278293589447
0.2492033323622087
0.6132672124052724
0.4436832393015882
2.6842263853120487
-0.6127125599490892
-2.1241532003533026
-0.21356887052870668
-0.010696102701167887
-0.8049097743842579
1.3841120261732347
1.0769515358583415
-1.0107863848910863
0.25526063068862626
-0.8223373702606491
-0.5393238730260799
1.3747745022747822
0.47403314615085274
-1.6717467834540107
0.010435288532960437
-0.3953508386151954
1.6269911760467572
-1.5833673778187065
-0.4093016688595598
1.6024149740694238
-1.0587756066250582
0.03474503983990369
0.2346294754570275
1.2245136078630057
0.9660842901971632
-0.2831144097716323
0.7925680507676776
-0.24265221277517468
0.6251716570569557
-0.3683041392941675
-1.5970294445925823
0.3395071775740758
-0.8547737802955727
-1.3043025702341255
1.0064033443205074
2.103540463508502
0.439368639627516
-1.7822227245643174
-0.6798399636664423
0.9379616792418097
0.8530291334956397
1.3412249544642352
-0.7903619129470569
-1.2559472979474833
-0.7401453372315613
-0.3945508592830906
1.2841267514114691
1.2476363681637272
-0.9535231158489037
-0.49731737780280394
0.9847018699254643
-2.0638674632031515
-0.6279746677606894
1.77939736329204
-0.5963821271902581
-0.17750310054648388
0.8262305528818822
-1.1083336295191062
0.22821849848778314
-0.1953175253739594
-0.29908283067008196
-0.08651656783485706
-0.9896492367411882
0.05005635319650546
1.7586945487158978
-0.36630200261392104
-0.5355203340129775
1.1282433583024953
-0.7952832180407547
-1.786034461257865
0.6409361560457745
-0.33095120500900876
0.6981211759962415
0.037065345054649645
-2.3578256419786943
0.8509066546604378
1.2736790507697684
0.5265068490750581
0.12223020955328529
-1.032964837212179
0.1275407776208921
-0.16234367205905542
-0.5950626744141819
0.6824193553377309
-1.7092073714656142
-0.17468264326344396
0.5085757358990229
-0.3725419997224405
1.3286875056951097
0.7555510263647596
-0.9654667279623274
-0.8973596331670326
1.8298457340850214
-1.1172521556014194
-0.4302165341755611
0.4964803995136736
-2.6667006602627716
1.1478707348640047
-0.3285575957915359
-2.0506495411274273
2.2110687982432684
1.0219239498338295
-1.1258766395268263
0.5030757313025882
-0.9512373858851595
-0.32919393468374036
1.110475685093219
-0.7454896719727291
-1.1732204912365243
-1.3423700835928614
-1.4169401922894982
1.0565949235906198
0.8410477567609195
0.36684108795037185
0.9004746472458485
-2.986252584253219
-1.4099460533487438
0.5909026915523602
-1.062268056934274
1.7613907175043146
1.1239269478735185
-2.147615710102262
-0.20521376613048048
-0.4954908313500238
-1.224636721189992
2.612113138736139
1.7320167463250395
-0.2982749298471544
0.10426890940375727
-0.8600049138326404
-1.5509102684661413
-0.043144780879051714
1.8044630320724755
0.1077236323642694
0.645871704008687
-0.834220691998585
-1.8834347781533434
0.8954117704452118
0.803853242133047
-1.1635881620333006
0.3488617256220765
0.858645253910705
-0.25843418511173877
-2.7516573921230796
-0.014056452693522958
1.2682103163196021
0.6012050467989938
-0.6783288285863581
-1.6162365402576193
-1.6623177978109147
0.3922956055371872
0.8833411785356946
2.8988503255926634
2.29430362498542
0.3877551494477589
-0.7346874411523777
-2.85457228752027
-0.9667398544616755
1.5887943698554192
0.25337725111189335
0.6549604705923396
0.10695880200550745
-1.386913975405858
1.8249903252521713
1.6550013234270846
-1.9974502278606296
-1.1104331617536216
1.6225854633387997
-0.14893026878322396
0.49881416654821237
-0.23392534094480055
-0.7492785014302008
1.2843348037172664
0.6020558888185849
-1.1552734162799738
-0.13144830850751824
-2.563699711524208
-0.36451566274132474
1.46252206066223
1.2703197522930683
-0.09127719976858806
0.27374338048701835
-1.3387405021461203
-3.040253532850964
1.919766967205488
2.313910659715628
0.9009132154823215
1.2996870708890063
-1.1342079659208362
-2.5206570471747436
-0.11325692813107754
0.6736478694673295
-0.9988306941923564
0.06150331313044344
0.20921041366395
-0.7043599169841932
0.3771532274922637
-1.3852248856916223
0.08010818013445259
0.5357080008611503
-1.0967829138286633
-2.1469878201441084
0.8508573596569242
3.271427349564946
-0.00928564242965596
0.7108159663497382
-1.2720763099555463
-0.42506828425148946
1.7747522266615845
1.1881083692573577
0.09147511214978332
0.9392971631817677
-0.98549152603571
-1.4618069997174983
-1.2990001549640657
-1.565869593318832
0.5243232119094302
0.44415875513710423
0.23123637870795033
-1.9467284321695955
0.8364714486580367
-0.08066897532944817
0.550788411619021
1.927498021269807
-0.19463692407335964
-1.998543647519191
-0.4349052095769016
-0.8798395346507306
2.079637095023846
1.0730782172971964
-2.2138471232342503
1.2036292874467698
-0.0717793752221498
-0.12546875443925676
0.7019690243624723
0.36830998166518303
-1.151098202039392
0.09203051412941085
0.23490200253755497
-0.7521485728723054
-0.6814369336234998
0.21330156224336688
-0.3656122809527751
-0.6157946127814657
1.9206773369096657
1.5252053372777343
-1.7138545795450857
-2.460000500217018
0.07187926272229825
-1.0692692810088744
3.188008071905154
1.2285524182895575
-1.0757636242226687
-0.18822911459000594
-1.5736964124582147
0.135415199848249
0.7324300010015454
-0.5521995534319181
0.2319898157234509
0.23619172312004394
0.4056959943909641
-0.20297045078776807
-0.697015949957586
0.2720135558787561
-1.2255255830968061
1.4366898512062312
0.7743201820680785
-3.2084603462003667
0.13771675511695342
0.36038027482794655
-0.10027636581409555
1.5736583188014825
-0.3664521175643001
-1.8189344594514825
1.375685275644155
0.4674742313391218
-0.6152976875268185
-0.03593642679939024
-2.186299398237292
-2.119444802259246
2.4535317406655004
-0.6800349513400143
-0.027915146435877516
0.9673256008459826
-1.907879707882945
-0.2445666148568711
2.001743849423472
-1.1196573606074547
0.7008672119063241
0.2402746881756591
0.015472133588404935
1.6868722320134268
-0.33574121579522714
0.2394488011633804
1.0363132782694973
0.6174037972257975
0.02968504553936152
1.7531811485202553
-1.4650185475355904
-1.854676469127424
-0.3929812450356286
-1.1640742829605122
1.2701191949716268
1.7361542656083935
0.1995732496725297
-0.7133631129653024
-0.25953065762949074
0.507246033054039
-0.9962789047551215
-0.20306036099145802
0.1870255549234659
1.2734309041654384
-0.03364121293996297
-0.04085127295887453
0.44974787614238193
0.15156380939681124
0.5785563510742069
0.2629381600550026
0.09272705030064399
-0.01164015640853211
-1.1843524633526095
-0.2482650628387412
0.6523517733478272
0.5896185303784498
-0.9214678950168331
-0.12846179109379938
-1.37508710078597
0.30913412748164776
3.2633076783908668
-0.7576273638390242
-1.058544487110995
-0.060365528028975796
0.2241503398687008
-0.8034243465028944
0.6212180416241777
1.023670223151015
0.42907533418741894
-0.698274534479288
0.7384933706898379
1.4467452488138375
-1.2202422536726725
1.2219964635339766
-0.04317240539496714
-3.2266260936218085
0.7664492753923722
2.902114001332383
-0.2657460279838758
0.6382741139931414
-1.8894282502412825
0.037184652820391406
1.6522470843615844
-0.9192517325208973
0.30764434715686895
0.7008253467656194
-3.2747509960270387
0.8341347138182553
2.9638525968210065
-0.18073255446894632
0.07289427019200559
-0.37165526326941595
-2.349065851005151
0.874933393744236
-1.1948070288686639
-0.44458898336766295
3.196190606255839
-0.24915831441730868
-1.713311785765643
1.2653262545755588
-0.12819770061199653
1.0902296327003538
-1.2034594626195139
-0.820785225845326
0.7188101691304911
-1.5617970221907014
2.088592914449194
0.8645039851588554
-1.6053424031208388
1.5865686310511928
0.04573114924782856
-1.3900860635573593
0.27181013480199756
1.0304269022535775
-1.222286347235113
0.32497385040120685
-0.33643571261033584
-0.9042972633238128
-0.19135252998227337
1.6142855154546576
0.6603092043221377
0.308731606638781
-0.7832841551176366
-0.30813172889767326
-0.48507177863985596
0.33623260958671597
1.2632279496178036
-2.1240002893264296
0.31300010728074557
1.6153652476282123
1.089096909876821
-0.4849347569115702
-0.6429505728354226
0.13835593766950538
0.10061108747524478
0.49094137437141383
-0.2228422829784089
1.1350765596208314
0.9389099574196507
1.1241715462409163
0.8004319598729
-1.807709776170809
-0.006521881044614597
-1.6702929783238436
-0.6933965077560398
1.3628124151515042
0.17290619803076113
-1.319380818219424
0.853223631550011
-0.04992504905424329
0.513691526986594
-0.1364919500356382
0.24424228343366172
1.4601548200125924
-2.733941219590033
-1.1780066291199143
0.5566759892258001
-1.2317221784940737
2.022942853196785
2.2415964930729544
0.6703850393371091
-0.2937894983869037
0.10968332270859649
-0.7791015553712732
0.8015777617529519
0.10634886869811955
0.47869006036369904
1.7735880389074548
-0.2184352873017843
-0.6402631291100616
-1.1582257013224306
-0.6545298463002378
1.2787773770155768
1.5138036184799066
-0.8008867262792851
-0.3045168351562013
0.7661037514896892
-1.116272770238608
-0.5463917100095346
-0.21314670125938473
-0.7082548346546524
-0.7005947667404278
1.0953877220246693
0.7503363554444233
-1.1124001154926444
-0.3437483895837954
-1.0476058061439626
-0.006460451734774525
0.772869562739934
0.2376985577826026
1.0255236298583865
0.6857856754607896
-2.1419491686808083
0.934105218607395
-0.09615968565925048
0.20658238464831702
0.30375702316354924
-1.2737718013498207
-0.41296778948921425
-0.7443422379727805
-2.532382596643407
1.9909028543434497
0.573105898119576
1.4025392765965907
0.4335943979955532
-0.3963807060652951
0.5207437141784104
-1.5437498029413992
0.7190054350736622
1.5215154409637637
0.1332248533413214
0.4460175283301021
-0.9860712307542299
-0.9307526390752187
0.7462360465399471
-1.2768801369578924
1.802317978328171
2.0552937380877787
-1.7048822937502592
-0.40542847535521515
1.5355888260744561
0.5422565180231124
-0.3582058207505718
0.02811283306125656
-1.6832287496385736
0.026407071136805627
1.390067761156427
0.45699946368719846
0.8353898504386678
0.7026521464911728
-2.311077600895149
0.896045481077361
-0.1350375591387375
-1.0555640312321324
0.8554698437863673
-2.336198298746238
0.36245404410873155
1.8802999377295417
0.10988465532193559
0.058381934413064024
-0.14540856948816375
-0.5878039466731964
-0.6412053079066453
-1.0255992957559177
1.6332285685161083
0.8798530499251409
-1.3688586662931312
0.7747597283114649
-0.2539808952849679
-2.657236593619269
-0.39818055328121793
1.3243023088266344
-0.2722167202452202
0.4682082804824943
1.5018463146761474
-0.11243607124463673
0.16986322775262286
0.1716460405526144
-1.4982935582184516
-0.12679358906398602
-0.353984379324329
0.010814412011870202
0.6037593091672444
0.330714723926166
0.11007412525129545
-1.2793535176487378
-0.7298833932676924
-0.600243312978105
1.593954511359399
-0.20531739217155676
0.019345473524318868
0.5706385583904025
0.3578350868076696
-1.1140745116329154
0.6873724229251027
-0.3325972217325494
-0.6209942179188845
-0.906986332613629
-0.24869162721140387
0.5502541114673739
-1.3525098533718563
-0.32065428603427076
0.7457636256940678
-1.2928152737415344
-0.26623688211743657
0.42769319387981375
1.9897498832982752
0.8442728820963681
-1.6733716727482664
-1.1473892207122316
-1.5603118043310187
-1.2437648096950915
3.075979696295098
2.5441417765415846
-0.6622671385945854
-1.653494447083386
-2.0598756051470684
0.42488372683507725
1.8622837344702197
0.008385753612698998
-0.38185190300591537
-1.3441870339536182
-1.381016728169154
-0.44178990446433575
1.2513200001988616
-0.9761423507233764
-0.2735011288702416
0.32925692117454325
-1.1857243749285111
2.193202823697165
0.370726578107876
-0.9838252355192021
0.03922759045772184
-0.020485878491984355
-0.7676835502268408
-1.2931443915123104
2.1601368453451903
0.5433646293550044
-2.2563389066703112
-1.5477155157906932
-0.0039396119258863285
2.8239416641183483
1.327553817942424
-2.2565721197397695
1.058258038282448
-1.33858981800449
-2.2158098887271995
1.1438792693454836
0.6647762897424325
1.130326227494512
1.2883024255372075
0.06414331962497322
-1.2130913571293533
-1.0985262509760307
-1.0153326715599782
1.6244535435472545
1.7159770819166598
1.9024059726808829
0.7962876296538464
-0.2201076093353438
0.3404687704353564
-0.4231719197808006
-1.4964520188476689
0.09703969351276753
1.2035089002471153
0.8552429472255478
-0.24085584403661692
0.8869941579809263
-1.2058924483728863
0.37893341030237027
1.1021067396425235
-1.9876344809063817
-0.6247299956157032
1.3076737970607146
0.04117994095763289
0.7270901804636921
-0.36786784559708596
0.20556816821312673
0.5675146112546892
-1.228739079525404
1.8218783513738923
1.0695595512462468
-1.08990373943053
-0.5334247416655564
-0.7402720326078205
0.7212580813830635
0.6490777146674034
-0.7341177595265154
1.2212293715110403
-0.018092709224946015
-1.8599620943352084
-0.1490380128399887
-0.9528157048600194
0.28477752487516045
2.513153489563749
-1.1852192652340174
-1.920956818356042
-0.6423475704021439
-1.53711311272245
1.348076950585007
1.335581735781254
-0.7079551063889381
0.463806528881244
-1.16532247664392
0.4085651855990007
1.7756478638349409
-0.40315183313247027
-1.8353533453112143
0.001101294447030359
-1.4036402454249615
0.2963367036962191
3.2968337811262853
-0.5683620796457116
-0.46205449308783164
0.007020666574527212
-1.1253589735776417
0.9425594272292249
1.2431465615846942
0.11703904528649767
-0.7204276520510369
-1.5299830009571265
0.4395450101920426
1.6641317334390566
0.5817095969850914
1.5598672226912238
0.24491678041258258
-1.2801035332805144
0.8935739782262262
-0.26261434204095957
-0.6919631972268026
0.83000703493883
1.8309939095301901
-0.06945921566487803
1.6735046131063287
1.3724471552255157
-2.2275057718417637
-1.6909365286903777
-1.708966420107097
0.41066222795703583
1.4889812132412634
0.6388953725715535
0.9243631710946627
-0.34565509186932475
-0.47607644329857657
-1.359914745153067
0.5243062759077943
0.3289289523675918
0.3475394243427131
0.014072060717859824
0.34060687083124025
0.43379242872984963
-1.2942607338027599
0.01694921500906632
0.34303830524791123
-0.22347311311862972
0.3288887543151324
-1.2850491358251208
-1.4208567891229502
0.9719759342477869
0.9081637402653706
0.9926680576519022
-0.7947195820345773
-1.975747382585789
1.7506633170460577
0.9989533027869238
1.1722257804753629
1.6510444510642965
-0.8493163703242731
-2.2535923119397134
-0.29386646625901125
-0.6896068175473193
1.3135715610884238
1.3938845851965784
-0.510775242744363
1.1623428364735429
-1.4442276340104894
-1.1341397694052702
-0.26284481030661955
1.197475443934355
0.8151416224099443
1.7048028266198578
-0.3232481353088082
-2.736368410390059
-1.4595286889188717
-0.5395704003023625
0.9441737821659195
1.7111118023076146
0.7944442908653749
-0.21877691174516195
-1.508012831231305
-0.48718278893007616
-0.3365993366419516
0.0023987588853845443
2.488244437513562
0.9238795446165509
-0.9015433315081093
1.3621418510979244
-2.5471698925861155
0.014016022156621455
1.3888588455910407
-1.4849830664622288
0.9976817169911196
-0.4002105938624133
-0.9723189408510378
2.3213668102723357
-0.3070412490705278
-0.8411951512545524
-0.19651671375888013
-2.41820094457044
0.9290040645932033
1.6505933951431977
-1.176416217465757
-0.1401981104551533
-0.6480608339048146
1.4390911559932968
2.1839669021427404
0.4521415211789761
-0.9704937294548366
-0.9924816756889592
-1.3231840652795044
1.4848822782389255
1.976889040830044
-0.22861314299096766
0.22453367226100363
-0.187051430227275
-2.413788687203949
-1.6697291944674733
1.3634025519627841
1.0271242545086035
0.7811692271321806
2.1428119401919785
-1.829158417174509
-2.7677193566726377
1.0328589551533758
1.393716874476191
0.20228810401637193
1.4924041151558844
-1.2344394859058534
-2.186443259735549
0.9859224905645876
0.7358828990222246
-0.03952818126692165
0.5943455959389492
-2.1445051885846573
0.39286787461350103
0.6350758277279677
0.04737583051289462
2.1443895434225357
0.5699699043168674
-1.2269824179373647
-0.1745519150983905
-0.8040570824323017
-1.4009315652260317
2.1140611095546022
0.7970020400220478
0.11603360021516562
-1.566333978118667
-0.955150222758224
0.250410643987661
0.7934113071510464
-0.6565003178679191
0.6396649593724442
0.9979331757358207
-1.057420858084666
-0.22418456047310556
-0.40874219523311006
-2.0454365885106984
1.5848267304447652
2.094071338496618
-2.1060270738580122
0.13200846340971614
1.4948457728381146
-0.41279494602549827
0.9390962733309086
-1.3938929149941102
-0.3145464553224623
0.8916982958634165
1.0129381587943918
-1.936799556527589
-0.6659244514641558
0.9869779902350264
0.6138981322520187
1.4335390797347254
-0.6581265880825036
-1.546715191717933
-1.2854396254036593
1.6243532856491565
0.04754297025331833
-0.04381525304275291
0.5973996150471876
0.029475626425830126
-2.8557374485768916
6.167658207236523e-5
1.3476090272689125
0.7327598238445279
0.49389296045860087
-0.16889529981746706
-0.023155280974737957
-0.5016307204811271
-0.6913163923285354
-0.17201405532005493
-1.2616744180064987
-0.5850959033302943
-0.31515419768611186
0.37714454062109704
1.1269235418517591
0.8381282575043119
-1.2917418239189222
-0.9942819059663569
0.2610137059505423
-1.6104016706427413
0.0003877700475904966
-0.10299542352187863
-0.03524860246970983
0.14089460907541795
-1.2345085562879934
-0.6151747763503645
2.746815562638661
0.20797163767734433
-2.1953406491769316
-0.37185419463446
-0.13029340797093156
-0.702829840589494
-0.3640461128679735
-1.3467829473393353
-0.016021387812460874
-1.0904819120103197
0.6089215076721395
2.192303366498849
0.3150277609013883
-2.0518971744869754
0.2715500916428508
1.2362030120028127
0.9028430674970663
1.0672122648481657
-2.1161315593998893
-2.1559476599804617
2.1941540524585794
0.001192980373262098
0.2611744697601211
1.2435123475680023
-1.53033769812534
0.23689284678883693
0.3924748847868032
-0.030300044699088757
0.2576129537888941
0.33209720759837713
-0.6195313108247124
0.4501304938368146
0.4644462655598147
-0.017679129032893703
0.6528930134881306
-0.7580342718466093
0.3945574070456822
1.2463250033567541
1.2123640201004249
0.4046846601395887
-1.1464789974652845
-0.5901118285490216
-0.6458722836714259
-1.198196577849702
1.048674381290451
-0.9607284640409461
-1.0635459554215685
0.39767909264628165
-0.15590781928414285
0.5893791447104239
-0.2631746070015969
-0.5724869159508835
3.0407675905965452
-0.13138190919922627
-0.6817080970197259
1.6521952573208933
-0.8204375654455935
0.9834207442005578
1.5726886522879675
-3.0684883476407965
-0.9961134917880742
3.1138948517346723
-0.6155886977507938
-0.6437405220348164
1.1146725485124618
-2.4193457717069906
0.49075099353251295
1.720695019481462
-0.4613957152146645
1.1461595990647253
-1.2290475891859325
-1.8038767276281964
-0.156550177898783
0.14399062904649615
0.957527532546337
1.9383990940714122
-0.5770474705363129
-2.0041110947831533
-0.7568296648549357
1.1976775771946535
0.3132540425091175
-0.5970830924919948
0.1787916719983199
0.9840509417512097
-0.9508434824885503
1.8132387874146503
-0.1591037278476724
-2.4662007091477864
0.1576373016889011
-0.5846418650887409
-1.5541121053219853
1.0261986774403902
-0.4313799567990264
1.4661151473342988
2.428915060639489
0.865255609535514
0.07310397655731893
-0.8603453662243767
-0.7366314794303258
-1.7576676078530113
-0.14810388241644495
1.1011565191795183
-2.314014504768415
1.4118955664644948
2.713219594872604
-1.686830045431225
-1.2746913365451742
-1.3044685529958708
-0.28676720284524343
2.052864387457582
0.7403821694876812
-0.7455998228771412
0.02877934086687703
0.9511289257350789
0.11048666030041854
1.5431256678950658
-0.7123172510833347
-1.0372642478753133
0.5189944890051583
-0.7665862123272547
0.5485880357396584
1.1505939312047613
-1.9604801077861145
-1.6403007033569703
0.24374433329581685
-0.5112182481570869
1.0701022328590635
1.4086404620919335
0.022252843533457356
-1.7252416355483593
-0.9232130090113897
0.009379740826909677
1.752488949016398
0.133890605438302
-0.6467814998751937
0.866937328341997
-1.4398659605030437
-1.6453914137376113
1.7925245926124305
0.6210386666931893
1.3038906012055578
-2.0500950285460036
-2.11834105031925
2.202576388520456
-0.33646216316667343
-0.3127603440359517
2.1023605196110617
-1.607366636263969
-1.2861418953496382
-0.1834780127725999
-0.23133993053671129
1.8441830829767683
1.9336934497992355
-1.5217797536056064
-0.10276945608904064
0.39534985214506246
0.10555125697893075
0.47479296450025454
1.1243359344013202
0.08161935151290839
-1.8932701091727855
0.20866366223435767
-1.043814446383232
-2.262094661918447
0.6619724119756772
1.2842060904647605
-1.2159276155236598
0.6481025256850479
0.9137545208312374
-1.303945865550228
1.1272655083857188
-0.31265682736946177
-2.6764827390161
1.25291244191941
1.5674384574015203
0.9654622813696438
1.1433796434940016
-1.2254251721518334
-2.0096579869342674
0.4592777162042738
0.3944696705725559
-0.5938625462187159
-2.1394157505239035
1.2276578740206352
1.313708038851555
0.12026446284634545
1.2467567216864732
0.8847072292727582
-0.7276042862251111
-0.7208917910515101
0.2477406517523555
-1.697344939124598
-0.0565079949621477
1.0147861721766729
-0.10271063388840104
1.1565834934321249
-1.0190943101111978
-1.2938986568997373
1.277340011136277
-0.26504529739654703
-0.45330438149190955
1.8441717569368292
-1.515475766128982
-1.847014273302746
2.3834159658405794
1.0207027827893662
-0.07650966265075271
1.5800082654155714
-1.3759858874562845
-0.5300667775898784
-0.13887499047625718
-1.6379866866646529
-0.018928467164776253
1.5638272056900078
-0.13228496169616089
-1.5594078815245984
-0.2974492362786866
-0.2034885339392652
0.6043259105203713
1.3368730270894122
-0.36798651795098736
0.2891834184327057
-1.0752459562352195
-0.11091566094046201
1.2012550625966107
0.9890193009164339
-1.4681076438389322
0.5970936938670245
0.05354409964576071
-2.6983840917244564
0.11988870989382927
2.9263104727100844
0.9396375746730021
-0.7358401526700723
-1.3908373786574817
-0.6386340339024594
0.4640712242084646
0.964901072187471
0.8394128506185767
-0.16349582040144536
-2.912928562426169
1.1436634249401654
-0.196974203145998
-1.806929262158028
-0.07840243385593526
0.08227355509291315
-1.0104067564444787
0.7481572229166417
-0.7616671782795501
-0.1558699251482064
3.0578441095298836
0.37612995665455184
-0.8964357171562547
-1.3149530318365374
0.7671861647214027
0.09284155617003415
-0.1489712462638658
1.1479410966360004
0.2544851525348432
1.2994728297647269
0.5779799156515029
0.04951692358013782
-2.0850366888738128
-2.2582739366614444
2.0728555272332607
0.49136210519282497
1.5053331101057075
0.7809033503014675
-3.4369138352362727
-2.2185117844852327
1.9703628486334313
-1.7779279093668383
1.8596228600767395
1.1078279368066153
-1.5597413714688648
1.3768149120551674
0.4211640689737378
-1.650162818552883
0.16079437433353416
0.1850109432985209
0.6138254937919283
-1.0692525308933878
-0.46041281958741276
-0.324554363669157
1.4594601362078972
0.15568529314073365
-2.153468882304606
-1.4413317382980415
0.17512845176482988
1.6096941067414985
2.506345930913529
-0.886019064071304
-1.692711677500017
0.26911118784408056
-0.2910042944064901
-0.07378543202262666
1.9057514371193174
-1.1074942249579856
-0.11947856362107256
0.7887401084818475
-1.755500563715823
-1.6110935974053775
-0.7897316964081078
-1.1060484368642163
1.5309432846172988
2.2295907773608987
-0.51032052367566
-1.4544322566200065
0.0316456970830683
0.017188321743951296
0.09206666768689553
1.2648246796343843
0.5054511376094162
-2.9556320303565133
-0.6851928837390933
-1.0967688369404003
0.3213584084431399
0.9582541117839463
0.48184599974534736
0.3393706612840222
-2.681713477001426
-0.8166940394728501
-0.2930702113727084
0.12382164370425801
4.316692218410634
0.2702344320843156
-1.9807579298369147
-1.28433613426878
-2.273650600540864
0.5026760606830467
1.7814443059089142
0.9436782580848911
1.9365571594129982
0.22290278711216116
-3.9743338970944277
-0.7458253706458947
-1.4618345254408722
1.1128414999183722
2.4341853665478608
-1.002931749224346
1.4708760152516316
-1.5297450628022347
-1.5267322598342536
2.756049592398216
-0.08331835779815398
-0.9650533536808775
0.7117256346821973
-0.4722221160149743
-0.20820348390074994
3.190194719070662
-1.3494843275968913
-1.3626931141583498
1.3301223566527387
0.35823327045627684
-0.09228924000671546
1.1319386114287742
-1.0102025468004943
-2.577148206251234
-0.013247625713494249
2.268718155730056
-1.2118484731434087
-0.3185714533238554
-0.5506207371219325
-0.5284785617698731
-0.0843157942996694
1.0086459422957945
2.6217453665636943
-0.2904268193297457
-2.622792905768387
-0.8500690493327461
0.24533376415745803
1.4494121611277144
0.9688465382048949
-0.5515848942338311
0.6168728388424162
0.28120357483459457
-1.829089746062993
0.5371814687729065
0.7126371653919085
-0.10856640043177013
0.8914098161398415
-1.5506498467533778
0.0643724170094494
-0.4375450077202866
-1.8833452926376326
2.8009436508753773
0.19048575428663783
-0.879757380717879
-1.0694852130220074
0.21828432892385585
-2.007938222067027
0.1408520097047479
2.5111506750432953
1.4966773061691718
0.46518460908114545
0.20414484986105141
-0.07145171746957768
-2.3972805804268704
-1.4257209523451273
2.305835232383724
-0.18486346064819836
0.1674904937134551
-0.36215804556328024
-1.7465744379428392
1.1226826560774736
0.0823995855505062
1.137833560739562
0.28805473446891117
-1.1932101951293592
-0.711703286673355
1.5738625159139459
0.4048606496222952
-0.7360035635156151
0.8833679127281227
-0.26223861242957286
-0.1774418425528091
0.14819271774570847
0.04695180596254045
-0.13409433071052668
0.36130070451709617
0.7104101099114487
-0.7723010441174434
0.2269981615691416
-0.5226941579404524
-0.17199426136312052
1.678988529786168
0.9847865900906543
0.7827000830437107
0.757285196549678
-1.2571156068140765
-3.0885921762972206
-0.08226561973392404
1.677128445337373
-0.2923027642286079
0.6943958575038591
1.1172965277238691
-0.48995531890237387
-0.15656170879844522
-1.3631180141325643
0.2509638371703464
0.9290559788411628
-1.8951939521916947
1.7564501047788532
0.9807043793352883
-4.070734025823898
0.5521273672158052
1.3237144758282007
-1.5469789889125545
1.8624353016813444
1.1103778147095853
-1.450380086042178
-2.2470652291688324
-1.2442998720508287
-0.40537073724789296
1.2543161248119752
0.0040085103262639254
2.955905869521804
-0.017272921778541978
-0.20106218144275023
0.6351077227727697
-0.5164433970077001
-0.947840155686551
0.9931400802427353
0.5284280225503805
0.29810002526326623
0.58875586440016
0.3989181141349152
-1.9955048041230634
-1.0474811005916327
-0.19082874477814438
-0.3290944140836205
1.8123272634498417
-0.46496241764168056
0.7024094378610188
2.2017655443502595
-1.438783228728555
-0.34134615856519757
-0.5971386385375936
-0.499382704130934
-0.09581152745664934
1.1707454440838108
-0.4922486217456965
-2.366340944563593
-0.9591863773589392
-0.6505322241027582
1.2145568470450105
1.5043413681979159
-0.43072767280987606
0.9358913568418366
0.8094487373050431
-2.5961054450319465
-1.4655774533644075
-0.5030801902814098
0.9085933798901651
0.6265277689779518
0.3653542649075697
0.39153431689291646
-0.48113965325760366
-0.27285106339682336
-0.6359020336126527
-0.17370953646747875
1.4939964050955759
-0.04088363518113425
-0.230042738785018
0.5826847209430038
0.42963504106815276
-1.4177610129719986
-1.1306889324241596
0.5003901001329139
-0.7592371033651348
0.37686559514289225
1.256707741156152
-1.3661726539298342
0.6260263348191718
0.01041634656784357
-1.0013020768976646
1.7355768372136708
1.939142659395751
-1.3913490104597566
0.8656560136925263
-0.37330406717213027
-1.697821739972985
0.46875938744480156
1.3151019368001402
-0.6645724547146883
1.2476804078144297
-1.3733713448159643
-1.5164750131808324
0.7682668681926337
-0.08388082798378443
-0.20108606947900454
-0.5872646597896628
-1.9425418881900018
1.323128359723357
0.6135388727356044
-0.6514518674607127
-0.7335779825223343
0.4794946898919445
0.14932227598965192
2.020131394882683
1.0389059876235514
-1.2505894115306353
0.7334689443568589
-1.6363573213210674
-2.775778992529837
1.2965162563249177
0.8317465007276533
1.837818743223322
0.3564506429733434
-1.8772760821394159
0.9473463473146204
1.059829652781842
-0.12293851948065071
0.2544125025155377
0.26133241132890905
1.5266500364497269
-0.8447010486850282
-2.914995865693709
0.8558279009756035
1.5248977291172556
0.4030365983278838
0.6870307677677215
-0.04592176593968589
0.5451646540265822
1.4637976183811336
-2.3666380028758818
-0.08249704808314073
1.9465586589209924
-0.6074133972928295
1.2175557349217907
0.503759980003013
-1.1040089114314715
1.0557165791353584
0.5807264157964105
0.0894781562192567
0.7086943671827122
-0.7795105068073858
-0.24126950799699648
-0.10404793681511798
-0.4612424018017379
-1.2206403508879635
2.2452860167262445
0.01935907802929382
1.6802508565215861
-0.31222576386978673
-2.918231376603972
2.051913927574918
-0.41202961769338553
0.4210549096270757
0.7953050476440789
-3.252797747171631
0.5827577109085511
2.0653731462143474
-1.306547650140024
1.3868509779015847
-0.3832909402141278
-2.030558920858114
-0.9083190358129072
-1.5978781448557182
-1.0643884693590224
2.2036488093899065
0.9193659718600202
0.2918288899539525
-0.1778618865512383
-2.008037281388149
-1.0506693163532816
1.0324533635044533
-0.5431888683055718
-0.6432412880083872
0.17152292976876915
-0.1606792674254642
-1.070818075458676
1.1003267417844416
-0.08754848384821184
1.188312020756603
0.36459359767015914
-0.21219645849957824
-0.17030874544503863
-1.9076525651076952
-0.9888166232049156
-0.7152213987268328
0.14588704826508442
1.2478648180693659
-0.17194345211404882
-0.9134127688583158
-0.23797409886806334
-0.9219877731442926
1.739811934126087
2.269069326373606
-2.3023811656996918
-0.0379327752068217
1.46861555983065
-0.9502203915703663
0.2804304448781968
1.1134626382460808
-0.1065867847184182
-2.313675217228137
1.1411057646922453
1.1180316929477712
-1.1116825130732721
2.3274992637517484
-1.4660917899887518
-0.13834533160593532
-0.7746622577758253
-0.7886629357265028
-1.4125210881221735
0.14234402493466125
1.1583569008230545
1.8143934155317933
1.8619631977654647
1.683574388375427
-1.5166910542757015
-3.5387264020329425
-1.556971713884109
0.9541567417019149
1.19695214567307
-0.5342027361432451
-0.7838285941366023
-0.3388567668239244
-1.580359117680277
1.810852269445519
1.2873122477615808
-2.516237115587828
-1.3964457296353228
1.2183531670476133
0.9033444945235988
0.41724474383234733
0.8113719338711387
-1.692648681850402
-0.8667329382676935
0.0006510915633846093
0.3024751897341486
1.7095970433360124
2.7113985001888454
0.124270427900669
-2.3250248364095762
-1.0274212926761084
0.5715031680336556
1.1448108879507857
0.12389213971014856
0.8786256652702769
-0.1939140449451254
-1.9255669664252664
-0.3314809268712872
-0.3139806079879107
1.0387263126437998
1.4828282601871123
-2.3189649555991103
-0.08807146258426479
-1.0624910258444753
-0.7631485726250011
2.2608216515792807
0.7872171020857068
-0.5119722890248477
1.7170919000512104
0.30918447689683126
-1.8876192745735205
0.220366638709457
-0.22676882980484458
0.04877869394343526
0.3230288441261394
-1.811816106867977
0.5465785247523164
0.7652866586276219
0.18815721155136256
0.3201023794141447
-0.037866822215929075
-2.5060092131175558
-0.27073335368269125
0.20681365217726055
0.26526812434961755
0.4922166397674699
0.9231047454131085
1.2643954206314612
0.5408026830779535
-0.8757276041611708
-0.16558573469512883
1.0073908638002576
-0.24615579083316372
-0.3098560632242583
3.355341569268809
1.4940360815336826
-1.8296157817455032
0.36666436199326635
-1.6144085150998266
-0.5952097095835852
1.6396679942084906
0.5394970631201126
-0.8047345705456762
1.1566406631148853
-0.7013540932733193
-0.7404537543361048
0.790096926294821
-1.181840507639494
-0.730887155518227
1.9931612188393453
0.6778700695262392
-1.3351417292186154
-0.08318674177935735
1.059451715190066
-0.6113038837173441
1.5026979162069223
0.7659940006960191
-1.8032062175466486
-0.03031680928110464
1.4102909407730342
0.050830491832400515
-0.5899350706295403
-0.8148838291764735
1.0658643839126547
0.0541927920509761
-0.8888034121076327
0.717902103448844
1.0317618053203508
0.058584051593040254
0.2075280339374324
0.4761087396659115
-1.964870625749762
0.08163912342278351
-0.018954654067872556
0.46066227932853643
1.3316909055986659
-0.5413861708164236
0.6589577564027131
-1.2992446364583738
-1.0443834542810655
0.3933606986845978
-0.19253643738285708
1.13973213927545
1.2837061065149233
-1.89721560246795
-0.9271015626905388
-0.23119191865590927
0.8426409668311714
1.4594203985253813
1.7608787732060884
-2.464999675749094
-2.6735910444863427
0.7265273425361671
1.899877983475277
1.6638480296318787
0.11237992911574313
-0.38967052926649914
-0.51287200546105
-0.1313183896129022
0.00027775672613589153
-1.4696632156572513
0.2615599880813833
0.9245180492091087
0.977438489056013
-0.4587068187686495
0.5077262070011475
-0.351935518503751
-0.7842549652708128
-0.2940500445767563
0.29534708347387106
0.10250877660872781
1.7003327301140225
-1.7662949558001708
-0.07924799785328018
2.5616015479801
-0.9938746730141204
-0.15648905548451744
-1.7529154259693174
-0.9443962453705125
0.11312944433070737
1.2247055507192206
-0.7056265460911063
-0.27409365675101244
0.6616142349412113
-1.9418808811734398
-0.82940525344509
0.5923064677197251
-0.8121925571109131
-0.9367353446370059
0.2410567389439774
-1.3037334574835173
1.1578583486241645
0.0969812542946713
-0.06733277934986481
0.48687617435857183
-0.27575613453262365
0.15496374528475065
0.1618365687122358
-0.1605381639114322
-0.49224269315155883
-0.26881520227593725
0.5227065561603086
-0.340628377536877
1.4605838372718742
-0.08713642117032055
-2.8182160542332984
-1.3460675174561774
0.7795497835712943
0.5220482724731084
1.5765250737649081
-0.30414779329937414
0.29981516934897834
0.06926320401023078
0.5005161749108981
0.5798004744387549
-0.8957424797121449
-1.1453010896248101
-1.266654029381381
-1.0671802978712297
0.4155071931819474
0.9602332158589136
1.8665434883826064
-1.5435742575021436
-2.3610319402833913
-0.16113715701231407
0.593092614249646
0.07324183245785132
0.4049616134126317
0.46015070417895965
0.23568905066513435
-0.03448753680988628
-1.074054521870861
1.4911000613488634
1.0272692200258966
-0.23250290302778281
-2.074441417203321
-0.4621865030442758
0.08592768781298576
1.1111776713984092
1.5227233756426248
0.41852358920484867
-0.2895354885792024
-1.1613428810496913
-1.9640527019184242
-0.8163399549244198
1.3758349264079999
-0.3946144621669947
-0.2644969134065168
1.9716753829629075
-0.43947432380365675
0.17914576191981824
0.34507950650063285
0.35499403604569557
0.9672202087378039
-0.8717985883923504
-1.312529497941632
0.9277180162473322
1.3265854849645287
1.999464063819441
1.8664006834334859
-2.852244113574574
-2.56560013479338
0.856882003262718
-0.7216810077679925
1.6891114405479275
1.1399014275790305
-1.6371210319822953
-0.4351513692248787
-0.8191126489646512
-0.530119294772013
0.6868370088866104
0.7636830017999421
1.2053629246199182
-1.5637723284504235
-1.117319605504749
-0.7832589383489507
-0.2373340040262953
1.1928417282597927
-1.3430314182045873
-2.0086912874381357
0.7665057802460717
-0.11302486053693739
0.9373483504385863
2.2863064680517526
-0.4566302264650667
-1.9548721508057536
0.6433307448574233
0.6330966617400257
-1.0206731384937109
-1.4312816460452806
0.8316222756229301
-1.7158322053746415
-0.521065026341069
0.34088677271787393
-1.5838031847491303
1.1295012755832912
0.8432770603379851
0.7058250839962705
-0.006229400831298526
-0.915022244616467
-1.361618380769523
-0.8924037404147631
0.26893796341275084
-0.2824842125412488
1.2755096388639273
1.04585145290489
-1.2765311651308786
-0.11815760349698162
1.0528451181221765
-1.5792054052952014
0.4178793986210779
0.9310439527586668
-2.3532650986375483
-0.6390724389701208
0.8027014299332026
-0.337163330447534
1.383043091642151
1.6612144398165138
-1.7372696229856306
-0.3290118035888424
0.4708276676807818
-0.7335873409096425
-0.5683927725449488
0.6073897251487034
-0.4732284766376861
-0.10657507084670365
1.4590833567870964
-0.3174588339495907
-1.5965153032017518
0.7196020198301334
0.23072095827938963
-0.04373979583046944
2.0128422952901457
-1.0110357835989512
-1.6028878496295136
1.0453264922698708
0.9129812403749259
0.8796770674838084
0.2229896279640135
-1.935514728429517
-0.26688293010411557
1.2828772590074102
-0.11642187100092599
0.621408861600209
0.990864259091405
-0.6915927157790333
0.046008834426121914
-1.276863160096978
-0.24248829172432484
-1.1674261070295087
-3.1050774749121253
0.16834746340234008
1.4421623736396596
1.5836867621463564
1.1638618447888796
0.6224586132830864
-0.40193222075727797
-1.1395111875116335
0.8487842935612088
0.16619475041454296
-0.016588453477966503
2.093116456664028
-1.4474002910944779
-2.931535374330461
1.2251396230632803
-1.5483530849606384
-0.10772766406777798
1.3475303828035345
0.7070049760932255
-0.32982223917955633
2.363303825541977
-0.0417905489624355
-2.926541930457594
-0.6593649428219015
-0.6970202304553159
-0.1491732387301345
2.7208086181738738
-0.22298865289976166
-0.05441898593816996
1.7168696248772854
-0.8143246016953702
-1.086779483383021
1.6635261396108083
2.5561496404743904
-0.05507622863895706
-1.1444071274667083
-1.6959097760739597
0.01735589745011712
-1.2180647936753504
1.4602347773963595
1.7634262799760063
-0.741015796206109
-0.7998929135224964
0.12835564187957854
-0.5506910581231808
0.7059001080100981
0.9625000248109286
-1.206372013032822
-0.008797714678875107
0.003562396365616949
-0.6689174818945796
-0.625662699972291
0.5444616456840952
1.7482275171767376
0.27696951314989077
-0.26413048733049044
0.6364895941524897
-0.5248282138092195
0.3863773616210905
-0.7845872974319963
-0.5142984910630443
-0.07487311556973497
-0.8924097607295933
-1.0753596364831473
0.18731711484760993
0.0350701938061887
-1.0233722045349622
2.322376054894549
-0.4990831354145355
-1.3181931912709695
2.151689081138553
-0.27581137688363333
-2.2042470520015387
0.8301438274137375
1.032177127321128
-0.17072019445454573
-0.47284658613656305
-0.504401034866486
0.41275410117142647
1.6958449434480034
-0.19322811855367758
-0.8404586957546533
-0.3446919167297018
-0.7850743345261263
2.4811931735551496
0.8025890305576996
0.373288942018545
0.922189250863238
-2.3069090368028595
-1.3393851139485489
0.5566737428906272
1.4129080049988616
1.1925692484099213
0.03288110808752659
-2.0185369980432073
0.8538559862744712
1.3145098648191884
1.012121321330661
1.3122128770982413
-3.012742479066462
-1.490942232375569
1.606629411612098
-0.5501481499356293
1.7141113029175545
2.222089397738051
0.001352024709029953
-1.8428114888119713
0.2554115953232482
-0.635885291152491
-0.5920649448309141
2.543882293087428
0.9120284693097795
-0.4896616693986695
-0.9303165660365601
-0.8147933846317299
-1.4917917198835038
0.9422631304048108
2.8392363242947565
0.24023932023730082
-0.6695097046905593
0.12265944823116481
-0.5328192476753
0.5016588583176457
-0.6626466360379821
0.6074881468669817
-0.4270190024053384
-1.2175912792623291
0.33706255066274216
1.9439206540170901
0.6564339000481896
-0.9320600823380879
0.12887316414089994
-1.622886815280739
-1.3525385284467097
4.156321470269367
1.1492945625944488
-2.42424022738469
1.5037814410453816
-1.5243771527445737
-1.3740469263055834
0.8357895999230436
-0.9027455778712398
1.2884318204576997
0.19581231563741108
-0.8376575472546761
0.2852772870313799
-0.23984516255789218
0.7550865407481839
0.30435879616810035
1.3740778915390257
1.841835847461732
0.6145000820605933
0.3947346444261848
0.0032530850178650317
-1.1530783240032076
-0.6485193854765581
-0.3573655370019657
0.6471321319976584
1.2251664084870806
-1.3347532963618485
-0.398435495785928
1.8089615914271358
-0.6949975936268371
0.2162665648926108
0.683492525104872
-1.8413428941052343
0.6558307007940878
0.8492337422091575
-1.1136129660747989
0.138396771988666
1.4351675713256913
-1.9168322613523747
-2.131346577726429
-0.06939798711509537
-1.0347781471421422
1.991421232624344
0.7101030126512047
-0.9561223597563819
0.8274842004232763
-0.42069673221757026
-0.5394991085292188
1.120924961475039
-0.7012956950672
-0.784943144052143
0.7193327002520211
-1.0532529045307435
-1.2262263429800726
1.5064919807671777
-0.2796583737079986
-0.5729822080137975
0.22482067776415104
0.25608693243572483
-1.2466300293524741
-0.06429667110011394
0.33687132650422036
-2.1169778393411245
0.20815558108610013
0.6005657040304604
-2.4332622421218577
1.8727474345450745
3.4119875790178
-0.49832324593279265
-1.0296589479949607
-0.41081129001341055
-1.4956594893275554
1.5248509058589643
2.394944818861171
-1.3560456085347452
0.5629199734790836
1.4364603281512554
-2.630474389333675
0.3951727954538345
0.6772320960120455
-1.4764677107582291
0.588941236822031
1.1113268174803936
-1.3952207172765942
0.5660274664578087
0.16491955317496204
-3.1252466781449515
0.5216569609526502
0.19581944636708126
-0.9599751562829748
1.2240504833194696
-0.21094496190655582
1.9222539312600784
1.7703119584403737
0.027016051608565128
-2.7394111985416765
0.49942903445686215
0.24167440198517567
-0.9698772850297603
2.405326351064865
1.1067089839067359
-1.5075472015047593
0.28386374468914394
0.25059852862557275
-0.2606004476785985
0.9344050305063202
-1.928548713908503
-0.3672443900143555
1.7278731264854468
0.6315977656071055
-0.004670902080047751
0.24127743571542393
-2.5881815797109966
-1.6932332922941098
1.2586125697978707
1.7866443628177495
1.270108181155333
0.19495834923466243
-0.5623223054166382
-1.7788118375998716
0.3059967003032772
-2.1547762556974015
-0.1889593389585384
2.001197743721961
-2.0123946721615384
0.5345832429885662
2.27414122044332
0.20339071456905455
-0.5824829706960946
-1.8579014903706752
-0.4771013900926143
0.38411435655111714
0.9430295133087669
-1.0768053780236904
-1.484069480491138
1.2432072804605956
-0.9326166271725176
0.3353670186811265
1.4858300378601208
0.05013592344369611
-0.12354414459879207
-0.019674754675248485
0.10214932706367463
-0.49644108868509873
-0.32613749641307854
0.8103653190990256
0.025219089279285428
1.5913642873854612
1.1984932232433196
-1.9291107319122491
0.10276269591628928
0.09502696634065753
-1.3289119801161309
0.9930974001829047
0.3271902399663915
-1.40781909735643
-0.7904302671046485
0.6392869931670971
-1.1518438871624763
-0.42976395822901275
-0.8574669032365847
1.1365713272287947
0.8534802399019005
1.0007694613230216
-0.6400559549413842
-0.03395598589447424
-0.7288189184513367
0.5222910426626128
0.8648975235470491
1.5234761198828441
-0.7648712974651414
0.822908228040262
1.1015880692944728
-1.464398888643057
0.5077208005358154
0.8395835845008683
-3.0379317035352877
0.35959157389124125
-0.010617238858674938
-0.7041175816297937
2.2529478828457026
0.26413449508908493
-1.8754818459076388
-0.25799622943216877
-0.8092606456155141
-0.12967946036945927
1.2906234304304327
-0.4247012901424765
-0.9076771290732379
0.11144932457303589
-0.4634832699169419
0.9410114792285146
1.7456606724613335
-1.9607889266295726
-0.5661492245082645
1.1264764896809134
2.174120288547496
0.680162844739499
-1.4227658637978133
-2.745944639984714
1.004778321945256
0.32899926274363245
0.5500546786286659
0.4302542398427188
-1.4280782571084705
0.35076051285162785
0.5380431301276405
-1.5090447937985387
0.7485968243403636
1.5862879768631166
-0.592762635602071
0.21128142740732167
-0.1852179024970277
-2.6217479858463513
1.0078027071851983
2.667460434949843
-0.9664274989332129
2.199597031267704
1.1432951580138253
-1.211582639071258
-0.35376434399301965
0.9497492671310721
-0.7644716539285901
2.883331666170312
0.3625143187395343
-1.1046518945003365
0.5898130283730827
-0.8397097796729982
-1.7348495331479783
0.6148912556955279
-0.41460628369142527
-0.6107510939103659
0.16180378186755806
1.0784522869652207
0.018884891335951115
0.20173900107694415
0.04293492083137515
0.6382455214284907
-1.8638577095728244
-0.5998873493087077
2.6389638470252548
0.7883763670013787
0.4039462759214846
0.5129298594566589
-1.6903325683370034
0.6905465126146608
1.6065632496642102
-1.7924216708591694
-0.9599840625734442
2.085035435490191
-1.928925433389209
-1.0049800241303088
-0.7249374574245389
-0.005932278134401114
1.6920554961596894
-0.7191283671107154
-1.4080566772255263
0.20533425609673886
-0.6555581472883777
-0.1822188767338353
0.931250244438077
-0.10655777958704805
1.5934194966029713
1.4723353847524165
-0.8836766873440354
0.23262584877668424
0.5827293343600946
-1.8417701465586656
-0.3233018725063823
1.0999637155503241
0.5335030003461744
-0.11131014715410287
-0.27933265416530684
-0.6416648844036725
-0.796814323373441
0.9159879573222008
1.5715061765507534
1.2597080455307104
-1.2285689501175783
-0.9303974158719155
-0.255096264321824
-1.7951686637665367
1.096043527455414
2.061336524871683
-0.6938349876068362
-0.17926743479053334
0.931733571295575
-2.13467324340196
-0.1372148487163982
0.7567331966258644
-0.2934683581959257
0.8672424985067559
0.7029088032883201
-2.7647147671389476
-1.8637588498694893
-0.6810370400378232
0.0060806512078736
2.267619125237164
1.3986369984713156
-1.432557659245988
0.8251470064718107
-1.7076171759052998
0.4671161245561526
0.13757652980985102
-1.6417655941987577
0.5338190513670583
0.2335191436504246
-1.2156966555413278
0.9717500138290835
1.00972254477972
0.5812923819210127
0.13474390757325913
-2.212535215361724
-0.5436558656917243
1.0478023831815193
-0.5488321716803299
1.5252724881280921
0.5163170443981607
-0.826309491723026
1.3976855027313693
-0.3536335655647322
-1.0215729992899725
-1.1231842723166856
0.925138557045918
1.0788142467403974
1.5948545936752532
-1.536323666030345
-2.8520767289869817
0.04753352559821272
0.4703439721542092
1.3850423171366515
-0.06446553138923794
0.13345963347222545
-1.6179977560328702
-1.9884994573289894
1.4930978320502302
-0.5263182199089183
0.9142280821156887
-1.5266208614305556
-0.3638640131366706
-1.5488681692886246
-2.5385829443630965
0.26931809244056315
0.6658980620879777
1.5006204042574676
1.682526891978062
-3.0648500158309835
-1.4355571087081755
1.6147470107609605
-1.91249154568875
-0.32450784796668364
1.2593831718973953
-1.154770655899127
0.04236860175159224
-0.2081820472758702
0.9176245647816429
-0.2988301723689476
-1.427010311905899
1.711264042539116
0.19162443783676938
-1.1313213781036366
2.553155215634692
0.27535220441706243
-1.3918540482911774
0.9310084361691414
-0.7990807493960245
-1.5351785573840158
1.5381737306038494
0.8201523662594246
0.22029698979856843
1.240690789497795
-0.8253927011208387
-0.6403463749340441
-0.16302177644773397
-0.967117725394562
-0.48631361524481326
-0.49439431193982086
-0.07599119312438402
0.27521721710878405
-0.6644950280881343
-0.7396028771220325
-0.4436177652766705
0.32408775912440946
0.8472171948195015
-0.046511287749716135
-0.982809592508392
1.1853219351718227
1.1227619425031272
1.4190570572066055
2.634939865694226
0.6812933193460751
-1.695393054733465
-0.23143142854599819
-0.6154599400382896
-0.01154295907040831
0.5722297886289243
-0.8117440297998108
-1.147252244971952
1.9784105684045605
-0.5651554264943685
0.16475868804605664
0.8059490446252596
0.6001492937666042
1.1922434776406514
0.5857363615081752
0.00841459972735481
-0.26692292012558805
-1.5642629189123494
-1.072025810486204
1.8423359059324191
1.4108215676559235
1.0472661451992074
-1.5521033904120105
-2.7131629818222764
-1.1535739889910444
1.2725099038010121
2.026831051422951
0.17601336048058824
-0.5511101150738964
-2.8135120358951697
-0.498072493265672
-0.07156404526537341
1.377923007687628
0.25311770194449323
-0.003580914557065773
0.9144881890715862
-0.9553329467691092
-1.6285139846105388
-0.3432966096520905
1.5209825786541025
0.9199641641705523
0.07620405983390309
-0.3361188674824228
-0.9727619216224506
1.040597903373158
0.35362492675165824
-1.500055853992827
-1.1535520820473328
-2.1192358790437145
1.5999118588896613
1.9420887813029921
-1.448583207795676
0.27143162729764203
-0.6468634618175093
-1.1459595067706196
0.4315895323330782
0.5347615641169731
0.6636229581100948
0.8300586939220675
-1.2065339998298383
-1.0965880260208967
0.4248423809779831
0.2697979131929197
0.8091751230809081
-1.4680592174738392
-0.4811592649952007
0.5017980633543387
-0.4223114618670353
1.2563086222069557
-1.0893841011526417
-0.3828267468596154
1.3317244386975648
-0.8066902149023153
0.6376023245525693
0.6979497947168125
-1.1478714887796742
0.7425432537574037
0.5615573533101899
0.6998893254909349
1.5132471696790342
-1.0409380705755953
-1.7379505561246833
-0.11376387296525703
-1.0322375326381166
-0.3862775766005836
2.432054237989909
0.48855959998610277
-1.9517209384232912
0.11956845881288752
0.22780069614511628
-1.5525244504741709
0.44341548968827327
1.602377501736684
0.7110291733052888
0.7097399147938385
-1.5546647402038534
-1.2218339013079906
0.9589774235977355
1.0130159272632975
0.29865558265855835
-0.7933516546906699
-0.7705767445397476
-1.3055969447412181
1.4309446282053204
2.50502001108969
0.4061200018550062
0.6035700453881705
0.1944932299240828
-2.62813013540991
0.3234655092592846
2.017681484833909
0.5743045496990838
-1.2941196053007007
-2.250564139618618
-0.9862057753496849
1.4631837535091976
0.5362783122028029
-0.004639127227377804
-1.7037172870268043
-1.1771991704304472
-0.2961197136445183
-0.22603014583592118
1.6621947675590611
1.576075951590374
-1.6044763800037605
0.3367554362926479
-0.05185912668232691
-0.11885179755276376
-0.23306520530568486
0.8885177764312291
0.5699749128436147
0.46727064281597724
-1.2845019089580259
-1.0204473970531134
-0.5629538011333224
1.1571810853944433
1.2298207333541389
-0.6738235282354612
-0.8962712788028954
-1.5994692571783635
-0.4013183537568282
0.5752975582867922
1.041422936967179
0.8996951960041302
-0.4030187786134638
-0.704488796579912
-0.79570801054148
-0.7991125530932797
0.4852181942121825
2.222585675048824
0.05475926203935795
0.40273229465849214
-1.1852160078364093
-1.8795718657591913
-0.8731698214411616
1.9286114793822857
1.3646993490550958
-0.6079552899641911
-0.049260511374957544
0.9619874107085187
-1.5921181874197825
-0.19882710157606312
1.1014133945133058
0.3943020655964014
-0.6254532008389782
-1.961196059631292
-1.2790414351338968
1.7115366714349978
2.5618064658528352
1.4170828968856242
0.9388807496259253
-1.3381192195259926
-2.534079657421601
0.427305648588637
0.8918156731699595
-1.3997834179092346
-0.24595745467530117
0.9650896455022796
-1.4882823448667268
-0.7447006298971877
1.917061466111214
-0.08009113695290432
-0.588155945667285
1.0808364218979132
-0.18269175433385537
-1.8126410495381955
1.236540178808488
1.0237895256596146
2.070392822537152
-0.251595096203607
-1.0582991401110382
-0.29302333326313534
0.029964880072273714
-0.03390679951779302
-0.16449645043144867
0.9831954289029493
-1.482571643209442
-3.010417229197255
0.77164517377872
2.1780680254318012
-0.9858255190993774
1.2360243810286313
-0.31582242416021494
-1.935180877331906
-0.3436066136887581
1.7303213877639734
-1.2099875595785292
-0.5779521188289741
0.8675608233296149
-1.9916933475229104
-0.5576380318870697
2.946653219364288
-0.40761167966116363
0.652567867005963
1.0145320273798548
0.17752208007384107
0.23561885399209354
-0.13156831853354534
-0.9605853189291755
-1.5390788702700446
0.3472074927127999
1.348866118872456
2.5232130004944766
0.36836623817190084
-1.8619069316942767
-0.2382689143046599
-0.8904439300112658
-0.6424752842525389
1.5672258525893905
-0.41532913455658776
-0.6391487721249605
1.4587821143661777
-1.466894656212701
-0.5036603208500343
0.9178838292024842
-0.998980134842351
0.8262510239544036
2.8075051304093814
0.2549993309723898
-0.6010216048821218
-0.5125545331447213
-0.5356128765296972
-3.389424275190423
0.021547901998438923
2.3986945033310487
1.3271261509189745
0.020511144538358395
0.9761283188854064
0.8564242697313922
-1.7416399070513395
-0.6784235819206756
1.3528553414581737
-0.2995787823083955
0.5286864737368299
0.020931546684996027
-1.9440698830449812
0.9370605363434084
0.7530353004958724
0.29569092071555303
0.7801444655490712
-1.4695498916624494
0.3796057155816228
0.959265181894873
-0.5305272590194703
-1.2913315899713353
0.1488185440918434
-0.006771913542548413
-0.02511366423439651
0.06499607642110283
0.5841009335060096
-0.8283710956598005
-0.9173290914860146
0.9738112251963268
-1.5939691050423033
0.6193381462928638
1.7454813592483502
-0.5065653962928385
1.6134344523503787
-0.3633105599902077
-1.4392305037999136
0.06719894545574978
-1.6836031977587325
1.3566734499293636
1.583622032308083
0.18392461819503392
-1.4387341737989443
-0.8414871047790385
1.1997165875566864
0.5904769874205207
-0.8617314263038046
-0.5476765580869114
0.33364708395676307
-0.525570841848927
1.5391689948313343
-0.6607615498384154
0.22588213631768161
1.5650212043965386
-1.461908952390249
-0.08459678333247783
0.2268955959547459
-0.5950511785216622
1.3073372307715587
1.2105556166242448
-0.7704437651796445
-0.8530931771163712
-0.8670966702288988
0.7223175653745545
1.241887581595379
0.18752680883765968
0.6864328387254828
-1.346314237131553
0.023481640238418477
1.1031607205729124
-1.3340094824140765
0.7444006712108383
-0.6087447268209512
-2.0416958004080215
1.483401249664107
-1.4137929337545574
-2.469868786788931
1.95851885874058
0.002773922547859964
-1.896518772853681
-0.5080074128445051
-0.5662908133579637
0.023287949538440517
2.519302968942175
1.9452623406224965
-1.320338245473141
-0.7329428771794247
-1.7832572649983103
-0.06858821936989434
2.551024529095026
0.14753378704576026
0.9099830264953104
-0.3218875924298841
-3.7785096599694565
0.152046446315423
0.9945844098442396
1.060739650558681
0.8627876024358863
-1.003477595294831
0.4266589146598013
-0.8300577877796693
-1.5462291496230964
1.159017089209033
0.13122220110937843
-0.43330380737806967
1.0647110683989105
-0.5547164917584697
0.8542903848217948
0.5104163774336081
-2.1585593425418965
-1.19118530330481
2.593699197604918
0.2843009274020235
-0.00029123911932760205
0.2879946433754403
-2.1623080929680194
-1.266143780290708
-0.9525868810748221
0.3129309132356912
1.4560752951789966
2.5983601534982332
-1.0511567273076299
-0.05161278787539625
-1.0394212729430492
-2.0689016152488344
0.04731667203687395
-0.34773775914363303
-0.1455814543618122
1.424630758738649
0.26059123687855096
-1.6086598151458555
-0.2431112840580745
2.294245567593977
0.26597316000803956
-0.7588509383144113
-2.03830785767069
-0.06919952500243631
-0.05848326313204377
1.2891011364010778
0.49383527302799457
-0.15645547401747312
-0.30606243488262863
-0.49499557709684344
-2.5932919047230385
0.22128489669788115
2.260033954474602
-0.09040365185016097
-0.011406619484565811
1.0227878125188294
-2.742644673252605
0.21978695580906582
1.6283468468892575
0.7108177320248941
2.411130228538971
0.4348843515005288
-2.7391156142226705
-1.1659005636949478
0.89138116223426
-0.7504607986970665
0.5364055332018487
2.3298297353112627
-0.421649422713132
0.9528994621757669
-1.0932105556744331
0.6975336773010767
2.0770928145454963
-0.7535073776925231
0.5071011629708719
1.263598142033635
-1.8638573094010285
-0.007207840791502607
1.2721903666809644
-1.9803412331156327
2.114997123733183
2.172397964093621
-0.9929672281418243
1.2814371130547235
-1.2551617977965415
-2.018438353081394
0.7884927745141384
0.07656817883727068
-0.3700149204667018
1.5775447559188134
-1.9283149026358506
0.8136123304129363
0.9376765015753141
-0.7860652050369783
2.1440755139076
-1.9589596898549684
-1.5590127838454555
2.574991171183018
1.0940311997864303
-2.0672822686480155
-1.5108870594315422
-1.4846658303544447
0.1540158969033882
1.8770933314071359
1.9307246835044956
-0.6008430979010386
-1.641114726379656
-2.492672496202967
0.25503722046461635
1.9933255969679322
1.9473561547391935
1.0778240329086282
-2.4853543295359968
-1.8975391450042913
0.3978525880010434
0.3221245756477176
-0.6523359423012978
4.13336199702349
0.7511346261452316
-2.082061837936724
-1.0108203780451182
-0.27235153356468533
1.2371574103980316
3.1519605948197755
0.25907576839758967
-0.47698555278344035
-0.4138531903331553
-1.3751449340898614
0.3087979278327858
0.43458686706282557
-0.01251707743329565
0.30640716150158476
0.6245703533237381
-0.6764621877816084
0.37235888828864105
-2.1631031902968094
-1.0886993646159786
1.7936246587188063
1.1552357780658902
0.61956043119565
0.16372434815856496
-1.590112769867157
-1.7358910367937674
-0.15517430355037665
0.9459397969088681
0.717928059692979
-1.0219956647792383
-0.02364520748020904
1.5260722716168567
-0.4901304133343719
0.4523975953294448
2.7576202938029715
-1.2181624014331427
-0.5957029927701865
-0.5873548682516383
-0.5903077473681391
1.7027353796945173
2.2139341487108046
-1.4847232517281896
-0.40291472359764874
-0.6230973046142556
-0.12030820833940026
0.510835037592645
0.14822972515079533
-1.1011624594105758
1.6133470513785122
-0.5842440074516111
-1.7282109711083724
0.28190791049629327
1.2668167269603825
-0.7627452332129274
-1.3682955468566376
-0.9927604690449103
-1.1247403084094152
3.048943991534042
0.24461689565576727
-2.0033986386283438
0.9748234987898314
0.1515017320489025
1.4569431544058085
1.0260870871497905
-1.5673258185544918
-1.4241507710152757
-1.9318135037307207
0.8067204714618771
3.0265058302427503
0.3021445629246886
1.1478360368047151
-0.6614425633141285
-4.333819484186881
0.6968380051498576
1.4883660797929679
-1.29344240635001
-1.3231371987658727
-0.2887532001231819
0.8670311277686993
0.7555822943086649
-0.16167106181852792
-0.7975725651926163
-0.19162657901501978
-0.19166224058065431
1.7360446988558091
0.6944246618091625
0.17653962234591847
0.24355339735879572
-1.4794978095726998
1.21823384988697
2.5503854763487706
0.8934693987141582
0.58230981365554
-1.2231679264792263
-2.52974592143566
-0.3837693169398353
1.1465236731338453
0.037197192996287765
0.9078497176619115
0.3292803894915266
-1.955313982518473
-0.8525255063895364
-0.3845366559092315
-0.8652217205528034
1.4988500722806388
-0.45306363115848325
0.7995312002118751
2.983915942351108
-0.7708476074053572
-1.38583230876246
0.16311383805636753
-0.7686075646314053
0.291550575410744
2.55162525842937
1.2536729453934858
-1.0312162277540937
-2.5029927725909484
1.063224805318888
0.4564916500022681
0.9099879921474706
0.3498277838753098
0.16582403320070127
1.2569632397617716
-1.0409175999641112
-1.5794948726316407
1.6402731966315343
0.7797052496511496
0.18211077178433444
2.1367351181277656
-1.4024087469733821
-0.2425895095088091
-0.4499593343986561
-1.327735899736489
0.79104225258045
1.3880917392165788
-0.11961617734457936
-0.16390950370349364
-0.9833936538394781
-3.393991734950928
1.1145728939749961
2.6985555285903455
-1.3810490421556285
1.4791820554670805
0.1229913384709027
-2.3645959781674244
1.5177643580502647
1.0358072290079352
-0.6665542309407942
0.8487054767535763
-0.9270699709856707
-0.23357014664045406
-0.2476854524893468
2.278891285867564
-1.258825350138071
0.3728137061968353
0.8288777725502592
-2.6209167888472926
-0.46473836155444537
1.9085154324928273
2.77751126898642
-0.029196493252036104
1.6554592090828257
-1.1092246135997434
-1.8128812375531744
0.5918745183483675
-0.27944998870136945
0.44949244838711466
1.3800810847315885
0.31108802168490435
0.772823392704124
0.054554005133261196
-1.3663728633571046
-0.46817660750623047
-0.04626613499406057
-0.12167825267793411
-0.8596742487571059
-0.4203874594422939
2.1178381602617122
0.6702529605320111
-0.13940774739526085
0.2678109584757309
-1.0756913346236003
0.3646233179435143
1.5572762943925382
-1.941836617453064
-0.7774823919561585
1.6935029236309491
-1.497119197404853
-0.24391110809576322
0.42479959315377513
-0.39302684722170034
1.7007607997072296
0.5678561252936699
0.962284983870153
0.9276907652039533
1.4769385483076318
0.3248462596164705
-1.6446672595915164
-1.8133198404589879
0.11087288962690525
1.5934056119058138
1.8567914715250948
-0.8348415202251825
-1.117055016321733
-1.1537570177661771
-0.4325858312733811
1.6229133034137257
-0.5341117490106244
-1.3457260516851746
-0.5067881584240919
-0.8099761221848362
0.9534762057270629
1.7032980308479369
0.8636206636114646
0.10939499650393053
-1.3389939724804567
-1.4218850397950846
-1.7978079734708547
0.07553397859701327
1.376356943054426
-0.10514376983392959
0.8074219974719556
1.06006494437656
-2.6138929251305854
-0.05913992119856187
0.7397447988284089
-0.4674407526296602
-0.22494843388542007
0.9765853307370431
-0.13342926536915117
-0.9444585670097689
1.2893876447844286
0.437216199698747
-2.118313866453637
0.7672006627492242
2.5996243541681903
-0.13831118280838817
0.15992289112541141
-0.6721532426891355
-2.315551482521926
2.9887492683080463
1.2060245306524973
-2.529330905315008
0.385836854898317
0.8010150872885706
-2.0964696861713312
-1.0430078969729482
-0.25882875065838595
0.027437360093377133
1.4219248924145758
0.3799363322570622
-1.0077415977090176
-0.6811362962955994
-1.718055715102197
0.5713041504827703
1.7180165934567766
-0.36448494222739114
0.34573859472301516
-0.10199340929524889
-0.24614709148777525
0.032975244776749346
0.4724506527748539
-0.023583659268648034
-0.9657123035238473
0.20981459094758761
-0.7441520486472135
0.4620615094775405
0.6265308765998445
1.2568934352238124
-0.9206234729447833
1.1281672515470338
-0.3082373674631718
0.7580994530949547
0.9091297098296155
-1.3719583831751159
-0.5027986489066918
0.22731133096084494
-0.46878852322163667
0.17722284952082096
1.2356546707933511
-0.3601770172446226
0.07216832511345644
-0.4708054001863208
-1.60718861354145
0.94896570855032
-0.7302231453475455
-0.2311563918264731
0.4119850586539482
-0.47048927092934056
-0.7230827525319024
0.3680544303432266
0.5057867376406173
-0.6968443926761655
0.8647211345134619
-1.1336874542911617
-0.24773494504498095
1.6166756145679773
0.8025268755650973
-1.0423322560262613
-0.22978080439739124
-1.7081924561002482
-0.15616477240284735
0.4973530335794786
0.284263483841751
-0.18116202347349664
0.053526990537671335
0.24288638202254376
0.14278724285654698
-0.30302514186623125
-1.632102061749385
0.5027929205403235
0.07866478853161418
-0.30881399761449635
1.0286877854945078
0.1585430359439422
-3.182433935233645
-0.07514035366672406
-0.021461680054973176
0.9726457809435061
4.22816685145748
0.37917196305258527
-3.327926636531415
-1.9930280976390728
-1.758325796784564
0.49630466823682456
1.2276819212377694
1.6231663917446653
0.1946901960426733
-0.6705148948479664
-0.7917844013256915
-1.9316017047651657
0.5859391762849457
1.002503740744761
-0.6842446687864676
0.7401624343231243
-0.6279523755011166
-2.5284692875232357
3.058032398389172
0.3467484581199669
-1.0128478563414902
1.0291869211498093
0.6720044259656905
-2.2799005726120782
-0.6202700369162942
1.0425705021355545
0.8640285952492957
1.5038254513231006
-1.3671762408974937
0.814089559363379
1.5379219331644531
-2.203859731607154
0.13671315636369621
0.7869056986810944
0.6132128514762806
0.4180383527721546
0.3190099790051224
-0.5839615676994357
-1.5417274668504555
0.6507473252214541
-1.2005062690505848
-0.08001229268468663
0.695120320263809
-0.3579738990696768
-0.05106395316726525
-0.025279574058858667
-0.44713889848554655
0.5220093162997689
0.14302936714268413
-0.4032913707495222
-1.078812581673764
1.5853586968457214
0.24290721983769767
1.137664769960883
0.0838161954530503
-0.5040623414946374
-2.6254893124836873
-0.6969917028466774
1.7288299956124675
-1.3835935969416193
1.118899439503539
0.5897653578422606
-0.9642023617722213
0.6115272684343916
1.495104326769702
0.5942796533670462
1.618439641800072
-1.3069445285711203
-3.1832259972926575
1.1466366611250263
0.14506279005820866
-1.372644899862301
1.718706482599737
-1.5438971904895644
0.3643823285131178
2.0906905763536483
-1.1699840912558517
-0.7587093961934708
0.08787601147551904
-0.24777247462095886
-1.3052838007296281
0.6830676590733676
0.5168472329156524
2.2855487156510907
0.4683215855210926
-1.9961978464987342
-1.9705077176639765
-0.005254937009086358
3.3568930988636545
-0.03084039091228541
1.9911756878809652
-0.024269568102754525
-2.88695967002319
0.004847050293007832
0.8786282239810332
-0.2576781046880947
0.2636065132472357
-2.0297844703016596
-0.819267215822927
2.1728069615158683
-1.457028337032443
0.2857971831241343
1.3101398227174694
-1.7787450089045045
0.638346910904529
2.317874388405257
-2.1050036606136597
-0.6396107887765512
1.8751184669194507
-1.0135624328281665
0.9280227099418098
0.15577671859271136
-1.3999945098497788
2.7612094986149174
-0.893350204883814
-2.280272131639824
1.920586092895791
-1.6620933670619025
-1.5732573051944856
1.7391355565366875
2.045465592852241
0.8463057699025022
0.07325063996231945
-1.5045142260411009
-0.6976439214611428
1.0883765881091991
-0.9261286804217843
1.2808790612890486
0.5025433236710448
-0.6459447104884825
0.8338326951830252
-0.6130217136311388
-0.44686094544241994
1.4062289128015077
-1.7272681734207387
1.0266378603195059
1.821905525652717
0.8895605168940615
0.2036205669961489
-1.5285828841274838
-2.4881776168105256
1.7474842320363897
1.0716431926011614
-0.8080444558032887
0.38101347928816504
0.15214910707679652
-2.0249075234360285
0.8806555261865587
2.003055067077348
-0.13568350521478822
0.14394727639543825
-2.0580781000472586
0.04813175391482738
1.0323889564635043
0.5505233455631218
1.1294705293121712
1.5987885571141844
-0.670995744995611
0.6754490881712334
-2.0740806663080207
-0.6172068938037206
0.258680826198453
0.5951914132188938
0.6237734892800255
-1.0356281015249462
0.5922699658809019
1.1776897975122544
1.1038356149361386
-0.4624125842473983
-2.580066076403357
0.8063698285452924
0.5486835628398153
-0.44876680979679706
1.5679853180466814
-0.05669132107432423
-1.626329376977985
0.14546215867730772
-0.6974975410102849
-0.9422473341374797
1.7961175729270735
0.6520167633714906
-0.8845120122612464
-0.7095476720925625
-1.1929003426908191
-1.4413300040739512
2.7085278218096196
2.078400627205153
-0.6135217830318234
-2.05971761328398
-0.6313934741597681
-0.14009791464436808
0.046000611423211435
0.37176111807367396
-0.03442991425611841
-0.6763511691484164
0.46263283365829033
0.3183248846641523
0.04217330833372379
0.40804054211517216
0.4763167642247735
-1.2134705101512906
0.6808588680902767
-0.10436334588841328
0.50054000984793
2.3584589828195925
-0.6468609264489863
-1.5607169724676333
1.1063517437752621
0.3101069517140298
-0.5593850548520503
0.9077528012803173
0.4928593369955073
-0.13727809358015997
-0.8510192941402726
-1.7592261728667313
0.02874970110268335
1.585494215617388
-1.0892803530306936
-0.9254793868293647
2.197348673047625
-2.541674150479076
-0.8877001465284752
1.3813245293652874
-2.5517011692814515
1.2984806244640499
0.9220457908162527
-1.7093141956033124
0.12993887766966827
1.1697065419653536
0.3386086575646281
-0.4674527682887951
-0.7400621062168378
1.3285190880126572
-0.13610717041229042
-0.4016108273716588
0.23016641512740316
-1.1422016526055168
-0.7182286394111105
-0.15265884124465934
0.4482848545817294
1.1974503963596996
-0.3772296544885493
-0.7574545036083284
-0.12257941254220123
-1.213285480747075
0.3740009960847588
2.262464919072894
-1.6824818425117434
-1.6862450913782487
-0.0608237279710766
-0.8811292591461078
1.3318192669989015
0.7723246787346807
-0.2590514765919878
-0.758914646668873
0.795551097014631
0.6691518571257514
-2.0237087257447124
0.7875107001234531
1.870617721258613
-1.2231259511386237
-1.802644537157787
-0.3071198177303588
-0.7499598869558622
0.14689425140527812
-0.6918272486739543
-2.5584663023400505
2.164023065930511
1.2641941780040589
0.918275751616608
-0.10220708568179326
-1.4849402379714882
0.13352664388679525
-1.0350490310582758
-0.5145316089914813
-1.1687286956154297
-0.6514434671567833
0.13636968246315295
0.11725646597156858
-2.4331086383032527
-0.2986386076519288
0.22345953120695428
0.014278281714018945
2.1268636893405946
0.45577546890682796
0.1242183414546707
-0.8525138928516309
-0.4302744623799821
1.3103559623275571
1.6519318403313628
-1.5734747367068826
0.884683860209832
-0.11527704698466518
-3.354481212513443
1.1679828163515824
2.690044173791496
-1.6359552869526635
1.6259654567478647
0.21682387666421213
-3.377518295977106
1.99338007230102
1.5476650781176935
-2.3821592249610495
0.9198224967178225
-0.2520292810957651
-0.9545482908777201
0.46571093381770945
-0.22684260082862923
0.010890329577797522
0.04314451703931976
0.7901318158530556
0.6194385032241271
-1.1826348714409463
-0.2008687495255765
-2.9625212902534126
-2.5231733827596337
1.4716171134786542
1.5843480722256134
-0.7960674397819132
-0.21317509502572374
0.2773862596996324
-1.5640044826109694
1.205619586167638
1.9460381060547534
-0.639651389660645
1.4048211988524755
-0.4537305733097717
-1.6813293956624147
2.5151232778914228
-0.16239577448108083
-0.15479728075756338
1.9093167345524231
-1.41565684166567
-1.9452034419461801
0.42760547708242147
0.9711814244483515
-1.1954495267392324
0.06951923312482056
1.4425240613815111
-1.4509610880834156
-0.31165378980030234
0.5700837738086876
-0.9877345378955225
1.3001483000319851
2.7631019046621925
-1.5897794147572926
-1.5406969767540057
1.33698292602248
0.37306769842233556
0.005022948802819088
1.305304054436344
-1.6519274978774543
-2.8570510659335175
1.1598610407623953
3.025145853160079
1.0491279695082476
0.8567475703306962
-2.2570922506570175
-2.781186707968465
2.892363622036519
2.379916793138058
0.5198886067001214
-0.07539455712452076
-0.14758697485356098
-0.9429691994997995
0.22049063134888386
0.3990821304796137
0.45969523860083217
0.9552285343344575
-0.13897153045222713
-1.136321361743229
0.50592122252418
-0.6436581944099957
0.04584950719254882
1.4974319740119595
-1.6669008259902962
-0.419196824577075
1.4527293981013942
0.5154518221118937
0.35089767743433486
0.09961416319765112
-0.06358194403453177
-0.3953776259031936
-0.1657279737770392
0.28063966899367226
0.450131395954864
-0.7617769988696502
-1.2964595845778435
0.08351419227458562
-0.3781981423877524
0.6777282695955846
0.5213569971075649
0.6539300637544416
-0.5129211559120496
0.7325632942155293
-1.6249480911911915
-0.8896486143983395
0.2766306794964628
-1.9845137739711909
0.6418028373643911
1.4633873075966461
-1.2687653286116007
1.1571735548370068
1.0651393414669834
-0.9462118103279773
-0.002690252700338222
-1.2082303769875553
-1.560313060068091
0.16465185238638502
-0.32354045187597646
0.2569770357539812
1.5585446741572495
-0.18769370378997352
-0.8670337171141868
1.6756856057598952
-0.670803416004182
-0.8719168389197289
-0.15730108913866703
-1.0586941595337358
0.5579115097212168
0.6200378070741295
0.4038692465047522
0.6195069030027991
0.5725389935563174
0.8206584984957429
0.05536986848462544
-2.0972157095144546
-0.42476934062702176
0.7800604731740778
1.3465903216708817
0.9474838540639137
-0.022393782399644735
-1.9753874761050825
-3.1824804664408766
0.699592858610205
2.278107630116546
0.4227813530627153
-0.09517025681781732
1.1931450278603517
-1.3781417378824625
-2.4077113325232
0.4457312872470387
1.8818853907712663
-2.5053318572494567
0.7096527899645635
0.9612455203849167
-1.3386131102731995
-0.016993190124782065
-0.8201145976889773
-0.4442061222991809
1.0301088998116095
0.43499600212246686
0.2579135671952304
-0.028809759765515586
-0.6530064482375932
-2.584155559994661
2.245053027052402
0.8971211324627077
-0.4874415979716179
-0.7030981427561522
-0.26603625318757274
-1.2538980883985889
0.20192673473861647
2.2228972202596595
0.4609102594578804
-0.1608287963048039
-0.03722220534587156
-2.211991038209717
0.062001874139133495
2.491962743545986
-1.6502489228539845
2.4217577289290504
-0.6075236974898909
-1.5607312159658275
1.9049556829422374
-0.9394740165544522
-1.515153943905109
0.929694162723699
0.4083499704676653
-2.0335662140314517
-0.5384236564714944
0.7902129648774182
-0.02732225365105445
-1.1656339414115726
1.1165847359904642
1.1980308308743826
0.9175223538040104
-0.06463485218181997
-2.860158663160861
-0.9426775944842919
1.432518740435566
1.7636732772085195
0.7337090410509335
-1.1723285957357197
-2.348361908993846
-0.48024774151678895
0.7660771857372949
-0.6628094742984557
-0.19331746379957648
-1.157289792942832
0.14256833537571706
0.44099749892732837
0.8086480374605116
0.6621094281785986
0.5385003040171219
-0.7708278800837773
2.240256942005918
0.613387164185862
-2.269787757254305
-1.3776825719668764
-0.20265934888651846
1.6259631616003152
1.2807192906456786
-1.4025728041070529
-0.27082944140072246
-0.5928090478774404
-1.273252441904856
-0.16467792141492632
-0.48165458184071797
-0.2721475383681279
0.13446775265915212
0.8821296015191877
1.4917003372767028
0.27779327825893335
-0.9796914687568092
-1.6167188396053245
0.46395457376195404
1.4874788162254173
-0.2848798025475567
-2.037838607840437
0.4146392710338359
0.21881596961230437
2.099739534234149
1.9303384404648372
-1.7006959248301374
-1.4632645037770433
0.4847333497235372
-0.37069472033372713
0.09589840118325477
0.48065285637373445
1.478331228216978
-0.05729969182321893
-3.3243360909396467
-1.2976769366545562
0.3706009532989729
-0.2490374975349866
1.0948216123825727
2.1889453981376708
-2.1970754515541464
-1.6566411646118377
0.30831747098079104
0.31157999299401773
0.7811448223681138
1.4854526858413137
-2.1838539845789597
-1.1694796195699917
0.12626011724136088
-0.29795948017774804
-1.598951041066747
0.5084771383393148
1.691456721644205
-1.4894099977388477
1.7673488703901001
-0.634199847347434
-1.5572714519552107
-1.7610083272172816
-0.5733395405905664
0.05056206669486096
-0.3185145444307682
1.9009563761551482
0.6314588333390986
0.6092846063236712
0.5445594545870833
-0.9415307808352361
0.3191707952349039
0.7312262472250779
-1.5441919054715623
1.0827938667340753
0.4529031553241658
1.0496798019321947
1.08370564170361
-1.6755966270714147
-0.1362204582546045
-0.9550987913845989
-0.37565497461941144
2.8550826712074038
0.6947324432588571
-2.6338931757330206
-0.9496674886806973
-0.5383578130107972
1.6062694113295104
2.6419614038760155
0.6273778463152254
-1.9808149494647371
0.5296627165885481
-0.8211992036929343
-0.4366257270114284
2.4106909378982238
-1.1893551111874126
-1.4960565125000453
2.0939129554019207
0.8428209944324132
-2.0011468666441377
-1.181122955833477
0.7072218955343245
0.03122757802151907
-0.17668277821510436
1.618117819898711
1.276450606880325
-1.6930821786097234
-1.916418222754364
-0.9314112947634663
0.06537261559426943
0.5426068515610074
1.0594216462488875
-0.21133950865774415
-0.5516303653201122
0.6367277038784869
-0.866656041808917
-1.5166993117573415
-0.16034552123926515
0.3495704162745594
-1.369342251965203
-0.3284458898325794
0.957266854426109
-0.05547150493239536
-0.40400888736945934
0.8301208376583787
-1.0691203519583412
-1.5986374604203724
0.7117885544552466
1.516241832294659
0.9147589479979727
0.49717375603727887
-1.8676318801039824
-2.537943561859924
0.47977678055572515
-0.8057166277679098
-0.7308783682431006
2.737103449796381
1.240584216066802
-0.1972748069721728
-0.7071158614130849
-1.360999084275838
0.7678329994198108
2.1547675092827507
-0.13335967166733953
0.13756094769813443
-0.04972903269656931
-2.612562430407083
0.030564094367339555
0.6182170366256325
-0.7963872695344639
1.1144161710845948
-0.7750621715925565
-1.7575279872243694
2.0400844122150152
1.133324757679726
-0.5802550143464755
-0.1368901163226045
-2.651786391393125
-0.14006280945694977
2.5390952970600704
0.24857379534253649
2.0956314144750436
-1.3615618540576235
-2.3778901939120414
1.4349024280266014
0.946242681988544
0.856402933312177
0.5530501818946747
0.21377978013586807
-0.6035437963554944
-0.40252396390352974
-0.4974713872830031
-0.4370756111069281
1.6148509051771307
0.48197658860686815
-0.46787071097946253
-1.1526724490969067
-1.824025305392955
0.30036474537415603
2.5822296271399807
0.14167862729418956
-1.4304790583150662
-0.6361192364622531
-0.6895810504622362
0.7776376048184938
1.297023695503162
-0.31295425545019184
0.5607023379106286
-2.938679788637629
-1.0481658503859443
0.8082751672894308
0.4314885150252411
0.4761925317453022
-0.02258453135618299
1.0730255030082423
-0.45547201277179367
-0.015243029931033658
1.3079413069649604
-1.3468186267872797
-0.5320680215852652
0.012933310386012753
-0.7961435126058571
-0.14689319725437722
1.0726881682337874
-0.10112345507497542
-0.4654835113356879
1.1257508159444667
-0.735589779388615
-1.3676556196952112
0.386617458498828
0.5851875379840108
0.9260034400406616
0.4787649142894343
0.2523924187210538
-0.8870941258781726
-0.4050869657723398
2.46184934431338
-0.5184559978851628
-1.2579338113988008
1.2338089789049642
-0.5434541832462786
-1.5075392065320283
-0.45184226632185887
0.28121006447311164
0.26633772149160606
1.068594887187158
0.2860158648780603
-1.1152906161228442
-0.5925734659707704
0.7090919585572932
0.1260003822718979
0.7876336271582984
0.8652927819084284
0.3655550130600802
-0.6370666564703633
-1.514948750527513
0.5489929628788065
1.2513435774186839
0.04488521086680972
0.3220952255535429
-1.4161184686441173
-1.4307515115485743
-1.2709492810763858
-0.3656468874537361
1.7851151849469447
0.7192844078164713
-0.3976096472261073
-0.5014618223257077
-0.17217110498087396
-0.14414121547692363
-0.42694659284888725
-1.0206067233032812
-0.45784103609127125
0.4699895860028513
1.4791325782964113
-0.7683289714195248
0.924340603861026
-0.8844532062120596
-1.599284140622257
1.8765364963598143
-0.13840111433857505
-2.6439800744695097
0.3660107460281755
0.42638102562914004
-1.9268021166519052
1.8364858535540902
1.1504845503820706
-0.5796728253673568
0.5392365187808146
-0.432384505725881
-0.5951068049354642
0.4712698271248925
1.7871573597941608
0.1836934027531874
-0.09699423490407322
1.6080847447126154
-0.9054842795640563
-1.7356047163473531
1.0470845029588258
-0.9276809084220162
-1.5201502309132149
0.65230632291394
-1.261414132719425
2.3141265099766812
2.001654217324237
-0.746137127431917
0.5838211239732976
-1.2414122698708852
-2.377418340859877
1.8465866987194182
1.3821936356179982
-1.5242339681794852
1.2458400168017891
-0.989479829521971
-1.7184596463154738
0.8358771415407822
1.4020257038708608
0.6936992998181135
0.3807055913287028
-0.2686460547512081
-1.2723651339336046
1.0394449436402802
-0.5407696211455113
-1.0788685749634093
1.0347503349270613
0.4331475479117582
0.3309392902168341
-1.8061147818813852
-0.6869778239256241
1.848885993936876
0.02287732404358328
0.5560265621246226
0.8324817596898672
-1.1717707929994148
-0.377273236643883
-0.3277819214987941
-0.5990972740772227
0.6498402891357475
-0.7570230344924993
-0.9932182725524649
0.26574799516105363
1.5613516749268346
0.23806265155719208
1.194711516161574
0.8586503042237112
-1.9945400402688078
0.10853633424083553
0.28825191673670236
0.5034582058396819
0.43112128108880876
0.12212006890560673
-0.9435027370758767
0.398480188615697
-1.4200592272507206
0.3896366160802225
-1.0040487117595818
-0.8635611909276569
1.183420412510084
-0.30292095475193376
1.737547315866114
1.630339286691028
-2.1494862780895323
-1.8313535522230704
-0.5938128238912381
1.4002195157726125
1.3576234692475655
0.23436783588741272
-0.7280675579782911
0.9338981987446404
0.2185451851731598
0.6849032032080886
0.48630285799860046
-0.7364766156178475
-0.8713419663838581
-0.42402400315704586
1.2627429429953367
-1.2611745362965339
-0.10209376629636263
0.7082023774214912
0.8311710103844433
0.6230917198775936
-0.9564143287228446
1.986899006533672
2.3025484584148823
-1.092436618729034
-2.0064902206717714
-0.089751095992116
0.1594165030904955
0.5046874917167795
0.8465008056157634
0.7553420052596328
-1.3027821784924538
-1.7382473585684335
0.45966846870452116
-0.4248889575625216
-0.2451256386484607
1.7908663903439084
0.4727333040021923
-1.7493367489967206
-2.204846334920795
-1.287422782365911
0.2691998181007653
1.9911776809523682
0.20295063806725
0.514542552519679
-0.7328364380995793
-1.39313199603591
-0.19432768311753784
0.5929044721228006
1.4015493910741936
0.09847951346601497
-1.1144295999409253
-0.7394958202324136
0.4048208804197361
-0.5444388017221049
0.5924995764566425
0.013195328381192528
-1.0391162545075736
-0.6014849847350607
-0.8334123601537187
1.1655683726023753
-1.3636843984770022
-1.4474796028498735
2.023816512694186
0.5469741626808264
1.3726824613660673
0.9213027943572477
-1.56743187904949
-1.5472041814929791
-0.48421935225311674
0.750543824088025
2.3399442664939647
1.2190985348708507
0.28111964203049555
0.2869581083876691
-1.3707035954621887
-1.3468513735205287
2.195498346386503
-1.2516762259844834
-0.44328675646935045
0.7548429358515368
-0.3746886337013309
2.6124999370024065
0.06643217790532235
-1.8845668378492717
-0.1035900580965626
-1.2606986237254532
-0.40279476102892614
1.4312588795491181
0.3341568130675698
0.18810281467301176
-0.6882007197881609
-2.151945532149661
-1.250889176503249
1.6812737289262831
-1.7596321051860313
0.5998503970885822
2.776601948693271
-1.3316159807341525
-1.1486682355229139
0.9087564149727885
-0.4945778878018674
-0.5549160966207836
0.4864330877923939
-1.4932582262481544
-0.21856812628220926
0.5461664415875878
-0.5707377506726776
-0.7339588201529286
-0.8911782838854915
-0.440852325931122
1.8021326231587955
1.0117390011404312
-0.6879594174549934
-0.34125173095860184
-0.36756730292034323
-0.35154578404931963
-1.1743287100138335
0.6546702172677652
0.17830511463395116
-1.0595621934094026
-0.4130477459633779
0.8191468999807294
0.12703832800703183
-0.060554130829176406
0.18061646960546643
0.597787841057091
0.02538052322259743
-0.7346193851854597
-2.5530037962372742
0.5039042647896927
2.849810095705287
0.7205040677810308
-0.3324492829617687
1.8222274632780588
0.41244743868339606
-2.273285848391728
-0.28112700962356413
-0.49442491963758306
-0.6124812908496924
1.0766788084723609
0.9531755131254525
-0.6506374037340841
-0.7967310723332467
-0.8537982465155319
0.06555057628254196
-0.5159965934863004
2.7118923875556957
1.9533530979487144
-2.015958631051609
-0.9071491609777996
0.6017655733287867
-0.998543881535473
-0.3657326646406176
0.055349613897195726
0.5075249716938897
0.8597644406309577
0.40385855680161536
-1.5732864195223057
-1.4787857628796
-0.13518165413321753
1.0621482984854864
0.8970142908064072
-0.7781412096611475
-1.4654952828877796
0.10457362682038954
0.5495093051555313
1.7037314485357082
0.4138682439832018
0.780188218934115
-0.8018497060507614
-2.7397012449302984
-0.8208576559964016
1.4198447130220522
2.7436318353196993
0.366767792675994
-1.7828672110118298
-1.0905646730808882
0.028911017212287837
1.0548627102394195
1.788644488994303
-0.715996849667427
-0.7881425195583275
0.037275381976350136
-0.9407484254589582
-1.5537283064510237
0.8710055014767253
1.5345219171723175
0.9825727727285666
0.3528672176403541
-0.6496708362671626
0.44403868690529347
0.8566241933458361
-1.8051107725176605
-0.5428219142644343
-0.13970018769841763
-1.5411489571945427
1.1649832877563475
1.1630170531369826
0.11240612415891671
-1.542960722095777
-0.7044020043684892
1.493906483450533
1.866885533368352
1.2979208847188293
1.2641080772101578
0.6559113072110061
-1.5414528289680762
-1.874993879744935
1.1099672865666015
0.5379958951845986
-0.06363289778664499
2.3536267986322468
-0.5120106423180536
-1.795592947341921
1.3928665487411234
-1.797819648239794
-2.3352134410640204
1.099447934478475
1.5174180612868828
-0.3453498353957226
0.28400211750643684
-0.49851823207166623
-0.49936568832941963
0.775051614726592
-0.21804203558084287
-1.098445539680357
0.4312904206965227
-0.9363651438074576
0.43979287122361116
2.765666173208911
-0.30582795687198155
-2.3323871199070716
1.1212138504558433
0.2059090970384867
-1.7064085399729096
1.2818537280779188
-0.8671643207428349
-0.9066817964676706
0.5725526509285848
0.4531621329640615
1.0104461369143636
0.708409385219777
-1.3492590330751457
1.3074024391492598
2.10907250823364
0.5280132946462326
-2.0410534765535395
-1.8343490173286574
1.4163795584412677
0.5594239915508296
1.5438897587520013
1.4219769876465223
-2.8368294455886343
-0.32696076465373103
-0.1295009343056751
-1.3113666157270836
1.6920904040770584
-0.5821761154480607
-2.3700079432478884
0.16686340387020815
-1.2148696587677792
-2.1169627799728232
1.596322326719582
1.7797851580384978
1.1809315130008158
-0.3987940482312128
-1.826835573980234
-0.4790233105630769
1.1409551647916376
-0.3228876319802071
0.8789081124428337
0.6454794075243894
-0.3115995746158654
-0.021550569124540953
-1.2270136522296688
-0.10593783874182311
0.02806926100569973
-0.20927147539931662
1.233799038320099
0.5433133604512635
0.5011310003760245
1.7087612342610463
0.6151252096957336
-2.720494229401563
-1.1739942177494558
1.7396103314413702
1.0695402414606556
0.0977630489107324
0.11116896801943153
-2.10463611431413
-2.8854515779991114
2.814374094283129
2.3261790808543035
0.8130325288639537
0.3806041774382518
-2.085064079082323
-1.4585026004340866
1.0543167686881167
0.8893222820014115
0.23720761856450656
0.6696227891273813
-1.6088246687585985
0.2999478841652974
2.0720516885610283
-0.5246068631449358
0.41956796521193274
0.4750334348985409
0.550445590065733
-0.7854732003097963
0.4264880393512211
0.636964461262409
-0.6878168175375285
0.2835681582142161
1.3508277905863504
-0.1914713427688065
0.5023965705189973
1.019196956622721
-1.8330583194303025
-0.5632473368162649
0.09140453526311831
-0.800875027855197
2.9148275077189854
0.45534828688031803
-0.6314428468758275
0.8668667106238499
-1.0156150361768237
0.7048454611870865
0.783900603914356
-1.8562075956397721
-1.4882153775824822
-0.9366811470822007
2.0005823386619697
0.11333755389761091
-2.0924912833602476
1.0496601856457382
0.6702663474308151
-2.140491844888224
-0.9799353865922844
0.8886001797983709
-0.7199267007938281
2.403291252143311
0.8596161003941223
-0.942994486040823
-0.5039140316118436
-1.396604033051632
-0.6688319672405951
1.0289931532810495
0.7503669650306259
0.46563770273896565
-1.7642124086847688
-0.5712783864286137
0.12611011092851626
-0.11077022378853124
1.2154961875325976
0.11541942765989932
0.733614421900726
0.9161507706826744
-1.34690252319329
-0.1149301892512904
-0.5552762231149941
-0.4576931605522323
0.888427437775205
1.4770385535331847
1.316446769422287
-0.7300376607899492
-1.0750166477540444
0.3018058813700105
-2.3245114623763024
1.0167965791311913
3.293464808756314
-0.4403893889587292
1.5580842607917385
1.0597554795444015
-2.088245652107336
-0.04148359989919481
0.8660825508712212
-0.8507088188977496
0.31004199431274
0.3680553425551844
0.5164261015947906
-1.424735235984324
0.3327861087909193
-0.5734607331734991
-0.36363917576517935
0.8039255935033383
0.2530080501270955
1.2912847820017
-0.13587868177922025
-1.0895312959535148
-0.9271409314251138
2.527728689456221
1.3278744595302499
0.26516124825630616
-0.9375092025185523
-0.3930712284947484
0.7589909733338225
-0.1651531816242876
1.0798224221132031
-1.7167411855384238
-0.7969012513690147
0.8840457059699858
0.6277821620108097
1.215415808072237
2.1078703694800427
0.9588003525644093
-0.8507501353225285
-1.824223343778491
0.44428027200217746
1.0660784998910249
0.1664769625674185
-0.19018574501227115
1.6515468924279424
-0.45475743197970014
-0.836046353102966
-0.8225693609589064
-0.15865925897103536
1.7839856676385288
1.5026381935395012
-1.2738499126596796
-0.5146040752901031
-0.7137456429859086
-1.2346398097741402
0.5108282365309909
0.010144069271537437
1.0541177293319808
1.7942925122926932
-0.4076675247311566
-0.12493467877432607
-0.314360416738276
-0.592497124520692
0.36219852216007675
1.7278852377532148
-0.4307019572327674
-1.1988548908379055
0.8669953788659022
3.127111371966601
-1.10775080768363
0.15348511923349872
1.1388925515140893
-0.8856753072322523
-1.5364580139611463
0.08386340893249206
-1.2357089859766668
1.3764686484865045
1.6964537922468363
-0.5880352347899797
-0.08680448526992546
-0.02190930767146182
-0.3341285480969681
-0.07153726673769129
-1.8364427535395638
-0.44993257657843255
0.1722064400950729
0.19357490503265262
0.1551147568845661
-1.5275755606175965
0.4843766539597758
2.0613127347009232
-1.298934014174884
-0.309799746596139
-0.14396498723238316
-1.4984860378150215
0.37687706920942154
1.0405096101172335
1.1340071006795154
0.6341184811086364
-0.5200622024092019
-2.419666948415779
-1.3423052551692138
-0.1781936416734764
1.115786241250245
1.6281679184476718
1.1530164192160048
0.6758902499015406
-2.596862256402819
-0.2807138968520677
0.9099476346465006
0.6810284964683411
-0.004173833363912638
-0.09664948035500433
-1.3969344308818137
-2.253781263626038
1.149152652155995
2.008295170076919
-1.7907027033524565
-0.5405301035710464
0.33279182863524404
1.0661049387604846
0.20701912575928438
-0.5254845868029259
-1.6402182003188188
-0.8899686298251391
-0.14435647399242924
0.8612255552191259
1.9811831392938952
-0.48066490804079626
-1.8515896651851127
1.2103827088721353
-0.7496170711228306
0.15383710484790514
1.5229721515894192
-0.2852000001372746
-0.6754152967730497
0.841766840720028
-0.6692781178212401
0.5644827362184546
2.7501998411390742
-2.1063172413795344
-0.9701441928798948
0.67334299609363
-1.4323389921916987
2.4314928009826007
0.4723952721143917
-1.6540145527903123
1.1662581093834947
-1.0419042074197515
-1.789924210335013
1.9940523019070082
-1.847648827297251
-0.06274726281363507
1.105717957179577
-2.2988531585305125
-1.2802655680371982
0.01592621439948627
-2.355575362907888
0.4944084740562168
-0.2872710106536114
-0.46632885169640464
0.1471132103289965
1.5711479586798336
-1.4333244780153858
0.961765278570406
0.32951415125517636
-1.0229788109053977
0.6296573561559412
0.9508589336287623
-0.6369449303095983
1.4654209630322752
-1.3750352836216666
-2.5101350629751518
3.080839242601733
1.9982193456155513
-0.382890769426956
-0.6108035688941851
1.4240628935166164
0.49087517643486156
-1.1204206535184662
0.4220168978755481
-0.18363642532585206
0.32434899722757127
1.760051132729275
0.08938015862712267
-2.055752984177086
0.7949889531526868
0.5812926781108103
0.4837621149587082
1.6294033516179418
1.0854693403612625
-0.07496240240451901
-0.27393431318063743
-0.5156977873029137
0.4072881685968563
-1.1518325002901173
-0.5215810455777355
0.3838170040066178
-0.9815095882730802
1.0035494423262397
0.014853623225290269
-0.7644031071342965
0.6567923118250187
0.28632265831870585
-1.4832973366489446
-0.001213217002758532
0.4730370794401628
-1.556363255995342
-0.21751622271125037
1.6225676426072213
-2.0986982702226022
0.4421137087162407
0.3258065969730011
-0.35704595155956464
2.8849751448897636
-1.4583360520097475
0.2523943873902321
-0.9559129449118982
-3.2068205573672213
0.016795490858168227
1.2754741418312867
0.3879683563616436
-0.30156533095958493
-1.2278014198367329
-0.25374094454879026
0.0631159290014996
-0.11096941699447499
1.0964022757879617
-0.22893585424213528
-0.25222969177393323
2.321640166949271
0.3171201351527043
-2.7995070475842003
-0.32892413518328034
0.9759053186504985
-0.24463728662211853
0.9664806457641091
1.5061432195871574
-2.2873537305337797
-0.883677220409288
-0.05425479391266197
-0.021828479582842952
0.34463232663974863
-0.5113002333249805
-1.032936824278623
1.0037665219112668
0.34402990755459933
-0.025670296023347777
0.6597503131787238
-0.6085392462319096
0.814248468354319
0.9856949814526375
0.771233265939288
-0.002663294870549282
-1.395466549305565
1.3376015772645673
-0.022260267388697186
-1.153490859756356
-0.27872208448969893
1.0441375631057377
-0.3138638828946636
0.95273239985224
1.0945704437849695
-1.5143213720051825
-0.0920934692587001
0.4595809701677855
0.4627929458291504
0.6633699533084421
1.2670598088173914
-0.1899644699651265
-0.02472984322518257
-0.9327316281276952
-2.679075983635468
2.1532188801514716
2.8532069702286202
0.7852492880157391
-0.3232154950281225
-2.241518959723765
-0.4316037703050327
0.4724749201939796
-0.1760490361570724
0.7775848453038575
-1.1359040369198032
-2.68572095598858
1.4890599684550154
1.2014944118996336
0.5834076510083995
0.8588409888957916
-1.3923495498073153
-1.314323068651683
0.2895909181330806
-0.4443124932552595
0.8743054134110688
0.9791143141189023
-0.8724497288240327
0.17621789829587448
1.0605344062313709
-1.7175250107414657
-1.8724760325055847
1.5124288229962972
-0.5542160367939029
0.4744322595132641
1.9793573080776425
-1.6777386204990603
-0.4705857519589377
-0.5294054807647869
0.7096065864971393
1.5757323635191909
0.8947904318780291
-1.3514974019046933
-0.7990075003742564
-1.6821787571801932
0.42462750168276936
0.9379437773380576
-0.41152305630278097
-0.19790688957917119
1.1225427755643165
-0.44876983389199265
-1.2549238560550222
0.9589613543569717
1.0093120194394811
0.7553665432429144
-1.1039399786280961
0.14944821062138736
-0.5609682932843305
-0.8892441446741898
-0.5420042491801934
0.6425890140890909
0.8074839100599125
0.7741170266338322
0.38917510753437196
-1.8668813623688578
-1.9475384366835953
1.59185459029761
-0.02878751656004319
1.1642711286548135
2.262189514573424
-0.4979927091031756
-2.8633340594756005
-0.1272860398067921
0.27242012144644334
0.9755008372977689
1.478553876763172
-0.970126959535054
0.7552035591297948
-0.8619753000319885
-1.6732183624543544
0.22536320516757058
-0.1836354272563091
1.3034508596804646
1.4752650634886906
-0.6887897854528144
-0.8197553824245714
-0.23555541733140517
0.4925844560643782
0.5490552058062921
0.40265096177345083
0.23517713602753765
0.8996602136977975
0.8225687413322088
-1.1167417754790152
-1.696201281773609
0.9945119599727206
0.730493211772205
0.35331741685463103
1.9185776671167782
-0.7336068081563999
-4.896487001970148
0.6812665312995959
1.2223322603178532
2.5124671928470077
2.223497912758557
-3.399596070790052
0.058310287952415774
-0.2561756819085381
-1.0332917370824692
1.2990004517376994
1.1548775523721035
-1.251046512750299
0.9942402114215764
0.9177815516139411
-1.2801345554124761
-0.026482387253722484
0.13176431134066735
2.0286880778770593
0.6396951949645949
-1.302381616416944
-0.5945790086617851
-1.186234865687875
-0.3609434988030555
-0.07425960311323121
-0.16982179643408224
1.3338631223230797
-1.433584182798601
0.01809821369302289
0.7121579074942475
-0.5200613205217159
-1.223202605287725
1.6402981662636864
-0.011116418788725546
-1.027356901683314
1.4495755736353342
0.4336914379860721
0.258416261804995
-0.8388805847566062
-2.4013281835716627
-0.0507113546277706
3.0483344035164563
0.27593180246347815
-0.5175456210569834
0.985957782095234
-1.7753839080846125
-0.07583589337596564
0.8263734177469246
-1.6761990725881541
1.7174551649010081
2.274803037748181
-1.8124685333597301
-0.47853030197729707
-0.737355339913105
0.1615504337569038
0.510959756540863
0.2790594802852425
0.7922664406812212
-0.1038496486805044
-0.7699643633683445
-0.3440135267527783
-0.6334166867013196
-0.9292714129189595
-0.3550763607462515
0.7403047655847759
-0.45111075567836056
1.8051439909724492
-0.2809785396855862
-1.3095844271365236
0.15373154615159387
-0.3954300493372162
1.0431885432461365
-0.08675170140434285
0.48937102328435456
-0.7547321720090818
-0.819691305796911
0.11794141132991831
-0.6969125304123621
-0.4596457171384349
0.04882031533255027
-0.4502753622311967
-0.3120856185638031
0.8156670204468104
0.4522382738478234
-1.1468095678821786
-0.03341462363287326
0.47432396653653014
0.9999426777134814
0.7996084877883641
-0.6760674933827128
0.44853167678851025
-2.0521844614587463
-1.5175468179088325
0.1153228682993861
-0.24701596024645534
1.1227415628851622
1.2638804264389136
-1.5048378239502513
0.6138490110482566
0.05897224228788259
1.0684393493752582
-0.21034777916403347
-1.3924391390680328
0.4532901550272229
-0.7973093275203493
-1.6267955518703467
2.6957375241206645
0.27533356052104546
-0.5685973385627017
1.3050209717747658
-0.632420543961012
-0.8120412016785691
0.738910981850926
0.609814777826666
0.390857551370343
-1.2208408140799885
-1.5409129615649164
-0.4274554493057079
-0.5936075846798516
0.9373831327186749
1.8856279073585438
0.45149560469910105
-1.7586190670500386
-2.291990360330955
0.3369785075334887
0.8647642775880354
2.032631272707689
1.0101308463600165
-1.3861576565534584
-1.492172423187764
-0.7833050735769118
-1.2787176977021022
2.631220280635297
-0.767601067220179
-1.8525740189810147
1.1050017759523234
-1.1167756435445089
-1.4587075726608671
1.9055571516268215
-0.04435465148003778
-0.6651528043600595
0.11172314120157778
0.5715399042882057
0.4864065957759757
-0.5182918371186054
0.3619724904871683
1.4091024900641567
-0.2549629279892675
0.07733585970946832
-0.3249344742273794
-0.48502550739977696
1.8368091876092232
1.2483698645602261
0.7268709596177306
0.48923497549630945
-0.9723737301578885
-0.17172867211017118
0.34900621883389293
0.00821323119497902
-0.43892848312246413
1.2742166444673593
-0.2692957393145994
0.053182339960138436
0.6388655423493298
-0.5969408995990563
1.832197402379256
1.5193773599719675
-1.0078484932806868
-1.8842854918144782
1.392295389754894
-1.79147983020543
-0.14210183992046616
1.108078052050862
0.9308610947336328
1.4135372573929614
-0.4718188714116727
1.2012053865882542
-1.33994060244966
-0.9879463657728631
1.6959825427864845
-0.4625170717623304
-0.6340019662066612
-0.3454478405857646
0.35117293054108545
0.2520727642536201
1.4509782896575754
-1.2262399548778655
-1.7539144169188627
0.6371587709830979
0.09219790490213442
-0.035397860609271636
1.2103408089007888
0.14315313844194505
-1.1438819009382482
-1.0354775060502968
0.5491941732895177
1.3617738661602548
-0.17604679864210193
0.6173841521347843
-0.9760632127922746
-2.7831682035500553
0.1402172816511651
4.120620159581288
1.4603086024825234
-1.671291990790074
0.09669395299397832
-1.2580783238178752
0.883395810839393
0.3036849735800218
1.1586114513427952
0.6307806051308196
-2.8576049705584845
-0.2756857300257074
0.014720722046359436
-1.5156739565827582
0.9096887043576439
1.2140578798165644
1.0226514406051004
-0.2282311924364443
-2.482346630967564
-0.9692901885609346
0.29346107344828054
0.29449622302514866
1.2147088940598314
-2.3058010424484303
-2.6265960418923884
1.6143693445556053
-0.5394012223933153
-1.4930538370872308
0.39308649305376053
0.15473549639730455
-0.583882263270527
-0.06772703254348833
-0.3775143548581873
-0.283950742378562
-1.2512246911050444
-1.0742825555892725
0.8014925254104569
-0.3592671548759503
-0.09929571863536313
1.0609245259394902
0.23349894055091086
-0.7399550144016626
-0.9805430764825777
-0.6402464334773879
0.920905087015821
-1.3333173810892125
1.3755577905851286
0.48253281747067456
-1.9357367582226392
0.8737668843287001
-1.0037287175512575
-0.6664570968716501
0.8379194611909173
0.5159692293360492
-0.2846299599993194
-0.9000137250250404
0.32478566789038454
1.059147773142163
-0.20949103798323962
1.5450091127445655
0.22243726397633662
-0.7681615226318995
-4.159254814027017e-5
-1.4018225936300361
-1.0046683682384416
1.0224625116421613
1.206408609895694
-0.06632874570890085
1.0136583618248824
-0.7723694757361813
-0.06679379180976563
0.2018277965792481
-0.5402412116933252
0.5919513830083734
0.27317836123204964
0.15954387901393707
-1.2049019234021228
-0.2857311557532212
2.1439590192609033
1.4852571514253783
0.336351819806203
-1.0277746639223866
-1.4060665244120827
-1.6586421803647142
1.8645633409618265
2.2877657396837665
-0.8139606514408592
0.5085058549131383
-0.6826079611348779
1.0324497061069047
1.0635654585466245
-0.34014862178143423
0.5274617530348329
1.3226639470523396
-0.9191364604217702
-1.167774602189076
1.974049698431405
-0.3936006446506173
-1.2596041543418535
1.3366042425544973
-0.3143691896947397
0.09741318002852495
0.9487889478079634
-1.3837041759508846
1.0557605261663199
1.917922968126684
-2.1248613012574538
-0.6967044231372777
2.549129914628531
0.1331634577659805
-0.6142445070912387
-1.068566030287178
0.7981862031086495
-1.048798929786994
1.2713421536457996
2.285753732195741
-2.3090212090701168
-0.14166570369288323
1.038324161910558
-2.1502183703704487
-1.2258626623321276
1.0947500008413846
-1.2175468927162345
-0.4214095635491747
1.5396499830527306
-1.3594653691886018
-0.5476709945068077
1.533931668216419
1.6349106221475305
-1.106986022560525
-0.49440127467825334
-2.3881092251063287
0.8380588734686019
1.0845834892781023
-0.16312447855410653
2.0989612579216947
-1.1340113779257603
-2.137187051348542
-0.9134457113398866
0.8838320256716613
1.6140267541906232
1.0341941299947177
-1.6919337170038378
-1.9604800186780016
0.7408624337150648
1.5168387802625853
1.9393462895078353
0.21043122893447266
-0.9841694907758475
0.2020869945374406
-0.3794571877535058
0.029141314299555215
0.384566426427744
-0.32726700312951335
-1.4938651466899346
1.289337326269754
1.5715821405447485
0.7067487834254137
-1.6196433365529521
0.7068968780559461
0.6675792085654448
0.22745013820493254
-0.42980771407121166
-0.04872506739280502
-0.20179049092045825
-0.8383222057039901
1.386458130605062
0.9532618773413918
-0.8554192318179663
0.5071893393415039
-0.4951002507018334
1.4124352924121828
0.6936665501742023
-0.7504866399568293
-0.9812287929257028
0.16817557765966323
-0.3413411255229072
0.20871585269356463
1.7770825562746224
-0.602751340921067
-0.23893065439330896
-0.7637341792735205
-2.414172878761385
0.21217477656338696
1.7326301621392188
2.1225602728380335
-0.25225416458121286
0.5802468973813557
0.14908567121719918
-4.097882463688894
-0.4815094280689864
1.628145834905936
1.1613781301340353
1.652817509675743
-0.26592330575516365
-0.6879342295977499
-1.0452670594534765
0.09921913630511786
0.11623742780231039
0.3154546424222342
0.8911905818046629
-4.316507457907929
0.8218109171589423
1.6640336608453115
-0.0536282639584551
1.4934686012229974
1.4340188474944102
0.11507054021682372
0.4526971618369179
1.2253059536254298
0.47135169973971425
-0.5375277818474546
0.4255714857042246
0.5440764030798461
1.1721302049862126
-0.15705040145859234
-0.11748000139037273
-0.11833216976290252
-0.2564835318390451
0.37419836091578407
0.6503269125821284
0.12761672609666858
-0.61118319816815
-0.9252014717769056
0.7129586661833057
-0.009630423480741557
0.7387458641668861
1.1344939256719955
-2.528963238981397
-0.5538762141500488
3.511413969053681
-0.8173004314288957
-1.140655361947743
0.5375502929861535
-0.6787747209950772
-1.819030959987926
0.5865757171186536
0.6577069921512946
-0.5912601881588737
0.7777561323413011
-0.2764988043006044
-1.0606907723419556
-0.054311365807811485
0.5332586265536926
1.2175133238151368
0.6124869554352896
1.6976138283968318
0.32126923016315523
-0.3229209850596346
-0.3129268564392409
-3.5527238572146786
0.04136010329413475
2.9426141538208475
-0.31562647017750595
-0.6413960168716842
0.3985358713899194
-2.127000344630721
0.508362532485941
3.213334171636712
0.011022137524717701
0.3605443064240952
1.9980995456804809
-3.10593265149949
-2.0974771722194276
-0.4165612963714076
-0.21445138381368917
1.2128849046472352
-0.5426621168815995
-0.8370415350282716
1.3295192569454564
-0.9465463710879561
-1.5126386603994686
4.350418536494425
0.798538411994618
-2.131953670654762
1.2730627045320226
-0.9016947684810859
-0.8710741488579072
0.7268318834858878
0.31209563012832586
0.11441481151446761
-0.7281840228087986
-1.9915544181581368
0.9075494606596399
0.9937555002822759
-0.24556078029532635
-2.277985246490624
-0.7468902801182256
0.1671719945545299
0.1732163677482762
1.1055989296780622
0.9110912843942971
-0.19798273732249771
0.0845733914265332
0.10133774871230322
-1.3514157829425741
-2.4465760931724074
0.5148660272858077
1.0719165844106064
0.7571435102232967
1.3064487029631349
-0.3447955868875028
-1.6592655551438087
-0.39233912626860235
0.5589518898142565
-0.32039889263455873
-0.45160163204576853
0.19630167383163943
0.7707948561776832
0.010723519493910642
-0.7260177402592319
0.10650341660978888
0.05248927754763079
-1.1994504141883011
0.38832486409222766
1.5876174936640488
0.7184111091673677
0.7445999414024974
-1.7185066164044445
-0.5013264995752247
0.14010873508803445
-0.901299743111186
2.19126766365988
0.8977648728842388
-1.101149048126743
1.1895894541547183
-0.48915594699077797
-0.7040539687622451
0.18736259515957443
0.027467979265523246
0.30069222281019614
0.9527929620017677
-0.3179360613512545
-0.8800088598313334
-1.490059958292921
0.4454885993739167
-0.4886197747474804
0.9462726757155284
0.08527923140047733
-2.112002746808204
2.4638623824311794
0.2972165848147134
-2.3191672232797442
1.2320475730345046
0.5360566588254466
-0.5350097148568779
1.8636024215228273
-1.617181903602605
-4.0535429392185724
3.3909592706310225
1.1172393407329602
-3.3283636081262595
2.101035125143271
-0.24018875107076904
-3.1670192474011865
2.352194529693813
1.1989381870172422
0.5362815764367246
1.1413244729456173
-1.7849992615239052
-0.9443022639823467
0.8450549833101926
-1.1234135999101205
2.083605427869495
-0.664098834846732
-0.15243262396990742
2.2498014916315987
0.25306114318357587
-2.9366664143274432
0.2327263842196109
-0.8317191431408979
-1.7832756620540908
1.970364949880207
0.3186051534335144
-1.7615392144701052
1.6271464719993913
-0.8177507511060016
-0.004788686549195398
1.096502758845494
-1.3325108918405717
0.9994040593992382
1.345217106739577
-1.0812389486534126
0.5663955639984564
0.10765218737506294
-1.501595809418811
0.9652635612735067
0.7302480582685075
-0.16230909543383382
-0.1616516321682146
-1.6679999424940106
0.7336815995953953
1.1856365212134752
0.9250170638308093
-0.07290443592410017
-1.770742482313785
0.12511932109439194
-0.11268420675068114
-1.062415090673152
0.8846557301951801
0.15147016652585404
-0.4802541706636804
0.45048774670295455
-0.38085250509723717
-0.24480195311287067
-0.5143836714329916
0.6201377353837192
0.3027338354911614
-1.4993960953943914
0.650816933824758
0.3059284455213913
-0.30385983014240525
-2.5405944762172514
1.2937751150039065
1.1369289846555588
-0.5279852754380518
0.642610935079403
1.5140501754442575
-1.136666336623175
-1.3603030644906942
-0.5304644408111563
-0.0013315897112222003
1.057777893053666
0.6918194180719831
-1.906834051050124
-1.425510606321063
0.9552704913799149
-0.8148238213351939
1.254226428476426
0.5285048189444775
-0.7176975299975419
-0.7822866340404806
-0.3866424398849501
-0.9967558908119618
0.4389601235276258
1.2622152707209802
-0.6711179217940869
1.0154616206307154
-1.8011411108217947
-0.8104016814548043
1.4458735360144508
1.4935555861676812
-0.12247195306840014
-1.8356858926562742
0.5744820025614947
-0.5336396433844357
1.1384506232515101
1.070634078180726
-1.8220133798817226
-0.2862893487850308
-2.1259495368516728
-1.740217534880264
2.6412389937903336
0.9666750908982437
-1.391394307840412
2.536799969734051
-0.27630920353595595
-2.100635558063325
0.7633745087459204
1.2013716205015914
0.9151328397896797
-0.6333952578816762
-0.09623471146491791
-0.6018377218975598
0.5534681918343803
-0.07769985526556988
-1.3990331729662935
0.5449573231344783
0.12922199960714814
-1.9253617500855906
-0.5078782494418735
-0.5581858898299872
0.3584350638163717
2.135631649366802
0.4785777511710906
-0.930152391328872
-1.6839083486718613
-2.2221220404454334
-0.848470427267791
-0.21129826960434728
2.8377969790140476
1.1149073446411166
-2.0969968205023393
0.09961280092067948
-2.3533919399054333
0.7265659082465274
2.491978306301452
1.6852737893787675
-1.1895681947505872
-1.0421587622140394
-0.27174273287953965
-0.9089183583959768
0.015068292463843114
0.9087174029225165
-0.6479105650217905
1.1196698307318342
0.06830466309250396
-1.0653582654076534
0.39504291864926666
-0.4698163061440011
0.10410566398613641
0.535303793946482
0.48011267103290617
0.6248162985484861
-0.2441668113100629
1.430885313501319
1.620400246952143
-2.2512227364806474
-2.03777666450154
-0.10486013135459604
2.5614572425114277
0.19573931228654673
-0.8709509591524686
0.354753333344925
-1.677603622553006
0.40493974874056243
0.39260047050082614
-0.7233386540989597
1.0914826097061257
0.47598817056727794
-1.5262816724694261
1.4156786418328324
1.4825293092273766
0.2002089851241743
-0.8169248044546745
-0.3010850656706433
-1.8935068026500426
-0.11265049392333323
1.1869014374954858
0.1246597626525509
1.1485956796759575
0.36370571948624725
-1.6845607767656647
-0.2699339248235855
-0.1078781458014223
2.0048523421787596
-0.42564624345664637
-1.1591408986145828
-1.378249764170553
-2.047726445146484
1.9350104458586583
1.3317679176792079
-0.2738585308470252
0.2340560798672704
-1.3047053730009104
-0.6300031988102366
1.5884570680170433
0.036684683728227585
-0.3333192630145325
1.9551855895239096
-1.1683451298741145
-1.7023279981673356
1.4419665090023068
-0.04675264373424996
1.3796649347830685
0.9070135450668704
-0.22107350717467233
-1.371887521112681
-0.6931068612572115
-0.7145121447309052
-1.1848667661540606
0.9451130884188931
2.406420709900294
0.19654493235938292
0.3189520353585579
-1.6947812472770296
-1.1779480280588954
1.3140951561143426
1.6291143541928554
0.26637591150101886
-0.8695774813109407
-0.7118236023118354
0.6058503599191993
0.6595065139800932
-1.3119038875664824
-0.12221389700865518
0.4862227189317524
-0.17354570491496119
0.6615557637292078
0.10931658870712273
-0.4242144180669245
-0.8350355140074259
0.6256139491786735
2.033516271147512
-1.3945873268321825
-1.0960129207649638
1.4402319191575685
-2.6703294533747033
0.41787821546094767
1.649226723605011
-0.975208481271125
0.45074689723728617
-2.136842352494618
-1.7354551464080226
2.6124746777512584
0.5049026865945399
-0.5689970067044365
1.2299924995820275
-0.26483720540525224
-1.5971393741792128
0.24430733386197406
0.285447886043908
-0.7112366580823694
0.017275711705227015
-0.35046290881512976
0.22887681327623657
-0.7983818481022158
0.7896382748192644
0.9758562880348028
0.6601324051165036
1.1359099742912848
-1.2749994957562465
-1.2361245208897738
2.4192962792263697
0.8845597660865577
-1.9933936913266623
-1.2150413942248093
-0.4314658809232747
1.58264906408505
-0.9242427701163782
0.33627923810640814
-0.8529476730371149
-1.7750261876207445
1.4673844989323939
-0.329364527647935
-0.6665600784195975
-1.750323141995084
0.9040463220532077
2.2344098977458735
-1.3111815882389926
0.7144784721021399
-1.7619847638733928
-1.1308337708294771
0.7847341171421875
0.160410569662936
1.4618237035018344
-1.044155319931005
-0.3240454417368178
-0.9659533580553177
-0.20036494713824665
-0.5905255790755373
-0.17179915186100453
0.8955655574029404
0.14919501389136192
0.4967660252354871
1.419819992065547
-0.6203020232244671
-0.45505377957609433
-0.2723965283802574
-1.686257749149556
1.926124334368558
1.8477641026056584
0.03864183058145143
0.2787577967019899
-1.9299438724942357
-0.438855398828894
0.6238589296466104
-0.6337639255174763
0.11815564476122875
0.30947906881812526
-0.3032617723813809
0.7733992017004674
1.433463344738203
-0.41306084974466717
-1.059662435254236
-0.9866451589203733
0.6353911081140945
1.3618687282821278
0.5252422930431305
-0.549655827417171
-1.571023579602656
-0.1146110984038064
1.600862694825651
2.0760863035976933
-0.4329868360969581
-1.5576100294428412
-1.285190483931346
-1.1106666403307717
0.7205403314101546
2.5994944881903237
0.6773866210372432
-2.8786318647592726
-0.3944394978593362
-0.7873338677142961
-2.235821455141114
2.285334805700206
3.1621415361396075
-0.2697299508598408
-1.4401183461772455
-0.814595002127323
0.43368495405328655
-0.9068425330589283
2.430211071545824
1.5895965076783067
1.2442808762859496
-1.183626169474663
-2.7942296505605886
2.031619871652451
2.2333399752939807
0.7744783037230114
0.6096531577225707
-1.6750893054745342
0.38282666671256504
0.32962057314790083
-1.8860151522235953
-0.18427180328392978
0.7224507824489402
0.02275824682028159
1.0656384562866088
0.26417500242058395
-0.3988755425156247
1.8480300136961918
-0.5340386136746638
-1.254593151943303
0.579969688411354
0.12987393906676187
0.6339623118422371
-1.2256807539133738
0.8370557655990094
0.6796849302487808
1.9225287115982943
0.5129239582271035
-1.6304099352772212
-1.0407433427732236
-0.11214842755753462
2.347854698720979
1.2336444166361709
-0.23905913488254005
0.069354939251003
-0.9469880141008199
-1.4444379932802152
0.5485315777105069
1.6345314395771275
1.4249233554853278
-1.633215586524046
-0.17490081420057846
-1.5356168801822405
-0.5607913560416677
1.0105486323841997
-1.17964804375145
-0.9514416806820523
0.5398982776688234
0.2423099059986366
1.53014509598402
-0.7892341479094945
-0.48600898142558546
0.5064722139936888
-0.11421581093183297
-0.5543035568556414
-1.7577834438967908
2.6348471331828716
0.7690735626595482
-1.1299987370966993
-0.4608480884223142
-0.18533912894922766
-2.528370689411635
0.47368286950891003
1.4274079200710774
-1.5990675395120464
0.7424478717046838
0.26281712027040505
-0.2089842152307424
0.501921801207851
-1.3616772851328847
-0.6777933675512635
3.0368879092600296
0.5757260114845946
0.16669820649211564
1.2865593994050002
-2.738144990129725
-0.38081670546196456
0.5181254017810722
0.21481580607290068
2.718451436182164
1.444708017894113
-2.9815016442162
0.30768454396968214
-1.0555377408326223
-2.0834124682327753
3.1461537232114063
-1.2619750101180836
-1.7742485648462667
2.4077919912599217
-0.9339293404951174
-0.8956964022107909
0.387357557974931
-0.9176388516459848
1.0290458611268503
1.521274176112358
-0.6672308236364346
0.6909190177156208
-1.2566786596741415
-1.727865883074998
2.6738866294575434
0.48623245164192364
0.13063639290581108
0.05575597866271975
-1.5360256663031016
-0.006567280758679517
0.46601740995847674
0.22272035345924754
-0.09465484663550161
-0.7836285495332159
0.14876806446027657
0.5820429471115693
-0.04610228049903824
1.3428686588762948
-0.588000571265719
0.04443074074509856
0.8183611681254153
-1.075193352478096
-0.5553001117892988
-0.039766176738634584
-0.8938533377854082
0.28979219091610436
-0.16884277817452764
-0.8019551537281655
0.2866730394511782
1.6545890866753026
0.10626081246814523
0.03352163410621373
0.5280131849002967
-0.521020475370971
-1.6453061269005465
0.9835336530952679
0.42762853490036723
-0.8192948348501949
2.3019350476857294
-0.6025531279116222
-1.5953645964564358
-1.353894478065839
-1.0666228668556317
-0.19485110527764005
0.5503806026350678
1.785357315739271
-0.4734341838029182
-0.6354796671488934
-1.1136002231431037
-0.275977211051443
0.7689139301373136
1.7013511704872886
0.3684699596989407
-1.0531257466841184
-2.533847935134033
1.416242366825153
0.6519565732427517
-0.016631526222008586
2.6302253492822096
-1.7020255079646136
-1.9167498977267061
1.5332420917719318
-0.8341577690580392
0.3962331877537084
2.9690521599494817
0.30660547187214104
-2.2501102835789144
0.14731348527130705
0.7349243278251854
0.7806243340211346
1.03266509448411
-1.2676545559904624
-2.0207801240014174
0.6557169866630488
-0.12696633118554546
0.10871568546975777
0.08374462981999353
0.41074320811620146
-1.5502308320870484
-1.133893701570695
1.1094328698938312
-0.6465361826329462
1.030917662462488
0.7689997742317539
-2.1329019357936656
0.2858425362020939
-0.0920680038217292
-1.333381682562273
0.9986956698072892
0.3320659751141982
-0.29301515452961663
0.3161939468234886
0.6634230351257036
1.346937660198852
0.25024822078941655
-0.45883701585512565
-0.8123994029618136
-1.3357060539172427
-1.0317941056856879
2.0414063425713063
1.3047923756680584
-0.08426478479375998
0.49857877897766334
-2.0883477376505537
-0.8802680725185063
0.07409016605889351
1.070226075049459
0.5464296193097621
0.7040934273173434
-2.087836859868676
0.43368018959692967
0.41780069432761424
-0.8822145760594478
0.1607437914122467
0.6738219597777644
-1.698616551616042
-0.10348832663623014
0.5426329146177643
-0.1856393527321356
0.07184603758234243
0.06839989289746881
1.1724854042398818
0.7400715412216131
-1.6956620276376166
-0.9126625815796877
-0.8214229815939519
0.3276960183126212
1.322257281793566
1.2557106302058125
-0.16577537638649564
0.2351131268349822
-0.6669990680978759
-1.146500069082541
-0.4787755213722292
1.5246303397967684
1.7771255876751495
0.22593961493013226
-2.6907261981062094
-0.022829048244915606
-0.26893102952341597
-0.5776631118974105
0.9653590342393511
0.6162486680115133
-0.32270390683941985
0.32597509301894634
-0.2561828093626685
-0.9972425849521609
-1.2632710159707914
0.8278504211270381
2.7391239818010997
0.5925991835450504
-0.8313589472331298
-2.7215444733468637
-1.575864901994529
1.7255269163134543
-0.37994769088658975
1.1590473499032727
0.5618084325249388
-1.4981568258161346
0.6381362865357586
-0.42905981069175836
-2.706889696470562
1.698004822254922
1.5775347377898479
-1.0115284916371479
1.8378310070082564
-0.37232996671586155
-1.7414631929506394
0.6574077309821648
1.0217942454600912
-0.6502700079840693
-1.4816419219337367
0.4730835911589442
0.5375509842958897
0.21857085578734434
0.8976806033425111
-0.7734089785347833
0.275346717985129
0.5909430563389331
0.10950660347309515
0.958367034484041
-2.1338099570239004
-1.197876414678569
-1.264710971786693
0.8594674034700358
0.5361101055835891
0.5993324600670589
2.063196159049707
-1.4554443839952313
-0.17526998132357785
0.9039386580218198
-1.065531618018838
1.7834910195529825
0.9028468889475153
-2.778930333323639
0.8130146593864971
-0.4974226282922598
-1.8931809333112382
0.013434716904580313
0.5460256340979797
1.3858554954257902
1.1560969155767384
-0.22504397504671564
0.3854236367799949
-0.8140908597517579
-0.6383473696813358
2.44504173540318
1.5813840832331016
-0.7510601309494415
-1.1797852504894313
-1.7124806473894698
-0.5883509652370578
3.2586322217515447
1.3459671165958558
-1.3701668137907124
-0.21746917177449432
-2.1334625781270127
-0.16918053785513348
1.3277356734838994
1.109310213299053
0.9632336328967025
1.0279852441854325
-0.9009402595070187
-1.330621795032351
-1.208469795244671
-2.6076561190807945
0.0960663653727637
2.188797182744463
0.17088309741080698
-0.7982545379513541
0.2555836616318723
-0.8342426869638059
-3.6122773473131207
1.0756271539730484
1.5704419049705296
0.2332209956279615
0.8415259578095157
-1.8289226584811613
-0.13423091815174315
-0.4263171039422595
-0.01617019004831982
1.677373225318024
0.2512130151875561
-1.3699688435379174
-0.20466036766539175
0.04645997304120986
-1.2101426838885503
0.8733211017773004
0.463613365233274
-1.7402219828813332
0.8997485783331041
1.0395307402193983
-2.512760743605531
-0.2873254356329965
0.6478626798705744
-0.7912746287628188
0.3824351772793677
0.4650189649452918
-1.1114084532608162
-1.0056339234157106
0.20003641985144377
0.990619263376889
3.047842503295454
0.257299540608935
-3.053578958632458
0.20974251519739273
0.28159297849767584
-0.07707103595544412
2.0778366639451655
-0.7863807882330037
-0.685134033032093
-0.24154510121634676
-0.05794379133165972
2.1751448458339997
1.5324767129263541
-0.5095197760457797
-0.05536549266005186
-0.44776535777803245
-0.8162349856943908
0.13990735488065154
-0.482547393779432
0.029426355523181222
-0.2660406477517585
-1.2960768751547491
1.101150950022372
0.6773614632729603
0.2502097186876999
0.25953573842447986
-1.9011505066261316
-0.49555497351296374
1.9890597313399005
-1.8295697306528693
-1.3979246534526908
0.17411871627698217
0.17518163187354452
-0.25872028293041016
0.5922896061738285
0.5188866076667658
0.6129762839003818
-0.6025825022666778
-0.03049158668027452
-1.5865717153682604
-0.4168454590175927
-0.3893680988876238
0.5262811745659808
1.893310243584724
0.4585042589298789
-2.3096655775589707
0.42618275649293413
-1.3779685576075071
0.9162407469307058
0.18643643657360776
-2.366165800280973
0.5822172412619422
0.9738498497778546
-1.6621951282715037
1.1305774052178543
0.6545502165218431
-2.651604921460444
0.8577155819046506
0.6346740233385487
0.04550013469583514
-0.2630491313887282
1.7203751795972675
0.33676759498101555
-2.7299603677568616
1.2769263306571406
2.7671649714638553
-1.1206817441909716
-1.1773558863621176
0.4800639798447569
-1.3784641926063645
-0.359535138396668
1.2894758456167734
1.6877488964422562
-0.7533940177810999
-0.25772695534244977
0.022443695533446217
-1.2636019391174291
-1.4886225304909204
0.4420093764378779
1.1319171231528884
0.35122288661408874
-0.35133009423443784
1.1554139000007135
-0.9567853595609497
-2.200587815725523
1.4764475353758506
1.1996489206603638
-1.4033576639916023
-0.9974930503414077
-0.7540689664053478
0.4706473279399601
0.8238836904378728
0.10632306308873254
-0.47526775187165815
-1.3905123253304112
0.01893437597833933
1.3374476463139127
0.5740802580189234
-0.11146968259756915
1.249911010565613
-0.34252441485500873
-1.9226618869634837
0.6978987425103742
0.2748571394213948
0.051042092245865034
0.10451477867221148
1.0958617753143307
-1.3903664158338198
1.496546052789663
0.14691725728936167
-0.9333026170385239
2.057532513025839
-2.318637514985238
-1.750778013120249
0.9414686266191026
-0.9343792286250701
1.0892411079180824
1.4566538746230704
1.6317760606743752
-0.6613652596601003
-2.23211188173764
-1.7621767539030546
1.2544254599402855
1.2051338445528907
0.6404528875731422
0.41768315013413193
-0.2677015617854227
-0.5509643026921023
-0.841600468475999
-0.6192637639029084
-0.31397466495601234
1.3555062274929477
-0.11676796810514634
-1.073159543699822
1.5825061009175474
0.1432619565853015
-0.6294344088248819
0.6182701150167309
-2.2465142316939155
1.5477743764086505
0.6402469736178099
-0.30328825442559837
1.5914372840184488
-0.6922219289439608
-1.2845550465775508
1.8418215894364645
-0.29539135171490694
-0.7230473260496857
2.0086783271886848
-0.7756561337848601
0.9992145858590458
1.474747194695438
-2.777868398296116
0.9176556290455433
0.5786377431412071
-1.3418176265102668
1.1169930529457264
-0.17912209006394036
0.20156618593933284
0.22092101183035717
-2.294018785498168
-0.4280872856689957
1.3813277224405736
-0.4713829495208291
0.33912440906865116
0.8861037102734906
-0.3435931450865515
1.83082690066441
0.6062958416445483
-1.8493549402732956
-0.8146007698305067
0.7613452134576513
0.9268322216606116
2.1745099810874264
-1.6729467882000066
-0.7350102884019725
1.0034071674502858
-1.4622356929812792
0.8544906548988622
1.9979215834808615
-1.5237815550992355
-0.8380475308803982
-0.8851700531825836
-0.33960072606288416
1.0313650426427912
1.2504284310794984
0.15906976491655497
0.6081548482055064
-0.6721277680736234
-1.656062711958517
1.5793156730135434
0.7685873406320443
-0.04425619661802466
0.929898953353294
-2.0254827401260664
-0.8176797407089895
1.030470636129825
-0.19323276137335177
-0.13650901930371995
-0.7885815596066013
-0.6039373232873619
-1.013243539466437
0.23844731997380564
2.8871740471558667
0.5686176433175321
-1.1028302662758738
0.22171939966238768
-1.63247509339452
-0.42921698438445705
1.6059028190613989
0.18715036249403538
0.5180796622749126
0.34792901575600743
-0.9772682701285544
-1.3585554162327742
0.9122488532351124
0.1876657358332246
0.2912330447828378
1.523361506097499
-0.27684470947555917
-1.6486496874998284
-0.05433082210101227
-0.6350197283655648
1.693708309623398
1.3922998295218436
-1.4806618306159471
-0.4511394704084404
-0.11972815605019863
-1.987140030397418
1.6815264492429347
0.5104004169242251
-0.5543170538622446
1.1208344756950155
-1.2291490304931894
-2.243268303124343
1.2311477406369409
1.4787896836157883
-0.8418945955145327
-1.0904016987913012
-0.8566644387708456
-1.806702057176348
1.1847065544208797
1.1809953011175776
0.9592074798532009
0.14918722155112007
-1.0603086972660263
-0.12377675475046546
-0.5930818696164805
-0.7819143573277267
3.2515338614997864
0.3986322451697246
-3.3521683328350376
1.087153023296208
0.8101168908871206
-2.214663189272039
-1.2254272343720172
0.8879989540900792
0.6294092051753788
0.7003163795852348
0.008402609827694196
-2.100361107123956
-0.6254325962703461
0.2872238523825022
1.7038075704479057
0.38535489445082916
-1.2530421544924097
-0.3476680014545839
-1.1183123254315397
-0.4962845581430312
0.5872575927417046
0.6334020535459223
-1.0112587774983237
-0.1276218832847259
-1.8545400156643475
-0.7229490531010176
1.9975204936928654
-0.18777498013280897
-0.5198360665243007
-0.5133075427480813
-0.8079593412830961
-0.44042133230063807
0.7177062204694078
0.06867948261088469
-0.5491248845026807
-2.273809536544563
1.350857071305992
1.1350985176246913
-0.7489358639584643
1.0453035666408814
-1.7749427184670714
-0.9847184101969451
2.3304877132118884
0.12849610796484864
0.46125980341434114
-0.4315279405732568
-1.3805807199265083
0.25893642390394767
-0.16446162279169374
0.3485956311753955
2.4373782591838786
1.4563316395141115
-0.9066620133274716
-0.33883490729893706
-0.3060362035638294
-0.17055257976079213
1.5780592587625843
0.5479656957341764
-1.2929301432066667
-1.1802205134397972
0.5389852151894627
0.2409086227982883
-1.2532118356659594
1.6316139662638158
0.04996682675417807
-0.8844423106445957
1.4166632873964415
-1.5198486625850272
-1.0622030304223713
-0.7072069270670214
-1.3907967264421925
0.011338514585159887
0.014711360233889081
0.8846914066932546
0.88331474363373
-1.926587025152412
1.3603358572199404
1.5391319024132444
-1.7532521646517936
0.1908060211736409
-0.8457442825372931
0.8269641126772069
2.2459793332737656
0.23596167107893118
0.3487376619491067
-1.4923242784789275
-0.5060516590416954
0.20760003421553408
-0.8304373180423155
0.11174359606968176
1.2017864113317538
0.17821606546861973
-0.4653791487129121
-0.4642473078394994
-0.1791256243099199
0.5376268172824245
0.026290471279518113
-1.0643282912501713
0.6041731701269606
1.3830976905751626
-0.9845538950901291
-0.5602928199487736
-0.28010229486711047
-0.14556667611727941
1.3035815050609694
-0.7374510785666857
0.15660233472391238
-0.5665099892583599
-0.0797645459334243
0.07894679765366219
-1.549275070177437
0.31604115967628116
-0.17021927256123326
-2.285223736795343
1.3778828047299783
-1.2570091836615842
0.797517595308196
-1.0931092436866485
-2.3835037763886473
0.5433569228335268
2.9071761649948913
-0.3815703777928609
-0.6333809359114129
1.548656659651429
-2.324788347464459
0.047984972801058734
1.180702307603823
-0.05771022051012564
0.24998423098363193
0.9212894971118437
-0.6404984995391723
-0.4099246680057381
1.3897849716232449
-0.10685646692021875
-0.8238983368692083
-0.08180021786292252
-1.251113836620062
0.2771237460993103
2.998735021714182
-0.5759222426683095
-1.0520182990017137
0.7813816079718873
-0.800381195223002
0.618157520386353
1.693593918920105
-1.7901322782150582
-1.33728937907663
2.6529329920037843
-1.748616378289449
0.2973710924104431
1.9353009569650088
-1.6284936285441254
0.38648546561321817
-2.2716353317080547
0.5788627997510363
1.6967497754943346
1.0874912368315734
-0.30628408614521685
-0.6824248554292744
-0.7612491860324437
-1.6204270223148187
0.9027920603440813
3.5128348021677294
-0.39307742043697314
-1.6711051011989606
-1.255436417544078
-1.2676674084000947
1.1603764621848804
1.1777654143601446
0.7041625402440685
0.3860337906864974
-0.19048365236648435
-1.3188936428397575
-2.177227880135593
-0.3618445294967707
0.8700815762411918
0.8895086281633635
0.31056015567314393
-1.7669425293651317
-0.00803648975315474
-1.1362153582854595
-0.8926116358914611
1.3065568555597054
-0.7162819903468503
1.0216286604733626
1.2308460038197089
-1.86443437195767
1.1134953059673602
1.1103053301481656
-1.852908650761906
1.3154018154133156
0.8098879266580065
0.2881742856763281
-0.008689423837008992
0.0864397873097037
-0.5862060251879415
-0.16396318797368298
0.04580870618541655
0.7573558776439262
1.1393569885148733
1.1168258039744383
0.020493958494489983
-0.47141596216953385
0.42835464890211505
0.318515258879249
-1.6925684470744269
-0.9955449356859003
0.2273682085781471
2.3068026305832987
0.7010728839991036
-1.1475495519437353
-2.2529127061885514
-0.7305918214825279
0.4886372141725617
-0.3788492982862761
0.9060087487688991
0.8028556944637338
-1.3256808951442682
-0.9582904343494802
2.0054013865366676
0.6474447026621699
-0.8034861665813656
-2.055346913049334
-0.11935311990384795
0.27340419546187794
-0.0021760152612719796
1.4802824833497157
1.0725710437523106
-2.5881246765454073
-0.005636067588689508
0.8546934001477078
-0.29851254519053005
1.2471490704780301
-0.5991937219364336
-0.2348938560972832
1.1584378823059054
-0.2507694575738481
1.0852208930392075
-0.8267960872146062
-2.0623000455899225
0.43353591319363965
1.5137745247341943
0.6693285123216408
1.0189126101983206
0.8310885047184199
-0.9216376475346899
-0.02622405469694744
0.030410248729574887
0.0004683786189361716
0.342570750546745
-0.443844951793677
-2.7534695506424667
1.3052406408172357
2.2359895372007497
-2.375091033726402
-0.38990965780954256
0.9303261446228782
-0.7094089054615305
0.11425939091056936
1.502835566894839
-0.665231954647822
-0.3557353088422866
0.6892346134575388
-0.4981959928466349
-0.03868568819777844
-0.13744132805644932
-0.20610947031674823
-1.6822787187781272
1.799856262639455
0.2637660786589182
0.5647201041809885
2.3767853591721027
-2.084147059401048
-0.1605176290577639
-0.690161846650994
-1.677690949675877
2.852528465689102
0.8943396520313446
0.8870170551466141
-0.12636269775915293
-0.4859362856672489
0.11320613768159837
-1.6142397629432486
-1.043015382503848
0.5173055738572191
0.0857495020875847
0.8454716063054443
-0.9245776782567731
-1.8682878146945165
0.39657585441172727
-0.9732527636174373
-0.781977762611411
1.3617260492849623
-1.4985400295405849
0.9692575486743231
1.214332281528097
-1.5341930271852016
1.151092117888005
-0.10628867814838583
-2.1771721345535315
0.4168316465821004
-0.5388207328338572
-0.25594147865895545
0.022820055685340845
-0.8305825190658171
-0.4121147955259651
0.07150505274898683
0.10672010056419537
2.3135777327028846
1.2106510412128821
0.00103593953222747
-0.5584655240279116
-2.696259664943774
1.4768246703146226
-0.29831801516702017
0.884526673793395
1.1452509169581258
-0.33214555798601775
-0.48461174067429746
-0.005739306129542987
-0.6296988688361382
0.42140287098980134
0.04829253048839244
-0.40219933961544097
-0.12759726220197637
-1.1355090686029587
1.234130354840143
0.23722194604067792
-0.20808545468129658
1.0504097958413001
-1.5963323323663614
0.4161340468360054
1.6137974736521286
-0.6939946624770821
-0.43430283287162486
-0.17967512303799266
-0.08417944435696967
-1.0192532643660661
-1.2659585182297133
-0.3876270176444486
3.1959996138227744
0.7934282795902403
-0.4680733153092763
-1.339978734635796
-1.1849279331403881
-0.6575109810311432
-0.028350924008871292
2.4552348053383906
1.4062359163169595
1.08449952217754
-0.7054643649892228
-0.8235876684266429
-1.4606367746001072
-0.7162472722198969
2.395576756859719
0.11497631294350852
0.9290934866567049
0.8229115774220823
-1.622365398694521
0.549802313687644
0.7236606590887009
-0.3428095168698182
-0.11748935157670659
-1.1128415064568054
-1.155064584573131
1.164919401562154
-0.34288921026590413
1.7262001102259217
0.05225782342757601
-2.8829393043679303
-2.3661149690674383
2.378659773765424
2.766344597001412
1.7299059745598186
-0.5505111229390404
-0.6487590693020591
0.036287171932647855
0.2740863606089521
0.379669998536423
-0.221154589486304
-0.8972475635059409
1.75801791025753
0.9562076456402411
-1.5264439741986895
0.8278839155754806
0.9698256967348978
-2.0626687783446083
-0.07929359895859861
-0.24561561517976693
0.37703813218457716
1.428516992898568
-0.08164709726111591
-1.2490856427262462
-0.19732796831104552
0.22805517596774577
1.7974900445128728
0.7016630135402261
-0.6928942633540714
-1.4666907521710053
-0.6880357544118355
0.5923485102224958
0.4996656047777193
0.06628376995925367
0.2618629785719163
0.4190927599157055
-2.7699734351432768
0.4126395597866385
1.6449967213842007
-0.6404305615300139
-0.93061210841231
0.5433957032867182
1.214622738962436
-0.016342423937944592
-0.9315946029218273
0.32230464339049353
-0.18097069118749892
0.3860435646386995
0.34915088995823507
1.5818740291410949
0.7036963216525168
-0.07905887120516475
0.13416968044437916
-3.5401303032588904
-0.03005941854373323
1.0962804127161192
0.03516776299926537
0.8153192652237351
-0.2850760225717831
-1.0851627542202957
0.8364108860633516
-0.8482685280231115
-1.8679612317753507
1.11861593377249
1.9592571986294123
1.6639699848074905
0.7736982304853569
-1.6933196906827563
-0.2516454405866726
-1.7772340009187038
-1.4665228778070039
1.6975208121406744
1.5430086591843635
0.4922213982612083
1.1371292169314386
-0.5928189453448338
-2.2355871675307344
-0.07459266340942708
0.15711626618220764
-0.531627884083915
1.6100492345847
0.9220528375293158
0.7505359607629022
0.1529656193476414
-3.103759687089411
0.9337162166940889
0.9774483222187834
-0.08884298606860386
0.5315121321901687
-1.129441560869135
-2.736830067130492
0.09926113548262383
0.21848124818996562
1.5825433561296811
2.920869165309913
-0.8774251248890049
-0.15981357114650363
0.41184142444024213
-1.9269016612306475
0.2511572141588468
1.135366103517535
-0.15057527608596186
-0.3508384805045871
0.28466247221789476
-0.7639547533918323
0.31994208050137357
0.027086098149448512
-0.5302323647575735
-0.37860909441813695
0.3110662205617095
1.192044508871828
-1.914713228049138
-1.1198514941710476
1.7783997191470138
-0.12623667596491167
-1.559045402091002
-0.6704870162019715
-1.666651398774224
-1.2064096225755887
1.0722581628602201
0.42302019718503947
-0.7613963151549884
0.270708747150693
1.2883130046736369
-2.148547074767571
-0.9416102150587153
0.4465379677523184
0.3827502986477126
-0.2174845496607558
0.044673597124941705
-0.7298898498199803
-1.6465400879686904
-0.20412731744176033
1.1587715241227767
0.9789923781995753
-1.1085652662802974
-0.5531223418980827
-1.5736765528811958
0.22686649951955984
-0.30234451032901655
-0.2711628659720352
1.9700638100071883
0.42130927064244755
-1.9022124465930217
-0.9025901783497473
2.718358857832445
0.24757320962662988
0.4137336826098569
-0.5007405227336368
-2.1157808237156583
0.18226432755915337
-0.3506617126825584
0.24726039609998135
2.496118608143351
0.37342096141486564
-1.7516364617241091
0.17835587946120657
-1.072122269546337
-0.9938719740706455
2.960549014824597
0.5474346956468396
-1.3824442176911917
0.07683773077087083
-1.0921667577070202
1.283378125727336
2.676633288040075
-1.1638230832236895
-2.442988270727988
1.3912121059630334
0.6856206654386223
0.835936554037672
1.34322273832651
-1.2323701588450673
-2.5660597935829057
-0.07222416921817104
1.4715785570059023
-0.20569082615599776
0.9115655348653953
-0.6630012728040081
-0.9012117487188154
0.7871742300280691
1.2744448204059076
1.175200635081564
0.9008473070101801
0.5655376238621573
-1.4449271336818075
0.7610697817345304
0.5489562328031966
-1.2567570971917807
0.9616346666118571
-1.3010551096254228
0.27010489716549646
1.4382613116699494
0.23235811030494014
-1.5137495711866467
0.09903915844142225
1.5829414285171182
-0.13632974172774523
-0.8370883921732479
-0.23204640213289857
-0.910551791145373
-0.07640255393320061
2.1402588967685454
1.0032101076562385
1.8358444406991647
1.0382840964042206
-2.740690987206407
-0.5868911238456538
0.635390698729617
-1.040242425334011
-1.0992401338550695
1.3174919438428212
0.8607999286719012
0.6539008317502417
-0.9227685420706723
-1.9934361100930906
-0.9234648926041986
0.15190876516240392
2.6370517960754216
1.8889365121537733
-1.2274455743743082
-2.549843152961036
0.9868176582486939
0.5304382914593204
1.910435788167117
0.6239561165544364
-1.188348665815162
-2.0635566496928948
-1.267847218812531
-0.039349422769656694
0.9988766739672337
0.02639396771906477
-0.8760982301113385
-0.16129037544797398
-2.111035847088178
0.39655877263053435
1.1330377752183944
-0.16137634302851167
1.4404410296371184
-0.07955342378823152
-0.6301950720908327
0.5257009912659982
2.210497870340887
1.2673551153509577
-0.332740871497385
-1.6800630057199983
-1.6044141571488
1.5461368147991585
-0.8720017117370401
0.09087062404987299
2.7143513144416103
-1.0876610670642508
-1.588141870142827
0.36303045480677054
-0.6036987140141835
1.108467939746523
1.5947164102125457
-1.4064071233662239
-0.4704608242842244
-0.10250167130955495
1.7405560663566655
-0.631320228978506
-0.29281033616871893
-1.0248549505523838
-2.4449450522396843
0.9548000927474406
1.041663961930751
1.4800210674243977
0.37846105264800267
-2.4767071322747842
-0.6757675559458537
-1.8190355580334003
0.14101155944785665
3.7453070844914365
-2.0971881842987683
-1.3534447097464732
0.7066628445068874
-2.1377930977445416
2.3429893875158605
0.4857363908588448
-1.3892063154058405
0.24197527942882557
-1.6167237143529012
-0.6714187984465261
1.9444507752198563
0.868606345883461
-0.788071667092434
-0.030845540379936948
-0.008170221831841018
0.18869811872538383
0.24024322610498042
1.447005872312008
-1.8196932045985044
-0.6497123140466949
2.05462401144851
-0.2571870114954416
2.10759313485031
2.1305517014672732
-2.112226474711644
-0.7544231059897671
0.813350628879254
-0.5153872410504593
-1.067834805806951
1.9551863590714385
-1.6003082981777474
-1.1085077372840293
0.6683861482449008
-0.4241164974530118
-0.7435261780528346
0.46459381198488603
-0.2953430046795398
-0.9957177144363575
0.4602275975738642
0.8844671227120822
-1.7647223198414912
1.9388162217474676
0.1755120454712113
-1.2523137534824975
1.2287206476276755
-1.3462415883872896
-1.3310471369047647
1.9531002571212095
1.0213092832550408
0.7720703164299901
0.6991518105248237
-2.5486321832910512
-0.45123343556433376
2.331427999682882
-1.1497347758205838
-2.238521013662556
1.4971970265812768
-0.44968547097719097
2.535447762575808
1.300357405500531
-2.730417378557552
-0.24613285058575868
-0.3577025837065265
-2.9526340808821154
0.8120776855192422
1.4073755841419315
1.1642513619202648
3.1015933215078357
-1.914574614229522
-4.002589386934618
-1.617849322826896
1.4026932844042306
2.994194916691257
1.6898552168839402
-0.254200374197338
-1.2455384272940786
-2.2740764247393703
-0.8439742010958742
1.3724232055108225
0.3947691109245566
0.029111201189518654
-0.16671513037345725
-1.895399195398264
-0.29934595665707053
1.348627429723805
0.09501990628617368
1.2258843072278673
-0.3528896051596757
-1.959570086853584
-0.09153951098181698
1.5689263286520179
1.0846314121509817
-0.39298588848443006
1.4946955774653818
1.8783294010916458
-0.8792905985323551
-1.8220187936566326
-1.916012824416756
0.3585794156559735
1.6608304713222326
0.9251275655130574
-2.2786820558498864
-0.06604588467202699
0.6926890530248966
-1.2886375597803619
-0.09622966356462348
1.4728219710061654
-1.0843737532699969
0.32611903922381497
1.1979390539177461
-1.1982610016096211
-0.13727800170898058
2.2192376810583996
-0.464632031806366
-0.5379823909440837
0.6521598469964061
-2.5406697834287173
-0.7406881824427431
1.9495104875137397
-1.0361748291435795
-0.4188369969237177
1.6875940342254372
-0.06885398589390856
-0.5230271052381343
0.017585053468578526
-2.0274971400359956
-3.4763842882324147
-0.6004793179647216
1.3380712075031327
2.5769191757170065
0.34550736138366
-1.409495082308441
0.8196199718817494
-1.864278076144184
-1.0065664876325684
2.8499930483941283
-0.7359985318813907
0.3539503269548737
1.4726054390470331
-2.473975033977471
0.13208604158480014
1.6836679108452905
-1.5805177884254384
-0.5564472918068409
1.7557886158197342
-0.5829471408635425
-0.7391183326928505
0.3722490256227706
-1.4177837660480515
-0.12890083431501903
1.8925866895521124
0.31039667552339734
0.3254612144753921
-1.4072655342454097
-2.4466419997803426
-0.8553098483878814
1.8006941557868243
0.5209530603318115
0.09533338599288455
-0.2286649903189466
-0.5064480769949697
-0.24309048836911137
-0.33657938758397626
0.316508252250383
0.2899356964147771
-0.3035602532341781
-0.6964951080453196
-0.8847039518799442
-0.8311026413238752
0.5274321747619563
1.1371366535729233
0.1485167436363712
-1.3872372549805243
-1.204018270921846
0.2780002035636944
0.5761164020352216
2.799547626023768
1.7364831396310654
-1.5980125624251789
-2.007749644935588
-1.2533427062938505
0.20966629165221817
1.5671862166496526
1.2335509990001343
0.0847677902120525
-0.9075162937402825
-1.1217173612127533
-0.5205328180979931
-0.3898020616474601
0.44459802992909625
-0.515077261890684
1.3856664011950461
1.1314365063508982
-1.8688275296429016
-1.1945369223384787
-0.06375348131158126
0.41104167810582964
1.2052015655076318
1.7378032576530096
-0.33188447481165484
-0.3404690903339135
-0.5355259313014169
-0.5837170701763216
0.4147165324079915
-1.0729335468590153
-0.0608974778437434
1.8189117317447114
0.7979288258733652
0.8003240986432201
0.9205909402253339
-0.9757975677678873
-0.7812838498182221
0.2437082331348431
-0.3522304998680474
1.0937060425294187
2.034985706785878
0.6287434600468421
-1.6911185925708634
-0.30700703089760106
-1.2352232612430538
0.9389462251614955
1.4946498461454452
-0.7264704551922558
-1.2329479791516278
-0.14827946837074418
-0.49273868666169646
0.04810507614278864
0.42432438900574787
-0.09573442297915252
1.1988466648301186
-2.041561700332598
0.2777393701736457
1.282375013397965
-0.7956986455276983
0.20094297361300925
0.00027245771766853943
-0.1765320117038398
-0.5184089837285288
-1.4202057306982847
-0.5057651980799744
0.46929160300511713
1.2939302151748349
-1.2955883688572847
0.03968590679522832
2.8794188980208064
0.21535503184310856
-0.04783517314542174
0.4752040147300343
-0.2731749653995361
2.0589490484388575
-0.7848768701366977
-0.7252554519663507
0.3162459991982086
-0.7477763203020986
0.8235649298707608
2.1216264487074525
1.1197342195855065
0.3650339662540769
-1.7401890596606573
-0.8617064420048064
-1.1056234136355454
0.7193095077136201
2.1004417515108784
0.7722970333785768
1.1619647019950892
-0.4250817263128199
-1.4178037770499725
-0.7064896928652021
0.5603832265035765
-1.3419648698898596
-0.2473906454772123
2.132613853859769
0.06202280754285491
0.1782154821333516
-0.08661187894455118
-0.17242617492016843
1.4683651897019057
0.40176579788327477
1.0547332418642337
-1.7354700750001015
-1.0563225121358193
0.8676234818483888
-2.510574174142813
2.0257894714671676
2.90437626447664
0.5819539048687565
-0.19407893599284787
-1.6557943918941254
-1.6570894037163248
0.6169269053214661
2.382458969045824
1.6490583257079545
-1.5711892157663587
0.15449539643502241
-0.2870040609928388
0.6622727807762196
1.384001067339448
0.8669248500316861
-0.5803112974025428
-1.5396768439550819
-0.31775329527005514
-1.0274799963790269
1.5369134146196741
1.2977453724638244
-1.8652026450849875
0.844221231520912
-0.14395774641352443
-2.3155214534091693
1.5526076248703191
0.041631458973922064
-1.4556364645854316
-0.5376105988627369
-1.0777816070238968
0.10865647164314973
1.2353310259498467
-0.37922728126408667
0.6134711054324783
1.3209298239423162
-1.929381968291231
-2.2954985357451085
2.015791149916823
0.7018352546903431
0.8302862177125307
-0.9266873693350488
-2.617661944443189
0.04582128786258914
0.43068334877398645
0.8592907885245809
1.2304427691082525
1.2359906008603365
-0.6049192584840593
-0.8103645339108061
0.5480173920241489
-0.7216759740787531
-0.5113506865205478
2.0390160630073524
-0.06604140436465494
-1.4937552166253885
0.495851915656502
0.04365491865263388
-1.0188361294400172
0.14154535076768682
1.2534837445470453
0.39071290041562334
1.2828035725843843
-0.17718570741299755
-0.8563664139845046
0.5841453573132851
-0.41339635316349344
-0.9500887073784374
1.3980260594179832
1.3178404698485533
-0.33124967666801763
-0.34076331448096886
-0.852909584766113
1.1091204102386856
-0.42328028734880974
-0.09217727285560023
-0.7421767247069772
0.45025013188229146
1.2745031815594032
-0.4611459806351378
-1.7104238701209034
0.15475118563720083
-0.0067804097855377055
1.232894814025062
1.1090902890093473
-0.22638484962358402
0.6618831894190121
-0.003357782923862851
-0.03591443996236254
-1.008231686231625
-0.2046355499087686
1.339703642534448
0.6369550809449024
-0.23042224602168895
-1.8650922196802082
-1.9096857333761088
0.12254215202187951
1.7549646636039942
3.5856103063628675
-0.5796105306300229
-0.27036904219429214
0.5858894976812747
-1.6806243458983772
0.7571677092856834
1.681566056110038
0.8454920328060147
0.15087504608136434
-1.3853071609849457
-0.4001689405505745
0.5697727740290792
1.6239851767193858
1.4034689991033522
-0.8953337612102453
-0.8571574956400115
-0.6808488980936027
-2.3282312466890747
1.0216101397328765
0.5929124575235166
-1.6359928219977458
1.4382878861468016
0.38114537046366365
-0.995115252930156
0.13345184089868117
0.8508623127625803
-1.935748992137967
-0.6496578362719527
-0.1236725303522066
0.20505701186779207
-0.5358396985039924
0.5266480204984268
0.8748246149471951
-0.8134727033517873
-0.7542418811067497
0.7151354577600854
-0.4686973784109945
1.4044599593974016
-0.1303766113681225
0.6854913164147127
-0.8505316882281933
-0.7858776179001807
1.4242269391561924
1.821704488957531
0.7726485588099761
-0.5856975365291845
-0.17619870112955638
-0.5780081846780009
-2.141436237003509
-0.3239859085561394
1.6288134160354681
1.0943267049819523
1.100091104184357
0.9169804614291865
-0.37327403170424445
1.2223947040376668
0.056742838624187664
0.882853350749786
-0.10174069515293041
-1.7912334638578264
-2.7314862123626487
-0.3270600127191444
-0.2580027248247412
1.5361785605982163
1.458754897733643
0.01375124525437288
-1.2222089105947433
0.5730083099769623
-0.893564861092336
-1.835401485987079
-0.4833530128021426
0.06319727448489154
0.6511891659679697
-0.20923822966119476
1.4112986560959673
-0.8672793019308884
-1.734874797356373
1.4192274692086295
0.7107384446255989
-1.1827543096585291
0.6935436412252554
0.8384911486978679
0.2897142797191806
-0.7184069828006421
-0.5623451884482018
0.10269953016504468
-0.25391343182449055
-0.6215977026453212
0.0086381768491397
-0.9974661451611614
0.439679125262705
0.9950882677949174
-1.560950559975987
0.2590613688890989
1.9585817335655453
-0.13859731079893634
-0.09651020154482007
1.49450192416059
-1.9312192734201066
-0.35642390647714417
2.2848349895722437
-1.7129012293466168
-0.4808569158726343
-0.3806431673639561
0.6448503003683301
1.85879859723781
-0.14412945669876748
-1.9022602935970008
-1.2952272042916575
0.05504975751237801
0.5417762209762598
0.3684061221229472
-0.2092682442485304
-1.5873497620995396
1.3105622578341602
-1.216028956824781
0.0346941438191104
2.991422964733548
-1.7710554519511073
0.2872747584447911
0.3612655538493741
-2.233682999693613
2.833809108735621
-0.39180978091177154
-0.628236126742357
0.7768874681202123
-1.1972675079348278
0.21943900935598126
0.7780359391029397
-0.6025892160740374
-0.30137615482663094
1.9551795046730651
0.2838882682533196
-2.2427034308613805
-0.13600193637980193
-0.3337107712937847
0.06382102050725195
2.3370688773516615
0.029544607640941925
-1.3401488247626057
-0.23850929710045402
0.380900331276648
0.647335301241494
-1.2651510937598545
-0.004251536527827393
0.08006210302716454
-0.44855786915197854
0.40025303835562814
-0.43691076358607206
-0.5499902372473104
0.6267556727461372
-0.6785738970641852
0.352745677079929
0.8723554582998866
0.19169977356814355
0.25768363501509073
0.7427696431616923
1.3999554389409101
-0.5670914631178255
-0.6424897166664071
2.7189652634795207
0.01860897512650095
-0.111753186944064
1.0049612159672958
-1.5032823003794566
-1.3468252881729124
0.0821144426931143
-0.5303036355183577
1.0595155316465943
1.6120115001547672
-0.45883042376229355
-0.7849328153295541
-0.1569294658344675
-0.8565612978535715
0.7565982304430561
0.36779318269167394
1.2612318825355722
1.9457813184713666
-0.43564163383444543
-2.469404932754945
0.8268100418067741
-1.4493440321169677
-0.6456700234458143
0.5735911626632786
-2.4206339895503204
-0.07029234985767241
1.098320739840159
-0.5635202230236214
0.5662636087350964
-0.4634852179391723
-1.7731477315005328
-1.3151540851752186
0.842648798434138
-0.9150894173905708
-0.3677118974471868
0.342962246674533
0.34620526609182883
0.08556229375385174
-0.7177869343176595
-0.7908641805047547
0.06044487177584665
-0.5415292318344644
-0.8291940402995368
1.141215160848726
-0.07405798031708255
-0.15720739087506536
2.520490407850024
-0.032191404824196634
-1.4829016312847996
1.47202773434622
0.19132364574771787
-1.928765209502373
1.4844601695523152
-0.901603890555464
0.19037411641096813
0.8173968284638892
-0.10474184941500275
0.28884402919958185
1.879781632921161
-1.4153332055730548
-1.3220364022174635
0.9489107832314287
-0.2189752768317909
1.647490305098903
-0.9000195809068386
-1.1366411671326377
1.569916290189691
-0.8510725930438634
-0.869800912714624
0.03845922635047283
0.6348166170594526
1.379212599815793
0.4656433002924569
2.449073126139616
-0.7079198640738293
-2.7196065933495746
-0.532197103424974
0.6551418918029762
2.2537705320316093
0.8216253413948046
-1.9506585758682435
0.07440572226457953
-0.14788571665781325
-0.3258568633263079
2.863322340865669
0.12986642453814634
-0.8656519419529418
1.067067290594471
0.13884249212771038
0.8290252592991947
-1.1869242147108032
0.12613797817450623
1.9274211805315058
-0.9007906194918585
-0.43477040939900713
1.0707455481238193
-0.2025459457583647
0.20526063918490267
1.0743544414220647
-0.3697785603733216
-0.12556338345117257
0.4373842647419808
-0.2703060126938788
2.7037454050057543
0.3582418571936453
-0.6509556121915216
0.3937539272467766
-0.9519732026954023
-1.7620869727280668
0.9153183216259998
-0.8027822725271585
-0.8005875568027664
4.558018351018526
2.5676033705706134
-2.0512977188053876
0.20656558471094955
-1.1838395555955814
-1.449444896065573
0.19507747451402357
-1.52738484968111
-0.792374054395657
-0.47622563245713945
2.236297607164727
1.09752016715702
-1.8798417612606568
-0.16892056829745292
-1.25524264062655
-0.4438904281398015
2.381658063874678
-1.1363858097243154
-0.8427138434084409
1.4094555136204425
-2.3387067789485045
-3.086378548414441
1.224311861219881
0.6152067325818924
0.9492788110242913
0.9827249274460604
-1.2903635934021693
-1.7411520926155677
0.9436048365148738
0.9589881868220425
-2.4796175566991323
-0.6519335940270132
1.0155969119853
-1.543620245021284
-0.01021002764068002
-0.8320612899083424
0.370625670756905
-1.0010328971530922
-0.43412423943452966
-0.8854388004044119
-0.8145621586114999
-0.6561817234187133
-0.78032939306965
1.454952618784934
0.6502130416480537
-0.9556611852493168
1.2282615749232124
-0.00380295135128636
-0.8352328332438452
0.9237479146063132
-2.240075395553907
-0.20028692662722164
1.6211442648990604
-0.12387147598572254
0.3703294515031101
0.8906316396313705
-0.30330452823779297
-0.6184252560781627
-0.08394905094121206
0.2012202646088332
0.4605181572911416
2.545540272972876
0.6142705675559305
-2.2336871864561623
-1.5715570194291715
2.728065988547552
1.7001922179646054
0.5235283003796808
-0.572276228590628
-2.0212631265513084
-1.739788102931469
-0.4499796814296395
0.35649963050220623
0.06539128675470285
2.245352481004146
0.5972972780924977
-2.3382752267429687
-0.641707082944046
-0.9302802087738471
-0.3059905429337569
2.2966965151530103
0.585973659266367
-1.5152322497405577
-2.085852243838303
-0.4831744983721563
0.9486080854562191
0.5815156490506718
-0.2956648284536809
-2.032001904052682
-0.7596287783782578
0.42139537947501005
0.5374048521048969
-0.03635319648176738
-1.560713329228598
0.6003519575247279
-0.7386034031892321
0.43572493951847585
1.988524447533833
-0.4424969300708697
0.9769176655818306
0.08568231541071801
0.007469997868831735
-0.19552542416788768
0.9731625753592947
-1.3326687037048632
-0.370124362920381
0.39697050247341575
0.44428403112649395
-0.3124615826740773
-0.748876382614438
-0.5464433317816654
0.6872397103896721
0.23831665292407994
0.4704804024234585
-0.8147021079910237
0.22057607037999494
0.3437180216347476
-1.0071516742260749
-0.5838150961332461
-0.8199061438841635
1.3147810681254974
1.593611176078039
-0.3504731521739593
1.6757188422284637
-0.5877764664275841
-1.087373975898301
0.734207287947835
0.09457959527792481
0.15568339539978768
0.41721888989020106
-0.9675944399011638
0.12295809049726475
0.5526543602371166
-0.3093879624916346
0.4433080320776164
0.6780622672833493
0.702186383788883
-0.7229583593584215
-0.04763054646602827
-1.923807588005098
-1.503190321121434
1.7318367447902008
1.567874781604362
0.3223865916850436
0.7672773486412963
-0.7914977939539384
-0.6872013166138247
-0.8782296356957986
-1.1823442563450803
-0.6179091744502139
1.3927556938103942
1.2561127299999937
1.443175819802757
-0.11582160125220964
0.29820185498372087
-0.3877684213625182
1.0273898494340337
-0.1323506034393055
-1.747873496287294
1.4594468351718133
0.4836243353122714
-0.5668436579296623
2.2865703222849176
0.34093193664559795
-2.309534658981965
0.18440575061272352
-1.8162013454921346
-1.1405388141978925
2.9969760182052907
-0.5914740576206516
2.313093144576988
1.003815536447756
-3.1033052661551705
0.7681954824301859
-0.13613938795322145
-2.2287487973140636
2.6406247129470906
-0.7436458184297987
-0.7221280458825924
1.8365116667475927
0.6668519298840894
-1.3813182489631308
0.3040776173637636
0.48953316376943734
-0.5289905849405069
-0.3025218055645724
0.8287521759096073
1.0328843167760657
1.1817696581626869
1.5547665953529486
-1.8736397402598381
-2.320534290702019
0.806783056781555
0.6433533224126056
0.4089089219810244
1.609483286386633
-0.07586814673884845
-1.698422382179876
-0.8090743154672932
0.7062512975504672
-0.614537460016349
1.022887063919913
0.39062112326122794
-0.3911925230668784
1.6700037101193292
-0.2949503724621624
-1.1153552164835905
1.0617901499680733
-0.5950159905604173
-0.6858354867110803
0.2068235902516865
0.6883035937162709
-1.2543235279494502
-0.3950524613975385
0.7546884715460576
-0.4535527805401376
-0.23003268652969405
1.6680805759298911
-1.1108116249686468
1.1771731916220807
0.8900717358002546
-3.1038723148910226
-1.2552578376531143
1.042642339475049
1.1586032597133684
1.1334551038875247
0.30353426629044217
-0.04184225731964086
-0.7223248145894381
-0.16209529115430826
-0.3208119740529476
0.3108467270701654
0.17275775099338542
1.369976070077205
-1.560101920876718
-2.8322564758902953
0.5275365978582467
2.4000764483436376
0.17843268187172034
-0.09212568518466024
-0.20177341483290345
-2.383466889372345
0.7468848569752995
1.2505409816063433
1.134437175500449
-0.4866383045312497
0.3398449597972465
-1.2999420847510392
-1.5248989846981233
1.0146519185118317
0.4584277026258761
-1.2025993558430181
1.9625229876652717
0.33623953425154857
-2.2921523349662807
0.32730092078579337
1.34986722256934
-0.3319527407416663
0.04853223449358263
0.16103930677330233
0.33370802439768954
-2.6424203505562285
-0.5759672103481287
1.5243733976909004
1.0439501361213546
0.08161386584817887
-0.2671465658944672
-1.0537909256038396
-0.34961020968060863
1.7677420690611083
0.1911854242950144
-1.4858053581220618
0.5437994160075003
-0.2918286373128839
0.40667101239405207
0.5003906304040466
-1.9628729185065423
-0.03841048397353336
2.1747077624962645
-0.09724018583590999
-1.1236646832853878
0.43512489073422833
-0.30960665424280187
-0.5836792011014307
-0.7630786361091315
-1.068503762212889
-0.557383760078672
1.1830913626780861
0.5464690093251677
0.32371288410781573
-0.6724600044393438
-0.7384011665464784
1.3815796798571376
0.18539209316627459
-0.7070396796257243
-0.7420550399142515
-0.2239243894907817
0.053032513883294274
0.948114352084304
1.7970010904223006
0.3292109529582493
-1.68474833102897
-1.8954462011605178
-0.9128426548732563
-0.128126549340427
0.485446925540057
1.2078475748440523
2.95259351233285
-1.4131890508547487
-0.811913918586121
-1.1374766027974514
-1.2397214159154664
3.019011808766976
0.3235239739604765
0.12441206078280986
0.5698361435252777
-1.9003945528303998
0.020638634802903733
2.5616870017664577
0.32957894239251695
-1.079391454147935
-1.0126027899380456
-2.321344655488086
1.101834202422475
-0.11863258615982275
-1.388238847184851
2.831696116529784
-1.0327793861484438
-0.745611867592317
-0.27609302673275904
-0.12047559066716029
-0.5098212253847131
0.051425943070387226
1.6589026727498146
0.8909320442915426
0.023613975651884167
0.22457677408592414
0.7192031858393857
-0.5214016916218476
-1.2018425932770198
0.7513912529194801
0.2538768767069352
-0.5186309753622858
-0.32027766044693795
1.7352593097268283
0.4757647275302893
-1.4346958442330227
0.18174350289125318
-1.6516433011446574
0.9664834038058577
1.5062566024111745
-0.4174772562625404
0.0003460378290737892
0.474856464617404
0.15207164108807258
0.6462957677973502
-0.7342968705879503
-1.1784210570872475
0.2205315464137243
-0.8096616583846025
-0.3895649763792944
0.8900101876548416
-0.9710064007443706
-1.2437444048185318
1.9642993734816125
-0.2281521719665323
0.44312134239076617
-0.13819821484723604
-2.0816120527424413
-0.786574492615042
1.691263573671813
2.356002897177151
-0.3650158555380807
-0.4317960464131684
-0.9804579375971321
0.41490257297676014
-0.5329073495929415
-0.42121617468704253
0.7697424678613817
0.36725846474297014
-0.29623286849641167
0.008635241032441426
0.24214892617432007
-0.33135184041073457
-0.07779654060364195
0.2430658591732841
-1.6077144386162507
-1.9786845274179976
1.3076057935222438
1.6334416688469482
-0.30383646998410013
-0.14438726223313425
-0.909653074658278
-0.31575418769980373
0.7951897392307118
-0.3966732091309536
-0.7706934568763639
0.7077137889813976
-0.4529225289513654
0.47753099792824755
0.5585408770805819
-1.2003158180092566
1.1613528609321002
0.16928098524952143
-0.7065119532124232
0.2585208641804863
-0.8195829886716044
-0.4249279662500671
1.5225128978309515
-0.1293707821257189
-0.957120666424901
-0.01612417617406886
-0.4392254691340555
1.7402441073365638
2.8909980099175314
-1.9479008043586745
-1.036426327177075
0.6581263256370087
-0.846116560449313
1.7327918605273154
0.693180109471657
-0.21430009333114253
0.812084650739976
0.6864276242783143
-1.25182954299001
0.7452822521636944
2.1471351353944406
-1.102408425520942
-1.904197253313927
-0.9182887525047487
2.117105461371831
2.406773537844856
0.21430773465342656
-1.0630039170079275
-1.0816429680806599
-0.43060990565011714
0.6331334126622505
-0.006694181982613623
1.8836023218272318
-2.241481519667453
-1.8034921613550563
0.6860830541824504
-0.09651612875898759
0.07609657631457245
1.1815078007216622
-0.3758501691280216
0.2640302079878426
-0.4074775323265276
-0.5535268234920532
0.2809686300196497
0.8129726318532429
-0.29732118468323476
0.2282011611748873
-0.6566615321088538
-1.3721555276784598
0.4523139708861979
-0.4709015554589663
-0.010276890751268933
1.4348724178968983
1.350346021430942
-1.6421089709740146
-1.5577674358756015
-0.9428320511345908
0.7675042024949932
1.1569822813425552
-0.9907536599426375
0.2496202876187304
-0.5671616846795138
-1.932067060426645
0.8693753865571376
-0.07809321602615737
0.6904517365370465
1.490664427148788
-0.2900039607136051
-0.35121308214404673
-2.0001930886471726
1.1207409393031416
2.1394188082217074
0.23704050513189956
-0.012730331572861249
-0.6192734571580235
0.4856145986463605
0.5300563290069735
0.025151787345156856
0.18513191063531337
-1.8835791535459598
-1.8725925214350323
1.1825201698714358
2.308885961584208
1.0114047594666253
-0.30373990661614625
-0.6307419760617502
-2.952967412615086
-0.5843403232218642
2.1466923828388778
-0.5039558992440507
0.7038828187982828
-0.5354663073881959
-1.4095118244746456
0.5861390119474659
0.5214843891406724
-1.2760794122926273
0.11070760654352046
1.2703140531528578
0.2702127503642844
0.7630181835922297
0.9879042513194503
-1.4619555140106704
-1.5303464927075758
0.3510944254546657
0.3440201081959508
-0.9479497440175877
1.3293022220599335
0.08845769335012485
-3.26099245534619
0.4062649982448323
1.2446647592624136
0.6934445500692885
1.8347208278553329
0.9732920405242628
-0.6979165430627201
-1.8449665133253161
0.6586182480070382
1.2076718981801293
1.1266298066271352
1.6272102011483534
-0.9655893926003922
-2.644596339098764
-0.9722619283062383
1.0854016498181651
2.0991260443456694
1.704346817454185
-2.692987402575638
-1.722844244415695
0.37307368418596687
-0.2535284119073008
2.326255162326979
1.6087330101913824
-0.4501126049665184
0.6559735853657818
-0.21160507818101826
-0.26173087345935997
-1.7282542445999456
1.0402814204784336
1.083485442388649
-0.5565943568338736
-1.0334141539707784
-1.5230365288022867
0.5988877159281168
2.498625214330672
1.4350553786769105
-1.8494136952627798
-0.8944019935992381
-0.8483948511271437
-1.4820116562446664
1.6704926671534033
0.7491003239778602
-1.7898929574417508
0.4686282319093553
1.3839882213940728
-0.8312146286425985
-0.22856616544281422
-0.9360174359252268
-0.20895617053826393
0.4634820319346003
-1.9769107453747616
1.1591259857950034
1.7003983542384014
-1.2478325368856866
-0.31724087210104446
-0.43093583685573744
-0.6003035093132717
0.3158034808937322
-0.484056935133425
-1.4637765178769655
-0.0312166013561187
-0.19836386602921274
-0.6053944342534823
2.294489103851019
1.147502933371469
-0.6339622970073769
-1.3221954879064148
-0.08428130148592994
-1.6215141597787062
-1.2548506033477773
2.682019413571484
-0.5092587200119303
-0.28988850081511053
2.370840015569723
-1.1661496942409288
-0.1502270083007362
0.7294547446124166
-1.0220241970600066
-1.3773112296956171
-0.6890293104913876
-0.7648383637333485
0.4391279130890449
-0.04270876102516197
0.7983586939358198
1.0475025601642498
-0.9273418080330347
-0.5077874472320795
1.2278573643956845
0.21445548972126094
-1.0266999599756947
1.0408467925237324
-2.1150306371836294
-0.7629387738402644
1.8260475074760056
-1.3640722391571694
0.09731961649315543
1.1840632374486266
-2.3206985068346637
-0.7294565788202285
2.742913714982193
0.7069723099326516
0.6513657474364398
0.7583105688313478
-1.7707261807568258
-1.0772574349956703
-0.44113103484770744
0.15980251519315716
0.10568474981034814
0.06228981411496404
0.04659971035974424
-0.8370415887198414
-1.693820078309963
0.469171254636589
1.381976894490569
-0.13673792611527866
0.11336970263232071
0.18918022916219873
-1.6386617253324487
-0.3493267922978006
0.40094830330363573
-1.5978456856682304
1.061566656685696
0.917784088615364
1.0859754560031998
-0.43107868432434543
-0.8548724850972298
0.8952241401471048
-0.32181556264839745
-1.5503974189784469
0.9192034806887998
0.1057873198987328
0.03342457295358725
1.4720562867972051
-1.1738370683513906
-1.3335603032611871
0.9803565018903386
0.14439333619679748
-1.1064777025817303
-0.38703030809915784
1.0277799612700904
1.338402689326422
-0.6069690655857705
-0.12321528843583646
0.2913253454845771
-0.13407060486730588
0.6298410137181278
-1.549619695661546
0.5729162843665117
1.0623483370521822
-0.56541744494341
-0.24124327595750245
0.6654715687405283
-1.0287050548699073
-0.06256991041836933
1.2510152683837767
-0.5985491535397756
0.14520277698091544
1.7711389616722648
-0.4614002519461541
-1.0296960367018357
-0.19763125463296138
-1.164566398332692
0.6266648148440199
0.8713310383280867
-0.9416943796128152
1.549504639444057
-0.019806355863109748
-2.128417637234192
-0.8350046506512956
0.34241631433226016
0.6828891343872922
1.9769807435920848
0.015077399552666418
0.08617564866840266
-0.5507101181588073
-1.4163619279566793
1.8888725635012726
2.569288189420325
-0.5418974742233198
0.08115073749876356
-0.15977474162264027
-2.655117733519755
-1.2763686897715505
0.15417057310835847
1.3515037204968197
0.5969724612524588
1.4103748605942852
0.10589014527054108
-1.3942914751080322
0.7748523268359262
-0.15322349729185122
-0.321473100093622
2.3373890418291827
-0.549327354471038
-0.36509548691249083
0.13444540841963276
-1.8040843364630876
-0.21807223895867303
2.255774146134483
1.1876446989214322
-0.769540439686172
-0.7543322227521232
-0.32550264638780524
1.3364220776208056
-0.4016200794612549
-1.5125232029149223
0.6446198494391853
-1.477751561230872
-0.14943134734672794
0.24043715288168244
-2.6717711480851394
-0.6835890508259204
0.8632485563401129
0.20420667071887852
1.411925564831023
1.0323111345766125
-3.199388136432148
0.533664211220655
1.1495820587825463
0.7599343708486854
1.1834617861360457
-1.3504157464984736
-2.1586848632577915
1.4862950064945155
0.43739412696790153
-1.1049776275671266
0.3871896909880876
-1.0483122880905706
-0.45749922292345613
1.2627409306153943
-0.061419768028242824
-0.4356917557393616
1.5809784928219757
1.7129517720987324
-0.5468801148994014
-0.26140240245067586
-1.4372086099095767
0.07672486827150349
1.1252530885992236
-3.21795971570228
0.6479468860275297
0.995246351425926
-0.9882416171012703
2.824074264209979
-0.8569892104023829
-3.166784637222851
0.6795325815082113
1.3915921381957734
2.2869624186511373
1.0654888265763485
-0.2794538054489426
-1.6272128566122905
-1.790895567549633
0.6631288054642657
2.5104146184230567
0.9246998717271868
-0.48595314316469773
0.5118989672712285
-1.2977617042579133
1.5339950774772484
-0.2664601493714578
-1.0493324876015266
2.2313573281946075
1.2748440413899957
-1.4187089907958748
0.32886117366672774
-1.5199291065244787
0.006382843856260756
-0.8944692152584972
-1.576229239693384
1.4371407918989965
2.5367582640206505
-1.3325283596717856
-0.6582283835981505
0.16644648405806242
-1.71632562350891
-0.026516344918047996
2.006421507759633
-2.004570218998883
1.2567279698600728
0.4191743749305895
-1.0915039264046005
-0.1492887163115637
-2.019195179303715
-2.84906013343877
2.1681719970260933
1.34574292558699
-0.6356000402413043
-1.6559959578176846
-0.24278115736712225
-0.3769764650435511
0.24715416054672854
0.84326914292623
-0.7973677647043362
-0.020888227390504527
-1.1806973693111444
-0.9370830185520134
2.1586838143096276
0.03525395740716403
0.18486288200879986
2.2019925845269746
-2.4031152825620063
-1.7155924727100007
1.5826138404638423
-0.04807282476105604
0.2792138787598182
-1.6348625337224518
-0.08353255200589615
1.0977323276666497
-1.6120346163083603
-1.0477380905487592
2.0615514929436793
-0.6776369222773602
0.24318809666469676
-0.5871723211252833
0.33479144574454
1.292974512710349
-0.2788889250645829
-0.5558165875349199
-0.6192638627528683
-1.2622851763382366
-0.541544330143578
-0.2920273374371499
1.14023359414113
0.3804461035855958
0.01519781494393796
-2.1305093084145916
1.6031161562747975
0.17441780359342207
0.07043560213756384
1.6743471453571441
-0.4909309936840699
-2.702864140205614
-0.6260501644600058
1.117918199821839
0.321697500034264
-0.2558039065212254
0.782419951074915
-1.7161847872988079
0.40423831337220584
2.6026250188092948
-1.3145885070255605
-1.6352523187178925
-0.39798962780007985
0.06665499556835763
1.1048024373472283
0.7992566402000556
-2.9450609518421653
0.1447235318345193
1.4169514591436616
0.8818926359037038
-0.08002922742190366
0.31955486839454983
0.15014474433829372
0.9737646742267554
-1.0739561212122997
-1.4232564795558942
-0.0018012963954690542
-0.7500617818312756
1.6799289352963405
-0.10113900833903244
-1.39053898097707
-0.33460377357711735
0.9602264937240058
2.68492986098818
1.201710476250727
-1.7413932755912698
-0.41987699754516095
-0.30401165678726716
-0.3122157889785395
0.1780299088058359
0.06516994635249074
-0.1737752453805286
0.6423939485923189
0.8006368261454904
1.2823276685701457
-0.7035913961439173
-2.2777565378264555
0.9280533054635304
1.0214367108792612
0.5324045956196228
0.759396505854507
0.29588776746583245
0.20583815902353408
-0.167323997293621
-0.4052436943098586
-1.9502353838388002
-0.5211630371952201
1.7492806698301777
0.36682931366622323
2.4456057432740286
1.9333318750227855
-3.342916128242197
-0.5204137361235074
0.8543129076967518
-0.4718703009434418
1.7016797548176161
-1.199781874309254
-0.6856344046793068
0.6969852211806047
-0.5339375526094303
0.005086689937050998
0.9823800057214738
-0.779780637206966
0.06268700339441707
-2.0358717567696987
-1.325954568140217
1.2465524479765613
0.20461213845787957
-0.6311061778036792
-0.2716516007224724
-0.5230122457002314
-0.9285762972187304
1.1319261930554778
0.4256855266815194
-1.0204372261164174
2.0235102901351225
-0.2574550183302309
-1.0031681290709205
0.16157795393432922
-0.12003145212250821
1.7747719286026644
1.28280274339932
-1.2107711957044556
-0.8956595487638974
0.13319939970014677
-0.7547534834478222
-1.3196383165176004
1.5941130573882538
1.10168180457771
-0.9856939693233195
1.4676949914428685
0.04656450742440771
-1.6297516042290088
0.19282147152444368
0.2699768744377036
-1.408057518565411
0.6601791488655145
3.2615749714386877
0.3652639478964737
-0.49680449106768393
-0.9455047602970531
-2.3097330122293753
0.9599267884706042
2.010060030768244
0.7343113509920747
1.812661450993308
-0.2736109495311726
-1.4757533978829749
-0.17571467564303078
-0.5876308451612553
0.20737455844911223
0.42711362656040675
1.506148853867173
0.6441872526060622
-0.3198030769971273
-0.1238999719360967
-2.0325071200313425
-0.4526409599264473
0.6057747642469206
-0.1557920499887646
0.19916071517952105
-0.7703171129385893
2.187149990031953
0.2947558369724841
-0.6542517493485098
2.747265357895752
0.2760835721048074
-1.591692986811115
-0.134779386203982
-2.4972028015784007
-0.11366496513838865
1.54399762612339
-1.8795627922421856
-0.6675766501881415
1.493787199832633
-0.4607063594816309
0.504214370486523
0.2189385961852705
-2.464962189121606
-1.0678983331588245
1.3140378358814735
1.1360774637556006
0.9771343787479871
0.3507810070439554
-0.44652953926501926
-2.345839679228259
0.6949394645226075
0.8146638030087423
-1.595227373541527
1.320405629026701
0.6818512769840359
-0.5469183581215076
-1.3455644596298568
0.2605759756086099
-0.8057425338032312
-0.06380385253463133
0.05953085020352389
-0.9227663380924447
1.264724970434382
0.42361806959995774
-0.7822993885336013
-1.5238304678150276
-1.421486568828921
0.1452830150906193
0.9430878495271933
-0.7464690529244411
-0.9659834667649585
-0.002919736537504325
-0.9215189582575364
-0.3620607846748229
-0.6185418381581604
-1.4380913561144002
-0.26770288284060917
0.9619142983525096
2.048198673588325
0.26016332314422974
-2.94529038548792
-0.4032451475783768
0.8614412468233738
-0.31356536489457415
0.9292799261660037
0.39859102332379337
0.3494294123756063
0.6107552825111224
-1.0414916699347276
-0.9655493823144174
0.9656377839815823
0.49290825174626324
-0.01903594799824626
0.34859588535615804
-0.30244051418074047
-0.5992743261377179
2.8185052984589234
0.45617576414092204
-0.7217958045303977
0.9802296852342156
-2.0360778822906003
1.0212134529358836
1.3943928734257616
-0.6724808209840256
0.46849858050473053
-1.823688276536722
-2.2268144871024194
1.7457879814398947
1.3629254616999487
1.9265295485610872
0.18802565659780723
-1.9894154849592773
-0.8656730386570896
0.6556974833142366
-0.42802412945877744
0.9146743143082517
0.7585350532899051
0.5345559422864443
-0.348674085544076
-0.06927794840624313
1.265330698352225
-1.3611527675164323
1.214337445906772
-0.27797346265277956
-1.5934242578310043
0.11253397377075947
0.10150398804203276
-0.5441451712604881
1.133026585972586
0.2584508520241069
-1.223591719320976
1.2644692880690511
0.1637157214067683
-0.46095090422849355
1.7085302826587807
-0.4626550985556475
-1.8372703743905134
-0.4989454924852874
0.4643450301327735
-0.4387125872820271
0.6069877330236152
0.1614300449871861
-1.1652874648317986
0.21736794328958448
-3.6393227045044725
-1.4450752231285933
2.756186611705136
1.3891289407890848
-1.3911061185712106
0.13969244204905779
-2.3679370885778925
-0.8637205562810271
2.0778273881189695
0.061679443052007066
-0.22288727608496722
-0.9883472649609075
-0.8279590213121739
-1.1839978983950652
0.9873562956181312
1.0317966480257297
-0.3990410080814237
-1.2071464562570657
-0.637773713233317
-1.671943218007594
0.6833493586888855
3.598789141936902
-0.9423112553925002
-0.7853021978909068
1.4991104742324914
-0.7855471679352376
-0.22804881496138565
1.2936539792117847
-0.6318464046346673
1.1791071973439997
-1.0560540995336645
-0.9726468127994667
0.16112515629901392
-1.1193667255834183
-0.09330416802237607
1.7474299680960266
-0.21126577578400102
-1.4080951096964225
-0.9752961216894679
-0.677631976550507
0.8772796985444657
0.8358508000590373
-2.011343996644108
0.6854232610416509
-0.11075591891135317
0.10966042142817123
1.6769085824744239
-2.1302298296246818
-0.7619397475551377
0.6340347118992211
-0.9150728057113956
1.1925705133708473
1.1073468852063726
-0.9515626383507532
-1.043254503773956
-1.9132631552114794
0.5574094237959955
2.5822003710779544
0.47159658756854594
-0.12563193948286655
-0.32797650359259706
0.12464034317967543
-1.2647720026195026
0.06902533604066019
0.2541287366425302
-0.4167938831729391
1.3158367672065763
2.1365255755245154
0.4757971408576259
-0.11965432134834586
-1.0652101546107755
-2.05093824040678
1.00785541290819
1.0075778129641095
0.2656654867215117
0.12666145539446755
-0.8443418002329114
-0.4086068936914504
0.6923892828427243
0.33245075226013937
-0.06018841902317909
0.4872092575029038
0.6949022003250236
-1.262880897921817
0.16503602447077614
1.134188724184333
-0.6615419860790739
-1.1827513338637723
0.4107942143853524
-1.1421050394598764
-1.4681507931825704
0.8859967783169362
1.4973903125504593
0.03423778153173046
-0.44891101582856663
-0.691373764607052
-0.5971918608270183
-1.3807878051718432
-0.5087593536199262
0.7108713188932909
0.3312239285842437
1.413543280846552
-0.6568224704031363
-0.09152632096095126
0.2180222234011951
-2.2558899264626264
0.6552410816908893
0.4613682752243061
-0.5766992659840297
0.8939618179709157
-1.0588450331530639
-1.0287460244692113
0.9832516319893545
0.31159446614963937
-2.8119558542095504
-1.7290603563846438
0.8025888770937749
0.6143212207877191
0.4427761843948521
1.1324129366360254
-0.8894680179354664
-0.9894388173234796
0.22555261679906105
0.28287447668530397
2.6221654992180183
1.1670666516281996
0.7409641890394025
1.7067614309781893
-1.7445900023622376
-2.6212135592789743
2.0821067032716387
-2.1072124292047762
-0.5110890051807253
2.770142647542529
-0.7530608874368083
-2.1407221104785408
1.5234629242439301
-0.025855167506430465
-0.8151344559768245
2.5254001949479523
-0.4692868267941362
-1.4798983688544491
-0.2963990691186319
-0.5540577685423362
0.32378719232431064
1.8017334886161804
-1.7584084431827316
-1.3589662823660533
0.07078918631852538
-0.6498047691308553
0.7573786872405306
0.956069687243527
-0.24144997023135367
1.4081135321926281
-0.2070175815524124
-1.819726086538415
1.5704336231813967
1.2348020753268638
-2.492954426378524
1.0107183099995036
0.4917632579761738
-1.7826195971453322
1.1586568265220887
1.602561240198677
-0.8428385751120305
0.8018484901338315
-1.5114070186505653
-1.1417294966590443
1.5869811490362888
0.8812725772049761
0.043350275181078396
-1.3488651988834524
-0.8183582032106166
1.6180411224442173
-0.4327346716074016
1.511133362568355
-0.07257533187648713
-0.544798874447989
0.6369773070179815
0.04331617207806482
-1.0908674760012809
0.8050041227422733
-1.079540098284081
-0.8274725110561219
-0.5418196750879136
-0.7828023724241877
1.0734239744562382
-0.28196946122263455
0.1695181839211543
1.2277828099356238
1.4934285989728084
-0.4959819369115071
0.10661080386390065
-2.6833664346147814
-1.9502316155048574
3.2821176182753535
0.2483572278191416
-1.0085728368836089
2.0497450756497617
-0.04400205109764532
-0.5345220281998837
-0.7305657384894455
0.23202796357298694
2.128592110391585
2.543039583411975
-0.6748370680351805
-1.0512468879679266
-0.6580511260798396
-1.158832499312655
0.5847642397654074
0.43328666260265025
-1.7317282736687556
1.8368439983604754
-0.6215450765116783
-2.255842127569692
2.6608391599586785
-1.0823056256546724
-1.858011393921073
2.384934191279179
0.24155283853277787
-1.4715549491169144
0.4340101303370776
-0.9095059120825222
1.0776928521822775
2.706551642502972
-0.6073829932311235
-0.7842981075621238
-1.3380439423714372
-2.1208456989216935
0.5906755792100324
0.5386501057986935
1.1731888461630264
-0.5195551044891187
-0.409754039065672
1.6910278026046395
0.9089164723944361
-1.5916771073318428
0.41609837213220247
0.7018236561670029
-1.4437125549845606
-1.5769829995042326
-1.6478289235719625
-0.16845222978752988
0.7050357622082478
1.0286834837879648
1.8525382642689754
-0.9746234109917165
-0.9599717891259877
0.38470304621854795
-0.5765978978676706
-0.3951817487826981
2.3274218305343726
0.32760672669338886
-1.1825153950281948
-0.8251686239267925
-1.686473356527709
2.2369500522424977
3.4804113876261034
-0.9821554990265637
-0.11411480473672364
-0.45529666735272856
-0.9091890842435584
0.5592477099221524
0.5096912176920907
-1.5179733910140027
0.7740423206162119
2.457215510985531
-1.2069234402563578
1.0849350056947746
0.03802074424522281
-1.1175203986702422
-0.09172718998991558
-0.898427711907915
-0.2455927564678374
0.3356481620386449
0.7370837139264584
1.3194492377114742
-0.4917749456035826
-2.2659380011530614
-0.6411865058433167
-0.457248719079024
1.2782491019938587
1.1805591146676178
-0.01672104270428576
0.7054300361343747
-0.7752244360282885
-1.8930674744209197
0.40012113174147024
-0.1113882364645612
2.083743371997152
-0.2173112870069125
-0.9926169599824126
0.878086718708976
-0.5177086101987999
0.5645839414751918
0.6215239451088346
-1.73012577990785
0.019929263521473936
-0.4928276360195045
-0.42811602513508573
-0.3885515739959753
-0.636937740867471
0.22661217248186624
0.12567918428778957
0.8499168670010182
0.8250673748802276
1.7475380836327123
-0.3586884955714145
-0.8150557630601244
-1.4513705738662013
-1.1730738567990884
1.008262110686454
0.21840845344192938
0.15834703920269827
-0.5574863536010692
-0.2775047610933512
-0.7055055434947273
1.0892321603587947
1.1231757125177244
1.1707978230142628
0.7208633457668973
-1.392676188169168
-0.10118705867855038
-0.09537407660900868
0.49804834297799533
2.1172239786686013
0.007309704978472303
-1.735461186177666
0.07332200221549212
0.5644265396579641
0.3123443361069203
1.7911594478377497
0.5486723587675519
-3.05484165307911
0.3805720188137435
1.049823872274082
-1.9304342948994986
0.39378094966817023
-0.5779097591887361
0.8701921972218196
0.3059878194598651
-0.5761900224648413
0.840589188026829
0.3600705735476488
-0.3473418031752702
-0.9477900108424057
1.8209962638888078
0.6121271719352419
-1.0788880790909814
1.459589648918653
0.019449531422680022
-1.113643789011306
1.0703928588232459
-0.215257904774192
-0.12199579818495665
1.1568427647414414
-1.6116798394732452
-1.6664926979907446
0.6656326040127472
-0.06375567584378783
2.1090023518857164
0.3188759856891752
-1.7964570304715481
1.279347255703946
-1.2810180027620046
-0.051283929099744996
0.36406582379894337
-3.007544639497312
3.086765225299486
2.4242958799193675
-0.5790037844182641
0.6836430167496262
-0.7446424799926219
-0.7889551098838817
-0.37088960332933796
1.0495599671262297
0.10131711168074503
0.49165468169357357
-1.0708029782737392
-0.8121258679528077
-0.6730307891050614
-0.9205373746760732
1.2993456034783402
1.408276915014636
0.012445593349480533
-0.6011469611175679
-1.1288569296438988
-1.55378794054851
-1.6906933640502473
-0.6381608465078288
2.029357311961693
3.9054761573044496
-0.30137359846137335
-1.5497817301176302
-2.0519937499191494
0.3574813845647149
-0.07270996257586937
0.7099182501243236
-0.25411288375820407
-0.5532871544030653
-0.8460627897396056
0.5869310728465811
1.0660741429761076
1.086219972246714
1.4826528185648251
-1.796087775415674
-3.012169773691367
0.27870236777540536
0.6385203399494961
1.040969898180493
1.0880929808025526
-1.9446853546899499
-2.681498798933293
0.4327617570867452
0.7052947313146576
2.1132472134619897
1.4011335496992163
-0.11809162848260013
-1.5059088195472012
-3.17605584133849
2.4915959053562684
1.171289424042556
0.2295762744049632
1.5729332010386186
-1.7911678105727218
0.3789302189323933
1.528295056825292
-1.3228860343810633
2.0477602837410265
2.6212926917146016
-2.0502064645430815
-1.0997553765441699
0.1638052997007409
-1.1843148086371607
0.45008455710529766
1.3601064603179236
0.2705563182883171
1.0861642937216707
-0.2962453130985605
-0.21845367532294202
-0.5080109295102311
-0.8371355582724134
0.02133296473003765
2.976215725573229
-0.5377472566010979
-0.504310395470119
-0.10421005884318718
-1.3693212198664382
-0.7763315268405668
1.2181354925747425
-0.017465302989404963
-0.3740358176914398
-0.3009991987012999
-0.7969867146920986
-1.7033868914279862
0.20760977928644103
0.6709990082147792
1.3371154208880054
0.45868764018337616
-2.613480292796752
0.3430801546096226
0.7581833643268303
-0.9002348261135941
1.5198781313424068
0.10736190218609556
-1.0712093952870803
-1.0880863370972378
0.27493050558061327
0.648331947193322
-0.2089743603620996
1.2379493168268354
0.18749300916897677
-1.0068848396625139
-1.53526543290465
0.07969671167025622
1.8640155701243755
0.6664682764768222
0.24492500195404765
0.39623386644778547
0.8396971434584222
0.04995314739794754
0.11330894799662705
-0.18369944699425197
0.23439380029075568
1.3421453031440913
-1.1208767975767373
-1.191232495699053
0.851839117811882
-0.8840634492334324
-0.11162494450096708
0.07706965849628555
-2.3387129083835245
0.7263568724980801
-0.5918050079185679
-0.21283025291377175
3.342025569026588
-0.5594147283660384
-1.2763271591029648
-0.8509436675163172
1.7331899540612032
1.2616339266443806
-0.5649153338852383
-0.48109930985559546
1.4701280620445791
-1.9968589187984838
-1.2288421525023503
-0.3912103963472635
0.30323837051549957
1.6078145455624244
0.3049479082003709
-2.713469855563611
1.0355640586330068
-0.11088272455452242
-1.8094808690766107
2.8731573345673693
-0.36777126449683617
-1.1305528171095356
0.9127557708695475
-2.560294513324438
0.8986730506736527
1.2290057757405064
-0.6481783339764311
0.7959767406351357
-0.17359441376237994
-2.1280302694852944
-1.8302685651402524
0.5421352731878035
0.5783675629485601
1.7283493291669836
1.1932339346104248
-2.27011334069158
0.5833786660645809
0.8596777720011104
-0.5453500946360823
-0.017748415427153552
1.910041023916199
-1.3794360485940937
-0.17935067197377108
0.6686791665459061
0.8023215693671257
-0.5380146001022676
-2.88657056058964
0.9405718577135522
0.9366074534663094
-1.547529870957207
-1.455858146320151
0.7283552594404626
-1.0515429258360074
1.6465446840612286
2.088267833100783
-1.5572801085622061
-1.4680982420031699
0.9164174624559047
-0.7566626110496503
-1.0882811659836356
2.3243215774958093
-1.6754835478408323
-0.47135898458688447
3.546566391469119
-1.324954430202584
0.18889151429585194
0.28604328360070463
-1.4090642541317489
0.3571156912080401
0.44130307169966393
-0.476018902283187
0.47006012997287794
-1.5052599263488378
-0.6623451623948478
0.8846008764972205
-0.5016101236786498
0.6346808636241001
0.9442885314550493
1.0395957539014082
-0.09657538198488294
0.043497834917016975
-2.2033266557534676
-1.7468049186083312
1.499182779970706
1.5146940215983946
0.6003227935119504
1.7060345876800131
-1.2512809405007452
-1.2889144859519328
-0.8450236467601292
1.7532276705890808
0.5936560510424478
-2.1620125460064967
-0.13404152242936634
0.8412941775789492
-0.3670219425477516
0.17852608578311174
0.11788291417224825
-0.33835641338188405
0.2620284107823042
-0.9515687495343575
0.5881555601167804
-0.26665000605380584
0.16611158552118233
0.57840022797854
-1.058148503833945
-0.3707426234662391
-0.7735780588500707
1.5937363013301138
-0.059542046911367885
0.683804943980437
2.6674268834782833
-2.636234608730418
-2.7145190828976697
-1.6657590122354828
-1.7538512504614114
1.4371290624642965
4.3093977128502825
2.0630152130196286
-2.0085288684631593
-1.470305378467421
-2.0348177039877546
-0.876843360070302
2.7903927462139517
1.6220454678914034
-1.7401757323460019
-2.408127908091022
-1.3200747009775053
1.5977533611196233
1.2851126813216105
1.4921920709439638
-1.846696156992169
-1.0453978164131992
0.34177355652458913
1.4212292077009738
0.44320989491287627
-0.743139044981068
-0.4923673896447466
1.026348327229703
-0.26130849428056935
-1.4347757611996146
0.3730772742137221
1.2832586237253396
1.133339404502526
0.08815804343453079
-1.7516231984717692
-0.6524303051555166
1.295747885899757
1.228163313262027
0.2180050336234321
-0.5027703089828012
-0.8098621239385589
-1.7931702375183216
0.23576761403965382
2.366426798094498
-0.8320073968210664
0.7843011389360065
-0.12171771570962081
-2.6872179471894944
0.163266366061656
0.22812538443845232
1.3193663230194723
3.323009375193769
0.40689722447312704
-1.471763478349357
-2.237506033036454
-0.9240966632146407
0.5088281255323132
1.842856799152878
-0.10978925079743718
0.8298318161777436
1.0155353881896536
-0.7114197550171348
0.362688765856813
0.6417421874715793
-2.4431755395460013
0.17071975595007435
2.248190291889239
0.11889449571314631
0.20594040458548168
0.9363407347234591
-2.5869298961011817
0.9517950050837432
1.4487195371668553
-0.6730672006264664
0.7370853897380508
-0.05676899029401754
-1.3751631647662528
3.450653951675184
-0.5464176501217171
-3.807670043119389
2.4212206224424047
-0.5330564739707788
-1.0689623087437872
3.171343072224632
0.6034864893514372
-1.0457910132525117
2.0783038229558937
-2.08359126137172
-1.9361728302391146
1.0944070476095553
-1.0652407004483986
-0.18585917249819817
1.9363269835617607
0.431127320930371
-0.32091114647679164
-1.9904996240563655
-1.0075966110131582
1.0285541267169935
-0.09388358848659295
1.6675933497341653
0.14753767012276914
-0.58143830775677
-0.29821666256027535
-1.7799498650863566
0.04029495125472013
-0.7286306119433696
0.2175834797936651
0.7770314364843249
1.3221554552970243
0.07528399411244753
-1.9113919641447095
-0.30520202610246416
1.1481531085532142
-0.48305911075242625
-1.3160122963224017
0.24506070192458254
-0.5451855865247631
-0.34562945461980377
2.5125139083029246
-0.7028395662458892
-0.5510216255110509
0.2875589793500839
-0.31564386962220103
-1.2565793921161805
0.6032072575264988
-0.7161142960921695
-0.6788377546421662
3.6796347168376276
-1.7276354982368831
-2.5910312873341725
-0.32747883616683504
-1.2552507466477123
1.7757009433849817
1.2687878064114089
-2.2048124005931102
0.9150627164674205
1.7972934665321483
-0.16725073948125524
0.38167168847847943
1.3684447488919738
-1.4003297792900813
-0.7752582380913556
1.9881585092812877
0.07958394828272891
-1.1715929306552648
-0.37261092498231974
1.2580952517125876
-0.630069760573189
0.8905849831260463
-0.06259307451147533
-0.6241039729320434
-0.20802988575752562
-0.7488177520385373
-1.1725167561444405
0.7618263621543764
-0.5615663318662558
-2.1465520051665
0.8170860803370806
0.36939063761775887
-1.4699625265039837
-0.7099302768034809
-0.06616263711318882
0.17783043919187239
1.1486137441214739
-0.6411911968047901
-2.308475852264149
-0.4942192719645182
1.237326957598613
0.6486887598788055
-1.315809393152032
-0.6415235548898377
0.4090119255473512
2.4527736375616733
-1.6174014656432887
-0.9631715422327999
-0.1977152243814101
-0.23413683779715122
2.8136336805049744
1.5537283934735036
-1.3566534989742005
1.7759361396181597
-0.39688974652386505
-2.058543756409724
1.2091071581300588
-0.7612908789450668
1.3284676801648354
1.3035387052345628
-2.111844702501482
0.8150468814955973
-0.0004276832212293802
-1.6497280821886064
2.178808221798422
-0.05930027080260497
-1.3794842017207178
1.5001481406309887
-0.62132708309393
0.9891138948299982
1.9792313100840597
-2.435531248303282
0.5802313779488677
1.841481489985102
-3.283846064009581
0.001721484714653665
2.1768078418791825
0.16515217816235606
0.1835431499199
0.20807710288811285
-1.0631171070091856
-1.0363204304059157
-0.5013787936451647
-0.9346757801350947
2.6873905085533236
2.083470269852919
-1.4595932588719625
-1.1495780812415481
0.6004577830456401
-0.8133481607400308
-1.3429126010216765
3.3048151360251885
0.286305189975638
1.3582362092449602
-0.09184564172363419
-2.7421744655074285
-0.7124962773846479
1.374428393945859
0.1438798748529997
1.8919277114252346
0.544380153235165
-4.163837088236284
-1.9034464327825371
0.8965168701286066
2.00549853649065
2.565119003874442
-0.995413541884598
-1.3541880764432461
-1.3357254701408374
-1.1046886555163191
1.5415651382333448
1.9312746355683785
-1.6168503044551459
-0.5951537418207029
-1.996785614176622
-0.9434153286812154
1.0048648656152148
0.5607108552062098
-0.32004367396258016
-1.5638616070003537
0.43068007488379495
2.228703272489149
1.3053085608226807
0.19487765318643235
-2.6908381942743396
-1.326060312996088
0.7157968383206041
0.036668103833487065
-0.6526339467208877
1.5962213196440178
0.745529361174415
0.27759099085027017
0.5546589347271831
-0.002175186793045847
0.38362898045273663
-0.8622107146661435
0.7155300404127154
0.4744381049841335
-0.9277982558796648
-0.6352778921532982
-0.8410053914155291
-1.9455642753891937
1.939836526775107
3.1294153943147807
0.0022028853060480635
-0.78302253119652
-1.6297419969398566
-1.5086037519790434
-0.06651563803750271
1.0302016683071364
0.4874437095237155
-0.2875120725406223
-1.2619336784291515
0.16854599015964183
-1.3542501097751147
-0.16212042225093506
0.9547376337327218
2.1944648097611372
0.8266970490234997
0.17620868293838488
-1.2011131540768858
-2.602823594427507
-1.6009057767242443
0.3182348388460048
2.246048104169827
1.4216942815661144
0.3768878794644358
0.4150419933428732
-1.1475455791264506
-1.5194019224018478
0.43411522233198613
-0.34107123037732645
-1.4869950234938396
-1.560502069598372
-0.04120880992320852
2.7038977970285902
1.2513154901970045
-0.3705876784514982
-1.4197291514974069
-1.6045425676907628
0.42035873331573237
1.1660404301886182
-0.19452170442420658
0.8565289350691256
1.7617211448124528
-1.0170934758571752
0.21403904961730713
0.2443843581136422
-3.0806981464123684
-0.9813895303451612
3.1522330563493313
0.5537181058175399
1.1527251905248082
0.515725756335772
-2.5204711385679444
0.26716034498645047
0.9366816292345519
-1.6144662782995212
2.3507183421593725
2.6019365988897496
-2.733934943616742
1.0113268380946114
-1.082768257983143
-1.5921788674564885
0.7280607087249082
-0.7905573005626856
0.9464509632342858
0.9351169763121339
-0.8268976177875162
0.22567347223006884
0.16040089367011715
-0.2949082385574611
0.2899757536639186
-0.3086621915808624
-0.7546509241181341
-1.5721683595458371
2.1394885325729263
0.6115278799981656
-0.15240440181724502
0.7973003632806448
-1.3273071044395264
-0.15282576106701917
1.7746002914134924
-0.4605391280230738
0.8236953711030434
1.2184136214513166
-0.5853662943806969
0.518652705512921
-0.7124055061088079
-1.0601039806672476
1.1065540881008826
0.425542048561089
0.7672343192294032
0.7548635757302802
-0.3066261299197568
1.6972556866443806
1.3052527157870317
-0.1814044877376173
-0.5412415362261348
1.3403953791724792
0.7899908156537019
0.18813667579503668
0.4031384932096363
-0.1508461709967005
0.347398211071007
0.507029085575609
1.370647910224983
-0.08971643265918659
-1.4532172162697838
-0.5604165963103644
1.2770954021274321
2.940781243885257
1.3367234386325806
-0.6299192671250475
-1.3929986162433616
-0.6260830305190792
0.8855274324337269
1.8955721905171528
-1.7269790876175404
0.8443099019735094
1.9179557907925713
-1.8443554105944115
0.22133275866204
0.7087146900908069
-1.0961222013794425
-0.11439575493201959
0.4452568616321377
-0.7445648546272667
1.6290130775984686
-0.5918850666949576
-0.9141171372232031
-0.5681611794185961
-1.5710905522742802
1.1160035497055365
2.117920907816852
-0.9750844834995492
1.1565560688118013
-0.5776583180280028
-3.416835635865393
1.9543039933345778
0.2366763453868569
-0.2679582099082207
-0.13207118193856782
-0.6871687701939705
1.2343076603066512
0.24714278408767165
-2.3575890690709436
-1.5076458837364208
-1.1126503201272469
0.2596966585773383
1.6903206931614585
0.028883120709841892
0.3371937689157528
-0.3831012908969932
-1.3034703858175862
-0.788186625741577
0.593012149976903
0.4716869527980837
1.1196257386724295
0.49819333711527436
0.057848278042781254
2.2204949375937013
0.604039643374717
-1.331684603152205
0.28554720526334393
-0.779835929041139
-0.8519536515957582
1.674902513592587
-0.5955764030236167
-1.4993590404671233
-1.1812051610928909
0.7432756379539199
2.615239866578061
-1.1434127431472514
-1.8346903395501815
-1.091951691156275
-0.08860437539240251
2.425686841585695
2.519016222045339
-1.2009211723722433
-1.4220097318878548
-2.1748876805757216
-0.6041089121928037
1.1619469702611442
0.23189194794073398
-0.5066532950556235
0.2920014740018897
0.2926853095322832
-0.16204949980468503
0.06512830583383727
-1.4547462490169767
1.9269636832409878
-0.38315592830004475
-1.023556023730035
0.8078457080327461
-0.36642904683843325
-1.0108609524862366
-0.9142915146725801
-1.3462483450843095
0.8883607170920813
1.9155774719084468
0.15697169407184186
-0.5962853179645173
1.3198853628602922
-1.0175812400804491
-1.3729225904102633
1.0309535919156154
1.6948448279499673
-0.46728890186086514
0.07282107154652104
-0.5986121506099893
-0.5975503740398942
1.773352445112892
0.28521863214999627
0.6803705031031456
0.7879396466750898
0.639096278903238
0.03133832654709379
0.21887672197887198
-0.8614642391523681
-0.5775424549063998
0.5714546409940715
3.2620583497900415
-0.8507555882944706
-0.9192511977327094
0.3588838799844951
-1.0106994293924796
-0.4347573388939736
-0.4571523297305977
0.04089054931685732
0.8663350191004423
-0.3309161194208515
-0.5045021225353146
-1.9996278343957745
-2.767974315499623
1.5092351025362931
1.2126147292828215
-0.8012579854821371
0.5191589724966925
-0.3871347979929239
-0.5259574924030916
0.42840072461007805
-0.816682495118519
-1.1468309482801253
1.3777658857502302
0.5894025974381958
-3.4092552706055903
0.9786683714439279
0.7785375181781244
0.3897123363874787
2.228251370697725
-0.844883709049638
-0.6425544582854339
0.5365773714439419
-1.762236471006677
-0.3493534520915132
1.6885154914729834
-0.9394123567155743
-0.18323548567244663
0.14705145508016632
-1.5743936646639853
-0.568447964427996
-0.23941232419679115
0.49828844433959574
-0.19299467124290992
0.9175976453477734
-0.7399701802106213
-0.2290555986663625
0.7323704671973101
-0.5148552830687838
1.2407458522246424
-0.1280421025305501
-0.34818666786135655
0.38814955323138095
-0.18633033440432067
-0.7569408663217287
-0.10923384883228515
1.133286688783328
-2.88439195192291
0.1726481964624763
1.9211417780836175
1.6188607642347455
1.2233504902919545
-1.6279992251023399
-2.4901367294378516
-0.14534919502708865
0.673874058980345
2.1723394212769307
-0.3685502164931691
-0.7585430618835045
0.7113534956040442
-1.7839885301217346
-1.1863814683810703
1.8077978461514972
-0.8854743773542563
0.7969016690495296
0.18460865682916294
-0.5729982423793483
0.21069340502430978
-0.351690578704851
-1.260239141371249
0.09814948502289889
0.5088386067599454
0.6345434715528588
0.775833842732603
1.060339383924769
-2.7066619776371996
-1.726621249776733
-0.2787241595634543
-0.21669850532140777
0.85892454630933
0.03614902666495201
0.8866027932346676
1.4666316973429705
-1.86802378802893
-0.1855873881338047
0.8034014327594998
0.4640260715677651
0.11671746004370104
0.7436425924438759
-0.995094270022233
-0.23399482890206952
0.1777625659979335
-0.38367102456130014
-0.5917093736642209
-0.24512949231996173
0.3033489960588463
1.349640023015533
-0.4309620970136322
0.742551846611067
-0.08149851797733118
-2.823268623866304
-1.3507982261712468
1.3323920994759129
-1.1360509026907057
0.8691643415619246
0.672027443286878
-0.8432168295817799
0.1566158958496841
0.39598606208163173
-0.39142433773348617
0.8136469466148676
-1.1635801674931316
0.06352510467326555
0.36593428362987507
0.9537317034616974
-0.6235571487855756
-1.5383272727460036
-0.5423555206076243
1.8102757981630118
0.5050339537282198
-0.8489496712282398
-0.21610014185366677
0.7129380347470672
-0.4763114387097301
1.0978051874171284
-1.2041228923105651
-0.2457910781360808
0.42811490292502286
-1.7122018768265037
-0.16142291039444212
1.4679123333031205
0.9184292338816691
-0.6195607625807142
-0.6514429781678681
-0.9241709827632103
-0.8378443805387258
2.0702774330984126
0.8297162210274213
-0.2133217396810142
1.157563711799003
0.036366909686323834
-1.7487355619138132
-1.1295422385230043
-0.4442159445416144
0.8853361838866054
-0.15044989501073958
1.2848334252292348
0.08256578769284703
-1.4148207539028386
0.776531342163282
-0.4847775837774503
1.1525807764042704
-0.18287085108090717
-0.7251807778897794
0.5466779990797475
0.46179042899578815
-1.1940439249396224
-0.1961365308824779
1.0203629388410302
-0.4522196515868244
0.22374391083820483
0.4463781865851193
-1.2101908845059965
0.7438692250329538
-1.1126598978725883
-1.7284386768325342
1.3592728903879048
2.7249708898003986
-0.9445405363913311
-1.7089401580247408
-0.9695330542969156
-0.5342399520859007
0.510238304098358
0.6830674685738396
-0.32397224495778076
-1.8012340383706913
-0.18163018813180618
1.6646282356854107
3.136642973896632
0.5271366440860203
-2.419850996365577
-1.485678371533135
-0.57924546637504
-0.5646673519282276
2.7166062166673415
-0.73619891503155
-0.4679828566008173
0.36010709912695366
-0.8729308579604482
0.34296740178310026
1.493148242622782
-0.20897689195179636
-1.3834091881646193
-0.40940781461763115
-1.1305629646567241
0.24666867794526343
0.8754465426811611
-0.38602722881817253
-1.1980310836560202
-0.5895839949012275
-0.9568245445858021
-0.7289306007491396
1.7390225073867993
1.290717449876254
0.9301142054581668
-1.7209137292658752
-2.4794493130201745
0.3088720903475355
1.8028906384346444
1.1312771878071408
-1.1853273580055783
-1.508702037056158
0.27474799248603854
0.421658534662233
-1.2578006444251968
1.3323736979377983
0.5921129879923841
-1.3899638850481675
-0.19217155295589006
-0.2994026536679227
0.05878336983545385
0.8379023461525907
1.5831268340058542
-0.9040969054867436
-0.6708074681764524
-0.34995998814156914
-0.9036381783161518
1.3354627994572519
-0.9953847570813725
0.118561554048487
2.1226525859210748
-0.9314336262689018
-1.0158388785467654
-1.767167236202639
-1.1029427593825836
0.1626403041508515
0.3292813992547372
-1.4723078358874981
0.6492358176480177
0.6069675466202576
0.24204098004620245
-0.8871731565622547
0.3326748174166704
-0.47523684091275725
-0.7806246528015223
0.29859090636477514
0.18852973804903927
0.6859099092638675
1.6098461786584577
0.6281218960455908
-1.0523727510644285
-0.3131706965129812
1.9383869171913441
1.7998405184848403
-0.09294429690516226
-1.4447136094194009
-1.1668329415572967
1.3794890878606232
-1.729256335993475
1.1469259882106162
1.9614701624731374
0.08591740950763316
1.4357460361975054
-2.279679529524369
-1.2702204230057739
1.553119232179464
-0.5685401211160255
0.0715467974567413
-1.525428770670891
1.6803306295215756
0.8382539009606989
-1.1303479671336203
0.1791340558540044
-1.2807780251992922
-0.6048342745532966
0.6732087956220278
-0.49339774107689693
0.022599621476889264
0.31269907592577545
-1.4634600449098383
1.0678760784455772
1.300753569049738
-1.4282500576876398
-0.14075701123462275
-0.543524146540534
0.005856860356688642
-0.8887858282827312
0.9653856315864782
1.7792432250738377
0.9415253632669704
-0.6606999651516536
-0.12933818202485348
-0.9475173976088755
-0.14372488335885647
2.822439478193917
1.1826540724056882
-2.3605786669906195
-0.1809161280207126
0.014653713901647741
-2.4563040588306153
2.9181740583834417
-0.7821438238015712
-1.7305587678039314
2.506004167201398
0.7214312518198671
-1.7171196165943887
-0.3058774108652509
-2.1957485658046583
-0.7446570330343587
2.857994113137748
0.2524207652100421
0.7797545304839966
0.8632389701382783
-1.4683969043430436
-0.3004922225137848
0.7804145452533225
-0.5032435583054315
0.5638063926656416
0.05325988447042834
-0.8242464720190316
1.010954345768988
-0.2665579271796153
0.45281054160529755
0.44307134098714585
-0.6078527853464222
-0.0538047312408386
-0.854148533309729
1.2854007540986225
1.4137642734922227
0.6669197620048134
-2.4111318333757437
-1.390436928225715
1.3378619829509937
-0.8791715846613506
0.9717826746768965
-0.03491415909119788
-0.15576135204960517
0.9689026721624504
-1.54996056958502
-2.2024653696759455
1.3683536352649877
0.8594599596143674
0.37002315098649985
0.3112089921471735
0.1486600707321506
-0.9239348451181328
-1.3763361356443589
1.9433725714402301
2.5885918802907257
0.2042763582684013
0.08235561825402948
0.8444007688573234
0.658349435229191
-0.08764654568978586
0.02722847797716299
0.4793947584930647
-2.276873472641564
0.30072446641706974
0.5364250777436076
-1.9189837409653356
-0.5058520577900127
2.091598772112428
1.0446216034705418
-1.3019963083636839
0.20192238718068523
0.3765085765497337
-1.0221851953611196
1.1688079792026556
-0.8416121897225858
-1.1675402468444591
2.653756685475164
0.9403097802144236
-1.1090574734956038
1.5216249889950668
-2.110914984135141
-2.1937855480707507
1.4568571893229287
1.1359114311422647
-0.2256725942479063
-0.5677217100591774
-0.47931882890110933
0.18230912278446093
-1.158971128412921
0.0627776802805117
1.781344347780553
-0.6268525120311157
-0.1760695301083707
-0.7501345014955816
-1.7972322990507024
1.0475576202091434
0.31899525973040177
-0.9700516584328944
0.45730301584372957
0.9933098201471119
-1.3039738269284769
0.5231315784873902
-0.404356669189393
-0.38592745787674176
2.0743253950414364
-1.861776670007639
-2.0294367291340047
1.3520835994670177
1.3972556828350944
-0.6641891295502039
-1.0391446754420577
-1.076117243168487
-0.04923631091960645
0.5234703640460086
1.3561177806683626
0.10305046980106972
-2.2146527776269314
0.401940653554433
0.374367225059636
-1.4156199629818624
-0.01344267086334927
-0.04266222206815873
-2.093235581361465
1.2100770127757317
3.161455902726237
1.4887983951523083
-0.9511423116613656
-0.9473796939325934
-1.9249083362587645
-0.7749463827299767
1.1537657475668113
2.545793232763646
0.018811862876447816
-0.9966180483616468
0.28270988082520443
-0.19878755498968925
-0.23343515312098734
0.579162711222726
0.9430035999046927
-0.14008211777151566
-1.8011980421628744
0.9944931898322008
1.023347374094211
-0.6186393047984066
-1.1403218333261063
-1.9295990749416356
-1.03888754398475
0.7186709581153239
-0.8537090668877756
2.165355654678848
0.41791917585124605
-1.7557992768155535
8.593478897284124e-6
-0.7121291520141776
-1.1436317512902214
-0.39069979469579885
0.6782312425684808
0.3583001366026366
0.6985844957811063
1.4075855973817601
-0.5527124557775454
-2.054796430703253
-3.1119308093407385
0.9875910188856935
1.952771928471385
2.149202198328152
0.4668970014786039
-1.778453132824926
-1.5060271925048154
-1.7076651016824311
1.443271894769207
-0.5955707505470711
-2.056658012369323
1.8002987439279625
1.1325320686159617
-1.8400902147608549
2.009300850771473
0.21886677568898188
-0.9297781661302315
0.9575440474270305
1.1322865900239196
-0.43205016074774455
0.37957084789752626
-0.05599283047258541
-0.6514761639827438
-0.8295787477353211
-0.7758777460177959
0.7450422039683748
-1.5075947084197159
1.0362819116526523
1.8484381977444957
-0.05266845161334277
0.9365426470138516
-1.1157123106829998
-2.439140074753939
0.28415368042391476
1.813863871701496
0.33615792314629855
0.4171496358316654
0.03934298236701572
-2.278368391804446
-0.25199041437112235
1.6466898839469382
1.0318770683432195
-0.2988071455645853
-0.19504196625207293
-1.5925575086995525
1.240744007884732
0.3645417247478283
0.4566266322186807
1.0571725444149727
0.1201315337479939
0.5216592065013279
-0.627959025762116
-0.39446283365601204
1.347000418310147
-0.3907017155680006
-0.48936407592801545
-0.14014634852522223
-0.18167792632753904
1.6026929432477703
2.0305626891265516
0.520339060720832
-0.054357347205206685
-2.5716054960779333
-2.248888637338186
0.46763566075625396
0.2098788035193726
1.7229452406903543
1.2915638755039214
-1.467225629849284
-0.2433070083154295
-0.15602533151912112
-0.3364159555204552
1.8280720064087146
0.6051477257769918
0.5119730898122345
0.2319405895536863
-0.262302363290534
-2.2124729041353133
-1.1816318552301721
0.9169091995321262
0.7863769669568075
-0.8905860192811312
0.6370251691741953
0.22843290075475375
-1.897734996701968
-0.6804733277347996
-0.4633364934705142
1.8958942308249767
1.1640938974688269
-1.5891355172054888
-0.375665756104073
0.5255222022368612
-1.2880065649157426
0.156964028702627
-0.4926099673741069
0.4362505108674345
1.3039131370318566
0.7265773805396748
0.21825970773818082
-1.7651108339851023
-0.4994931445429339
0.893438492773112
-0.8837635148457794
0.9883351707077138
-0.41811153980664884
-2.771344134916009
0.15657716266792898
1.3836714598138018
-1.4427948840427676
0.14022663902307264
-0.5165816179132658
-0.5419334892130659
0.4973522796647038
-1.2957728505954595
-0.2359045077156274
1.9356128471880716
1.1268026306276346
0.9204713523640412
-0.6786094867053438
-1.6607082207291575
-0.06473562734597113
1.7592713190793816
0.6681510322701663
-0.4723375899437729
0.0270894711787546
0.48328125665590616
0.17694901226837245
0.876152224161448
0.7128731064884437
-0.06946336564030609
-0.8062239147646462
1.268337872804043
-0.6611391635129993
-2.3916839825575598
1.104297543854629
1.7439976358027678
0.2147347039700765
0.7612624886441113
0.08975125310202381
-1.2661801430377988
-0.11486342405424174
-1.7643721503649408
0.8163744124622719
4.035541821173622
-1.0056713534709651
-1.7112885185982214
-0.8354816960448994
-1.9672263581665983
0.7298778788888088
1.5262321799482932
-0.8841433617250434
0.15257943172459304
0.7845303092936502
-0.6906974065769338
-1.0203762624366266
-0.3489923955974561
-0.8615571553990434
1.4751163218240713
-0.13758936472292005
-0.3821572607163647
1.7281610185668754
0.22218602963123935
-0.42696993385598847
2.3604143479607993
-1.9553459845406334
-2.21321071180578
1.2655236281191489
-0.06132930862963481
0.17046047779008774
-1.237842695630587
-0.6537882509088648
0.23579489344360072
-0.24669934545994326
-0.5261743797483118
-1.6576861125262152
-0.2043429515808231
0.5771286337664355
0.011036622946604457
0.8685511855866392
-2.1687641539059563
-1.349146372166338
0.780609109585302
-0.5813424995088013
-0.24809981554832716
-0.558216008857346
-0.6375780645476481
-0.5727259939853759
-0.35897155122529145
0.7175362310111622
-0.012150712101973549
0.14755660593082467
1.354034324624064
-2.3213399214200283
-2.2743299511252717
-0.1232878795935437
0.7649737616175747
1.675945837081595
1.1741967447568138
-1.3409320293707319
-2.871069609942709
1.5197729771870658
-0.9284780569215083
-0.9317365804057961
2.890477518356117
-1.0638377389828373
-0.1577710567900309
0.5787641982594119
-1.949507419091578
0.8429503314146638
-1.2856407730268402
-0.22718265739915816
2.1842488955338335
0.6658155768167873
1.280911684648251
0.8041259052899693
-2.564547655198881
-0.36407068253678676
-0.018079326489433445
-0.5961382013057271
1.2285718386729374
0.8793099265459543
-0.006410568619033663
1.256933990674889
-2.0173406856517815
-2.5765627101887496
0.533081768704903
1.692221127930328
0.059014777974922716
-0.6311290801554568
-0.5586209300737865
-0.04495689295117006
-0.15731101179242668
-0.28905024784634525
0.5585392304626049
-0.31854417562968407
2.0214140687624598
0.33792890389294583
-1.871831959866983
1.1215832459792818
0.9729216541959449
-0.5170079776589898
0.4828633150594068
0.7114214331709873
-0.29961089275562125
-1.278962426928669
-0.5167428487075993
-1.279938216848847
1.3692355222724304
0.9065077911176771
-0.2372451754670848
-0.6167740874882358
-0.8436216908290275
0.8882716423402786
-0.4406040379238012
0.8361308177257156
0.7981985044164315
-0.42701519566831025
0.5288982033524157
-1.465565428016777
-1.8580984620530563
0.9384268287878373
0.5363308114150773
0.9667727556976671
-0.29908115146893366
-0.4607695339738461
-0.42653929545729174
-0.6391256720104013
-0.2625766045958378
0.5145783525607119
2.7524184079055427
-0.3553261147622253
-1.650542533210905
0.6399171811684615
-0.1577287727108359
-0.9929138646953306
1.6941298346063371
0.610795010046449
-1.1287378085501059
1.0494160655888918
-1.1985525311530343
-1.51200581246027
-1.3453090290575704
-0.2274658338245612
2.374888466400056
0.5463904805291295
1.2370729304409458
-1.6869285634479012
0.10100446588907874
-0.3771479693717137
-0.2808582916511529
0.19057467307668086
0.49880343444876163
-2.0717766751941964
-0.48704762995959305
0.9071968854611049
0.94780228470396
0.14243778238076887
0.7350596111819543
-0.7834378360778319
-0.7099432256192495
1.0010802320342966
0.39226598760389864
0.8176557976192189
1.3188355335948188
-1.0032500758001608
0.5752900044251554
0.16498717764341803
-1.5148020326533334
2.613538161535325
3.0437984416607056
-2.8749727097130027
1.2071462407183202
-0.5508450225314503
-1.4843849110031395
-1.101618909653462
1.3659958450825558
-1.0617324020314252
0.3391274084699434
-0.12345717281385338
-0.4545610544163594
2.5744899424898273
-1.574314917928493
0.737341278214612
0.4506028097122038
-1.1921297043296932
1.8216093152181438
2.0592187475502755
-0.5920852983763671
-0.18514591698037258
0.3924796573832622
-0.4899023194435504
0.25236923816109413
0.5241139067635369
0.40173093619669653
0.14319523816094992
0.9128987968737434
-0.22112913533773865
-0.45415433272598305
0.5471874989532017
-0.49836974096961756
-0.008168003853298161
0.8357049262170195
-0.3154601022816568
-1.2020939310813938
-0.5793890360838962
1.881702186900569
0.2511575415266348
-1.0645574096992194
-1.1807269623680858
-0.2755133443456189
-0.037375884935480164
1.2514226764303453
1.8694544911704682
-0.9542730704309028
-1.4772964233023531
-0.05329240440753634
-1.2554843999168872
0.40345376012424605
1.3139244338269633
-1.4875861648314204
0.40704368536982916
0.751390441341201
-2.197780692619001
1.839075097497168
0.0672567989532531
-0.615492293761337
2.870356659622958
0.12004677949937992
0.5363114267866469
-0.9375735768164204
-1.607706296991051
0.9572973084654957
0.49538827343568387
-0.6349347663112301
0.8101545246254309
-1.1789346678317687
-1.4760507498147424
0.8581127234165781
0.28117879530127865
0.6513612241581294
2.3211850520508492
-1.5490372903197
-2.9276807672712826
-0.525947784284359
-0.01614190981462177
1.9392924357383152
1.5593367637085616
-0.17068462746114743
0.2063167706125273
-0.45570820927612515
-0.2416894160369677
-0.04941178223355264
0.02436979248232859
0.08578927142651574
0.09915942475617796
-1.159923316935999
-0.8876246449209381
2.3836054761913488
2.332278020008591
-0.33121816434490287
-0.6457970731922721
-1.7424142821771609
0.08615497031868702
1.2874749609549483
-0.6034832364006399
1.62142703401451
2.328727567753461
-0.9652761122631532
-1.4865194245438924
-1.380259387935202
-0.49398049903407715
0.7638078606546088
1.026406265315246
-1.134872716467556
-0.5410741487414794
0.749149318499278
-0.5088273716540079
0.12559569459205866
0.612287630097766
-1.5279214873005749
0.21607200581932184
0.6892911916127302
0.7279966885673628
1.6262849707350968
-0.18825895750990101
-1.6037990969043594
0.5088580588712285
1.682489656042915
-1.0819323978455913
-0.6062195988297708
0.20586461678291562
0.24632434732885244
1.917152084120619
-1.1299671589138396
-1.8103974947213228
1.2945916176334318
-0.07105484681678449
-0.20340141348650392
-0.5329723583938138
-0.9716386977424898
0.08344244384255639
-0.16591818291344185
-0.49531979865196685
0.5033198894199924
1.3201340136710285
0.780479089174644
0.15387242666902112
0.3470639169780265
-0.17334914731730278
-1.0249586850156711
-1.1395745480558777
0.3294475312497466
0.07264845836132783
1.2375146636713983
0.6867127897975314
-0.4110349544135551
0.3852585083133614
0.6967136436341266
-2.292708081954232
-0.730752407772093
1.7532597546665754
-0.31788068218312876
-0.2263180649235757
1.640391488502734
-2.0998423085216764
-0.9426182273865388
3.09955637090634
-0.19417616427274348
-0.4732146315669659
1.227436707122037
-2.052396477535369
-0.5295318757382156
1.1910194813393358
-0.5176443891338263
0.22292351545612632
0.43051467878843475
-1.5233748333862014
-0.6970436553306811
1.703185849534407
1.2881048457176631
-1.2681457295084364
-0.4104439913341907
-0.9346537554795487
-1.244830797564751
1.750775323189378
0.6967241733033238
-0.8362677228394181
-1.1051611557786405
-0.9091767470058967
1.3501620675601338
1.6718474484113919
1.1108691175677543
0.7795884284704603
0.8633849170766501
-0.2553428081964946
-1.4113189704712699
-0.997068376871614
1.629477948395294
-0.8569971278448038
-1.911705701756531
0.3297494005043795
-1.3144631195457837
-0.5725424000156341
1.8087481866567483
1.4193174613601336
0.031056408728829865
-0.6255405224091091
-0.6074721564600409
-1.4397246210386054
-0.8918520676028379
0.4105140390826547
1.345210720832324
-0.3403563319538767
0.1154715345958483
-1.2834187216845092
-1.0520280868473644
0.402570865769503
1.7351012243634936
1.0952640814614396
-1.8182730990662672
0.9187940659912577
-2.1220539917270527
-0.7779756702094105
1.2983492129050236
-1.207355769143036
0.7883032716965519
1.8777323646806108
-1.0023883244730543
-1.2591998108240028
1.6601070386153776
-0.10083230923384276
-0.6901546300688324
-1.1339913629813942
0.01858965796335499
-0.6577979410630937
-0.07565609846019694
0.6343007507548161
0.5399477143556815
-0.7911156451643087
0.9033335240869713
-0.32967281855921726
-3.2508959633469656
-0.14536069293318277
2.7865233582771216
0.056496537366055255
-0.55702053816507
1.871115119043785
-0.7171211552387049
-3.3072684773579173
1.1858418777312014
-1.058753957951966
-1.2371746516909736
1.3752683438499225
0.6774531964935225
-1.869428821228178
-0.08705729455029576
-0.45992028145485875
-1.0757677229157028
-0.11579909561158441
-1.4479201546543161
2.5402728872165126
-0.2297416757997106
-1.1434786995955881
0.42546776800282815
-0.37168346140432873
0.7255447339005647
1.1497677365897465
-0.10226450207805904
-0.358102932494982
1.5611742549205103
0.17064496618271707
-1.3470994571731292
1.7691782131339204
-0.3391780617502398
-2.221961594954659
-0.17863620488213694
1.055066243151707
1.0370461748273532
-1.4971954400226402
-3.2328938646957335
-0.79879683816671
1.7863079849331958
2.683145708970004
2.234925740680845
-1.2230770734823366
-1.9686660872962678
-1.3595505852552108
-1.0990646652004452
0.5523805575849692
2.373297943392711
0.7742482108380868
-1.4513378159925834
0.6627964576048674
-0.6366829710411216
-0.5315817580869853
1.3147141677446883
-1.1000025217046494
0.9281155728766193
2.4102013907526465
-2.0901017987868054
0.6109708940726967
0.9210325060677356
0.7941667333889508
0.790619252453878
-2.685730017222002
-0.40042168035834824
1.3699915149507935
0.6300441995095274
-0.04025463004527308
-1.439503040046004
-0.16161284655341113
0.9103986322947502
0.4783102067077644
0.4349600283432118
-0.8331538971243865
-2.0339806110470517
1.929538277336499
1.1363671184319346
1.2395922138232491
0.6065289195899901
0.4258790792262297
-1.1760598077563227
-0.8826429769728767
-1.882010320808686
0.7304077748200986
2.292191819583231
0.039430932251591944
0.06123579884414937
1.0657007158644585
-1.2415973488116603
0.37337102427246327
1.7998878521757677
-1.6546937417992702
-1.5757417843045531
-1.5232558774339346
-0.11271581105311247
1.5355904238112952
-0.7229662915449674
-0.4823293927750177
1.3880839648257584
-0.8474323092703478
-0.2683351916712974
1.2261623996207447
-0.8272461138509252
-1.1427283329433584
0.5520227110054987
-0.38771941462724796
-0.918918401026694
-0.4825039833032818
-1.0836082775365157
1.4969819707933745
0.4548297352242575
0.8560033060413779
0.16924016368567865
0.06380899973656962
-0.3972849840819495
-0.6819930199139577
-1.237643755680629
0.9641123918157655
0.1621908837037278
0.14875773430891187
1.0320982465376214
-0.8709545402351294
0.40331226384329644
0.6274929530904723
1.0066556907354767
-0.9253214061263155
-2.92152312278209
-0.7809331204573043
2.8042905545489525
0.15689824257908602
0.7821159284139924
-0.9662371137913884
-1.7305852032536193
1.1007020705417716
-0.3207606680432616
-0.33487737682708985
0.6780542584353013
-0.3080218865717938
-1.2044298438401988
1.604381915310083
0.09889606036403398
-0.6131363926984605
-0.9077476754417644
1.132671281149272
1.1779378892971553
-0.9145267227978128
0.3578638455335994
-1.9880843581911956
-0.48568158388966004
0.47733238504781295
-0.14925658505186473
0.7035103968358111
-1.2151521162871723
-0.8150733099323328
1.459912140988449
0.36043470233939723
0.5568474859994081
-0.7754654405461214
-0.8547879101867066
-0.9047718256486933
0.32378302833716144
0.2693605058959807
0.028302740326876352
-1.0888414850504082
1.5250461215038689
2.0901224102329956
0.2605792770805211
-1.488419150803681
-0.7150979508821824
1.4361315953670204
1.6885383327896388
1.6982247421174756
-0.5511058253765585
-1.1544561556270607
-0.16975181443091814
-0.30690275722412086
-1.3803159727531966
0.07536176156934182
0.8676483725133626
0.541231023901395
-0.5004872045343423
-2.0402779056944804
-2.1812230168180586
0.4412864222151611
2.1068202733143444
-0.6952423478956807
-0.0789177967858027
-0.19133842769138293
-0.9405039994180607
1.133774941232514
1.396809364233221
-0.4153094915155576
0.22230851003024726
-0.49858999395198766
-1.113698610940798
-1.9423266620990738
1.5310357024355334
2.6509118138043926
-0.569589663530996
-0.19872557677194727
-0.8646061123002444
-0.8042594950608547
-0.8512325366628124
-0.5330693289878857
-1.3343189001497697
-0.8165043465020577
1.650319582707069
1.8873698536038357
-1.4791549535710562
-2.718253256946525
-1.1813641063694291
-0.44505258376355783
1.795857842667346
1.0625319790221428
-0.48679387818436815
1.2345807451712185
0.17578355837305304
-1.3505081629177074
1.0073917920443463
0.2969908361718261
-1.6112267488161425
3.2110362931359995
-0.14336529035237267
-0.9585316852267307
0.6350225170706294
-1.7120409607108606
0.9731310432515092
0.661080311755638
-0.5672292745722131
-2.5765714661687897
-0.4187624140956375
-0.7943192682102254
-0.06967711471438554
1.3467034683090882
-0.48839424933804526
-1.3221732051821187
1.0834951824291523
0.2548994733309367
0.8759258907065173
-0.2087385920746555
-1.3178949333998855
1.5837550318957423
-0.7953285331518609
-1.56668992335035
1.5865316028206489
-0.5422075921234655
-1.3485379996163995
0.3658391198013451
1.658965202112566
0.5955010420319553
-1.439169191881208
-0.7944131298666017
0.2799187985572814
-1.2006652844833838
1.7324080670798343
1.0491655245822376
-1.6193739985512157
-1.1099038225238758
-0.33126179205868744
-0.7433051363887966
1.4317192999599506
1.260989650069875
1.3547713901798721
0.12761399669931123
-0.9201857792692
-1.2345043269944993
-0.8872580698184682
-1.0857305644192157
0.3750673657234659
2.904262291325201
-1.2311558366266317
-0.3534782827556693
-0.15557917319979125
-1.7533516551723745
0.8407749386680368
0.028894700837688303
1.4864477549296806
1.7832966185755024
-1.4655229499744322
-0.6341737905564342
2.1862150279584585
0.12473855625750374
-0.6967419052723389
0.019288460532134177
-1.4190664921439526
2.145245413197119
-0.9675202112872978
-1.1339114868630973
2.2676234460563647
-1.3024662830769838
-0.4964898417977156
1.7404976706247237
-0.6392735356808684
-1.7458113290322155
0.8174536285811336
0.38806998427836714
0.18044586770778437
0.7377937745268041
1.0828509314638435
1.0344126663173765
-1.2548323076999277
0.8350348341086284
-0.16894286058800567
-0.420730980403064
-0.05844065463151915
-1.6939742721933269
-0.10927187891478354
1.3970840755522431
-1.0982197207619608
-0.6485038314036479
0.24356307536491145
0.7877498051730902
1.1223739472883985
-1.5897371506155105
-1.3430478696909538
0.9629883089779782
0.6011506519523089
3.7454894888600285
-0.05740708098310088
-2.549148498830322
-2.761874996283832
-2.283746742053239
2.3164196879981427
3.4103717163917864
2.163233772264947
-2.095049212721835
-2.5134068346385563
-1.3891380618135512
0.751124146177619
0.6316626966293799
0.25668437209951245
0.4645235166185627
-1.3057364815904222
-0.8691586110786136
-0.12050934626775955
0.9053188521746647
1.792707557108468
0.7721014267159649
0.039765869336952364
-3.069773467401579
-0.8143430636021499
1.0364543097619905
-0.32372879938383403
1.4219488255480284
0.8604639299024032
-1.5585758204746356
-0.43357537965763937
-0.09229494597437615
-0.2745524141817694
1.4838482210821788
0.45423850971461543
0.7532090999575594
0.06960024260494937
-2.9910883619500286
1.426930714633617
0.8696085840928529
-1.7177324629562676
0.4671274848728013
0.8896352275130436
-1.5771136648179849
1.9164320307168676
0.4988923892715296
-1.0887169069060043
0.22193728455335116
-1.2121900500274707
0.30796786919710395
2.0866380858185334
-0.7611124061811461
-0.2177573133850537
0.0033417512626777446
-1.8762834020481405
-0.692324241551298
0.10360812187317914
2.1717649500322898
3.0642511010037996
0.2830048025704107
-1.3036702710513879
-2.352565075748678
-0.33735682287157687
0.23605240987376885
-0.263396054342077
1.9007156820604985
0.427073139045412
-0.2783210777257058
-1.0344759812132207
-0.8135886501814232
-0.10511464363201911
-0.3338305649475356
2.296983031152634
-0.15877746766014345
0.3119234755163185
0.3689670394301454
-3.5445858075442436
-1.2108586808396269
2.5889935764599654
-0.4036940647047448
1.8661821468380229
0.40331656190747633
-2.813843261081228
0.2574519590361847
1.0523156321024612
0.0067564319521271066
0.8027703389423542
-1.5618925647338244
-0.8766284434025668
0.7383249361858856
-0.27152707108015844
1.538542279776417
1.2383796168914445
-1.8027280909330317
-1.8416144145501123
0.4715286212812059
-0.43604087612879094
1.3749757007544168
-0.042078465645968954
-0.4152895110308302
2.5648171779712974
-1.2921086382101037
-2.1052548585270285
0.42781870052731336
1.7660253626025504
0.34725667418513395
0.06094622692437934
-1.5559020470373075
-1.8927541884876982
0.12622888847860314
0.06304436270805136
1.0449264585861722
3.339709627577709
-1.6257647562013924
-1.6331379931480177
-0.4057697775392215
-2.3666309645327868
0.28934364350005026
1.6272180309711717
0.0821849807469361
0.6785844059050453
-1.1776256710627686
-0.757013127397214
-1.1303929027047217
1.4457431021123812
1.143978462250257
-0.2639758618769775
-0.5688647379018386
0.7960957707897622
1.4787799168508315
0.5670783416946752
-1.6049733421908505
-1.7298283071289622
-0.7522450089318082
-1.3439126151846144
1.1739848374719992
3.641490898166337
-1.2411192142367264
-1.147938638986741
-0.10282001504248447
-2.365349441158637
-0.8547568467385069
1.9156576526531421
0.5965258668930591
-2.724513509057517
-0.22176370283773317
0.5410128294692004
0.708587725540188
0.8605085208955601
0.5416952849477206
-0.2766810174366239
-0.7217783723614631
-0.2571517109048506
-2.167361287365391
0.6101058010288094
2.1226507941219666
0.30139320408370907
-1.16326374437914
-1.0200622902319711
-1.3895766401097975
0.09533454649816497
1.2098805697265254
0.4491794719722541
1.000301758869822
-1.3383164899413802
0.7424206648937282
-0.5676723493319908
0.11781017714863684
1.2307563161113182
0.6449594275180036
-0.24379397910146466
-0.2350112636931967
-1.3338904983158755
-1.1954169199251403
-0.8915049416959978
1.7390759605317372
-1.5614223052554397
0.2425396248670748
1.6273719239724218
-1.8356626102807678
-0.9891457285729955
1.8911040788945739
0.5361937092041482
0.3121954522518348
1.2344136164894959
-1.4914081436359685
-1.0909717414619216
0.21165361164454494
-0.7456009547354936
-0.6018596397065993
1.3096126499463043
1.976179442320312
-0.1400186393645867
-0.8880377400061027
-1.103274129847431
0.38270755577258064
1.2804948205835662
0.180545789983112
-1.2613014168150571
2.3833638975674876
0.22897094718042107
-0.145158490975009
2.579711339918465
0.3258992510700047
-1.6557067498167561
0.371403023651579
-0.6723968229214468
-1.2128251782023947
-0.10278017090465896
-0.0347983534614425
-0.0930851417298042
0.7523954581649206
0.5401190092452496
-0.09709462177045114
1.158340766088021
-1.3330249909289114
-1.1085904841282388
0.26626895473916434
-1.140217935941875
0.28261856614924413
0.6695204105069834
-0.7907442675157866
1.166199200534809
-0.8662255645667966
-1.2434138885625619
0.8340810454444468
-0.6769727651701118
-2.116138439921621
2.1865908286615428
0.671345769338483
-1.4145006287991295
-0.2440807955676063
-1.9145957465022192
-1.817292285562326
3.007211657754162
0.3781910066462586
-0.1418442282543418
1.0916182751825525
-1.5876537734659446
-0.36946932473939437
0.11716606676814734
-1.3290529642774265
0.6028283210945562
0.4759852551924441
-1.5701229939462882
1.3765530112016582
0.4454916878277521
0.9442012286751829
-0.5144299738931514
-0.657171799677033
2.2773159678098938
-1.7548094759810482
-0.887581505423241
1.0691927974646585
-0.15992188668289775
1.6753755633756047
-0.38143409010803075
-1.943486583886792
-0.4367769272008651
-1.5318220496514425
0.4398300793862131
0.9521555609038135
-2.2754939845087923
1.2254121500884128
0.9936984183423698
-1.16028027042881
0.42884149783582937
-1.0501051031686104
-0.4438080678746802
-1.0683895693392023
0.17263338611075557
0.4573999048591797
-0.03559568634676613
0.04335639292490512
-0.012617969625093893
0.17558042254574135
-1.7727719771904078
-1.3057300967494352
1.0260086576197973
-0.6411154220476999
0.13308263622926886
0.7008651443081116
0.5338270504227141
0.47065736394171465
1.0508423106240699
-0.710389626206496
-1.7837549117952562
0.011705902981340208
0.38610997753603404
0.15292979765360878
0.7324854897224288
-0.6232523935691895
0.20083433764593517
-0.15430515089450697
-0.9206326141740029
-0.8942917578407016
-0.8568816057752139
-0.27134972825763404
0.933314666636577
-0.4621791993007984
0.9209322466654117
0.816951105053237
-2.6908609167195925
-2.814860813463518
2.1332248751249994
1.376663214441173
1.5949254056474893
0.9273577405779974
-3.042278164220244
-3.1299511997479086
0.43642559298287564
0.5374107920963082
1.4213070811969224
0.2227865246670091
-0.279948132730387
-1.4953286711561045
0.6484966471024287
1.9957815647148247
1.1316974611552935
2.3845593181000493
-2.330831338139917
-2.460649614861201
1.3273172921541139
-0.043193995995605805
1.6459144051373729
-0.18511235468493625
-0.8756256225088248
-0.5802030191941189
0.8603446523613214
1.0707696445835464
-0.4243896447689298
1.502430870360368
0.6506429785927945
-1.8745224156926088
-0.014222128963123623
-0.17878827091869626
-0.7949410668208527
0.6046889967996198
-0.5737144456898233
-0.31810811520872384
2.62931191967508
0.6072544134107816
-0.45126018254124534
1.018780613578366
-0.7829956954051915
-1.2163859862172766
-0.5571610641891036
0.3916416340127554
1.5676240930206062
-0.5598139337904355
-1.16913309697213
-0.28438539689117975
0.04301500319455823
2.0583178735787553
-0.2937122584327526
0.14515126686622293
-0.14544280171544816
-0.8827288922604368
0.8452409941630811
0.14323679061799394
-0.03548713720450686
-0.052623814247757694
0.4628243493427784
0.3585035754462154
-0.1322362127892176
0.11996151114058584
-0.3110146831769109
-0.5756827122323084
-0.11182696562398928
0.24690322440025203
-0.6169848622703037
0.9940415721698088
-1.3669481203152272
-1.161339950502608
0.4467409226450981
-1.2450321321367137
-0.375868749067978
-1.5155269263783315
-0.2023883519137603
1.034221643570857
0.08822573557768804
-0.24285911380227154
-0.9895948616696644
-1.5017668952033754
1.3583754201068041
-0.05446235722949766
-0.5433889089421621
1.3051107793135384
-0.8788170406656066
-0.6617432741132354
0.10730399131098733
-1.3651347061620527
0.5203515555105009
1.0154338043759854
0.24292533145453105
1.1006828548932217
-0.41917750645405943
-0.35141088233318185
-0.2074920489729144
-1.1968053454346792
0.5267294654381032
-0.18143385901855114
-1.3798913687824015
0.712939677914369
1.6529734422185332
0.6222503728618027
0.6149728610038546
0.4723114727160622
-1.5728210885154394
0.5459190798771286
-0.9531747249787903
0.5249169924909116
0.8436151073530187
-2.634010310769573
-0.18412175547759935
2.4807444008542507
-1.3698804292632143
-0.13308760696822985
1.2317449858893212
-2.1088840777484212
0.12152757331235942
-1.0851777516399905
-1.1280349367166784
1.9745795563141673
2.5834460067800444
-1.2459139369795043
0.6261412785121077
-0.981744832611372
-2.7415122813382027
2.513920766712606
1.993961342905385
-1.2969177672755428
0.6318769445315466
1.817171474608856
-1.621166949436717
-0.551091677521723
0.15787710402686694
-0.2832568144339744
-0.3111769610687497
-0.8110888700118046
1.169023055757903
-0.006966201848120357
2.024341318712136
0.19186429829428478
-1.41458650962368
-0.903528277303634
0.7811141566884678
-1.0717282996160518
0.30053100816704725
0.2555683548935447
0.9537541103195168
-0.8674898852798301
-2.0773463317829934
-0.00364490364158776
-1.2330980723559257
-0.3770926456723004
2.7824285843431893
-0.6971776293474503
-1.2801288627848413
0.48483445386538415
-1.918542576602866
-0.9544909077362914
2.3733847140278432
-0.07299877102721636
-0.16752304666956586
-0.3643075885508146
-1.0884922092312002
-0.9674920487130163
1.466295427590003
1.9790421048262459
-1.878902869949028
0.2218705420245355
0.9463129605755826
-1.0222041354865767
0.2818441626915712
2.3442590243505412
-0.8276578237521326
-0.8319472948234606
2.075539363395897
-0.2674661947163242
-1.4965295198160882
1.2238476648570051
-1.5130825317396221
0.24919909455088995
0.6303002503152387
-1.3388459675224924
1.439653111407469
1.5236658030183614
-3.237226253627074
-1.8524643252143753
1.7311078971110294
-0.9931020007051881
0.9881322037196077
1.5401796524676972
-0.8686421520475198
-0.11389518863826426
-1.2534415627473112
-1.0986279091470634
2.6303334642859904
1.5580775172559294
-2.292215863673213
0.4716723155674897
0.6170097732616728
0.475902462071079
-0.3880336723007787
-0.9562198065809929
-0.47389165391580235
0.8541575114428224
0.5311350026757719
0.19610443129777322
0.8454840444749281
0.14672184537050525
-0.6382353323160559
-0.7655594719168017
-0.10106382484155686
0.8988296386460836
0.6846884347899059
0.7098948393576783
-0.6074289536025448
-1.1084405071796046
-1.9511603995647104
0.6885757716744872
2.179494869707918
0.13678694150838405
0.029320897219271808
0.24067111588062506
-2.0372447597992402
2.0920405347965048
2.8812654046527433
-0.945923192413349
-0.6942326390385098
-0.2626134247730628
0.10361641572398139
0.3103259763650062
1.4393259612437244
-1.6738216808308086
-1.366397853413908
1.5791916749231631
-0.2011405347936519
-0.3514283018761566
0.48950378417970647
-0.7115467875017281
-2.0127087860440387
1.2802028118415123
2.1766227908329463
-2.0808635706114815
0.5020753396604368
2.041180178230243
-3.808665640460979
-0.009403730530570184
0.050950105250836986
-0.20579211913394202
1.784214663742546
0.11316186928575148
-0.5811612988972021
-0.29439672575759046
-1.8982739740140577
-0.7033534862772055
0.8748962524170074
-0.45138597073112724
0.5490161979788953
1.7409162875573614
-3.0285337523505795
-0.08380574014060116
1.5437650990421923
-0.7909806460515361
1.9850410403312644
1.3349976947749154
-1.6258038919449005
0.4276058952746292
-0.047159853037653604
-0.9071793740785771
0.5342870225736764
1.4291203250222817
-1.0048093764176844
0.024776026221512037
-0.8893049018192872
0.22640030604463046
0.12069585517363957
1.0122798822171286
0.799150815695671
-0.4893263959892698
-2.422195516636814
0.014063849949998708
0.259719207247333
-0.1674133863745353
1.604750132513545
-2.0792121434559414
-0.6279870894269746
2.3040020433013626
-0.9556260451521412
-0.3145364550458406
1.385836831221634
-1.3179895336584222
-1.4743600100415544
0.4048724625483634
0.854615001936592
0.23114798223456448
0.7350693727489722
-0.19100679000470921
0.3580516225128957
-0.9736761614020337
0.3664143596889473
-0.02762563467815693
-0.12381796052844946
1.414032444084918
0.30105556849319426
1.1547126705613544
-0.012082418602137684
-1.497579304196147
0.16044481815718553
1.846012884491246
0.41661968375275604
0.008461861252140462
0.7019628860755095
-0.5369976129990506
-2.775906203062813
-1.4331920553166615
-0.148564516522103
1.7325936852532955
2.7483288941320723
-0.2127387929533487
-3.092401651063491
-1.155391826365103
1.6903460150042162
1.9918557789475866
2.2800353741767774
0.5868241052018014
-1.7107582448205971
-0.9726774108566915
0.4355382476670885
-1.7474781613594774
1.2098906014991173
0.12529690577788566
-2.167823021672822
-0.44137401905906826
0.2654489243497569
-1.2633132505801195
0.4874015881000347
0.24019612401561952
-0.20164812226904708
0.06447368419393473
1.7394518163079906
2.1758782795713456
-0.2827079010159173
-0.029447297087460633
-0.6612995734387018
-0.264171546552765
1.8500747149089258
-0.9026763685423647
-0.5114873152224831
0.3198174481801736
-0.3618208852626122
-0.03334485633950035
1.0346933209424927
-0.8087965674110562
-1.295662768452745
-0.2487443595638968
1.4945676948606637
0.7730107060543887
-0.3608864347150022
-0.46564427734175573
-2.7329821910392957
1.8369472161521287
2.1868584197109424
-1.4027378529854004
0.12045072182710895
0.3174662436787611
0.02584943264550632
1.2949947758325944
2.182096548311588
0.8961986841761473
-0.6067578465242505
-1.1281482589140615
-0.796223096844034
-0.9712074814937844
1.6060205781683914
2.7899778073909904
-0.06858949143133641
-0.6705290781618249
-0.15940094224073675
0.945947880096611
-0.5112340931283053
-0.6951239105040259
-1.1970527661952826
-1.4171545753761952
1.1121484420034309
3.624168065464036
-0.4500091297849968
-2.3707732105268633
0.8808938481468456
-0.20946591589414681
0.5476561795215652
2.2591032192062594
0.48312238805871344
-0.9413249626010902
-1.1453301886885243
-2.8061175768709825
1.2425452991838537
1.8628907465908275
-0.7732531803671373
1.4888684588820436
-1.4385589722004875
0.18479793415377754
0.8970783844370509
-1.1371692721438662
-0.821594413965643
1.4059226215111305
-0.5559893926775203
-0.6796660226219766
-0.11126047574995346
-1.537535552845799
0.17914959346425316
0.5541999846401214
0.16450547819963068
-0.8851542034039228
-0.14195745086142353
-0.8253694853059363
0.11342649035219077
0.6061906194904874
-0.848256881331909
0.9799186591753245
0.7468319047312053
0.04391241864793105
0.7135152708721659
-2.8910026434231324
-1.987581548066851
1.010195024929701
-0.026918646070370866
1.378238540817769
1.7837543336367738
-1.8736933986271853
-1.3730633629260136
1.6195759384688966
-0.22187802305878013
-1.478362145570939
2.728191091191393
-1.3270884866159054
-1.067425897788296
-1.5831081477155
-1.0223413110740462
2.93174679283974
1.2887690895887989
0.830502555866885
0.012684953910725855
-2.411791663605959
-0.053217213990673806
-0.970602486373116
-1.5727811394366988
1.9010389847674845
0.2747567691735344
-1.1721002554362543
0.7372654797786964
-2.0456704507658756
-2.725249036382748
2.3124553559801133
0.2633906553402344
-0.007850181875906526
2.069464768985644
-2.2865851493502722
-1.938781068092013
1.2613480286353846
0.12851914963063898
0.29171051614648125
1.788520192737431
-0.2768212092817202
0.2826774647639233
-1.1502148184583727
-3.1718550879600382
-0.7871731872827749
2.3788086000569004
1.4907858874338356
1.3800243725045247
-1.4633782156922588
-2.543620461338639
1.1962815708777113
-1.1864261099821727
0.3908313783246225
0.863587442281921
-1.8488259564797298
-1.2684052371708723
1.202403281963729
-0.31090091568798306
-0.9852885829626986
0.8766705910442072
-1.1978179595396536
0.15846749000352423
0.42628561651561114
1.9012827638597527
0.47513723071033087
-1.0680988507764708
-0.6306515726498967
-0.4987044898058182
-0.29670682532043907
0.20994837351411078
-0.1760396241514094
1.3982159817629882
-0.21806543752393379
-1.947196121347821
-0.6402912749812273
-2.1571958249483427
1.3091205654462728
4.06116275155526
0.07319612999189679
-0.25649096039353536
0.29326460918783936
-2.028450982106047
-0.22064866501393438
1.9211203658476181
-1.1695665422109272
0.7826519611719288
0.16521726977841866
-0.7793436206983053
2.052475736881145
1.3812354337772599
-0.8681476939577194
0.6346002765699188
-1.4719881314597347
-0.7714265261584532
1.2803917682433112
1.1596287008011863
-0.9814709047283104
-1.2195434399291023
1.29711458001341
-0.22521305889747745
-0.22265837207098735
0.059782290180234066
-1.159425022130954
0.36925579974729694
-0.462399645749614
-0.15704361411800302
-1.5005137241883286
1.433838269729355
0.12809676453974084
-0.9966151128344993
0.9031906038088343
-0.20845957545062835
-2.279214801300276
-1.1570075953777412
1.2125748988608216
0.9238214169383313
0.06538175684280656
1.5259545312223697
-0.3791217233034867
0.0265523227103861
-0.08692200811290227
-0.3562097771771768
0.5870837981878751
1.019569662383623
-2.3052895702998506
-0.3297758836498424
0.9815072976158974
0.9830873842628373
-0.6463749754153021
-0.20346169251333662
-1.0654738341376493
-1.3279620297514194
-0.1776956447428003
0.9633480402921735
0.5978448553586689
1.0904954095022905
0.4248161021614749
-1.9935105076070219
-1.3905448994973302
0.3212976277953795
-0.19019260866916066
0.4109233237519836
1.3757976702628376
-0.4966276151659528
-1.969514034872912
-2.224087794339561
-1.9802438513995746
-0.07937152782426105
2.901297719142648
3.645176994881334
0.5923666061485
-2.068030444267993
-2.285204526934087
-0.059108301856112044
0.2325766843416066
-0.1895758533737224
2.1252120093395845
-0.19781056552973747
-2.8267170209620387
0.8699153524303728
0.72839921152358
1.988498657235747
1.2591033256368616
-2.182673915398209
-0.2145987249579786
-0.9885359370204361
-1.1383851088339072
2.322890375779627
0.8744844756314498
-1.5801464113721841
1.1940446407912133
-0.7887129254895585
-0.7970570460333627
1.1288860452688956
-0.015565366752831017
0.9421122331664638
-0.19107165545420896
1.4010447844047293
-1.1932936604939088
-2.227383248959482
1.4008407016640207
-0.4022059177484171
-0.34749114254547936
2.701147675670838
1.021313102371038
-1.9359001856925169
0.7102913107977941
0.9958767616804806
-1.892950538021626
0.7865601850004484
1.3421861198773317
-0.5821686914560299
0.28364891309876145
-1.4363443569944363
-1.1593609399222788
1.1017926274359926
0.8362821915980515
-0.8825189377305243
1.905189820450698
-0.8943578357545497
-2.1732465552993836
2.1281584226856953
-1.6708447528824426
-1.5752501035054824
0.6316284670746328
-0.9207583072162716
1.7118246125368657
1.2513138295461625
-1.9274852711178876
-2.3554527235741305
0.6528427815854756
1.8192366294303952
-0.702118034312941
1.252792894909703
0.6057178769011041
0.36097266795019345
-1.3865400387781017
-0.41517806392602846
2.0239358569550463
1.601931757149955
-0.9314517778145611
0.42796586001625514
-1.3698196677860894
-0.2433706263682468
2.2275015451179816
1.1451179234165358
1.2853185053201197
-1.8835046208830577
-0.5001187949204271
1.1246620809359498
-0.1725801306383622
-0.5986454136376318
1.4578138938268255
0.4371687716691133
-3.150584324077029
1.5237057510894632
0.3588613546441869
-1.9626795808323587
3.2940637394300776
-0.80045419375564
-2.282337894948283
1.515246494561437
0.6193004823743553
-1.1944725472003794
1.0900002963096949
0.6162455592997107
0.17754563365462916
0.1893875665637107
0.7721229891079875
-0.5969881959250097
-0.14050266449914156
0.16316650128808263
0.097979871506782
1.4147710787278804
-0.53025392223458
0.3215373585221195
1.176035825640032
0.9371236881756313
-1.4652646661124178
-2.2576494515569956
0.36409945539359534
1.4359004572597895
-1.3033759015693085
-0.9399636168366082
0.5852908653587954
-0.24325928668171434
1.4627431262422985
1.5617011064839312
-1.1846614546620835
-1.4895884419641383
0.15353298905064805
-0.5530484726055852
-0.5585127912538956
1.7893089032265372
0.135813036561229
0.9645408022242854
0.7205666858291311
-2.10547842086292
0.23456330022302035
1.7958026145869321
1.0140389102555072
0.32901485397846103
-1.2632301292982544
-2.4065756212088205
-0.27516529781952603
1.7201932776771516
3.0701814623957935
1.2693221265181334
-1.0921386793150019
-0.366405005276941
-1.5210052760948012
-0.06266038571235377
0.7789556292063152
-0.29073121776389754
0.787679971824091
0.4586878904645401
0.737761389365057
-1.0966620287964433
-0.5024425535931767
1.3709446142418336
0.4556164826646577
0.07643173816447607
-0.05198238421699007
-1.5052043603847907
-0.8645015389184748
1.369381806818644
1.4359750476568496
-1.5733306588959404
0.36818814328493504
1.2102194240443953
-0.6181458311222574
-1.1516439605480349
3.134351103905267
1.0708575805071359
-2.809125785448355
0.6085921446564106
0.22381728911438453
-1.4386977038960658
2.299703171390994
0.5330293557991604
-0.052420324452716605
-0.8287499824432938
-2.1263656290193964
0.8710980436985603
1.4918047706659239
0.3307577018455534
0.20118669972349912
-0.5203011288181458
-1.04717366108584
0.31460478911208534
0.7202005785599134
0.7807000586035207
0.5100031009392405
-0.32021781070780886
-0.08038732875352717
0.060535910898067646
-0.19201866859821493
0.4329986824665789
1.1876603637178236
0.7171276603784025
-0.8638199410499625
-1.7003744175754936
0.4793912701271992
1.00453718891391
-0.7175913678693039
-0.5588957247543926
-1.0606136402156165
2.1778207508750316
-0.08062862216471267
-2.982722589268327
-0.01576855018233536
0.7713601491366766
0.3897997036595029
2.2194341619663938
-0.9824506815938745
-2.0879704023661354
0.64438620884276
-0.49822194016948507
0.05322505019503712
0.5575106264345301
0.5009722921368331
0.5050960541046486
0.6714184372447334
-0.8696663173298744
0.002938957084862137
0.7754218838080968
-2.087854847851057
-0.7345779293591516
0.43081187006322874
-0.8163408504975349
1.1302776372579983
-0.8944024906419152
-0.09692895187432493
1.0266070235298899
-1.4029387227717836
0.3204780618838034
2.255770978287131
0.23723299263781905
-0.2581709482052375
-0.9847492435889333
-2.083709868301593
1.083557465755962
0.5697735162911989
0.5960256303720661
0.12344467060134323
-1.6835480682297672
-0.930370476222133
0.7789486051176976
0.9274137050261594
0.36812700223677525
0.13770696617825331
0.7960398987293861
0.7653064821481979
-1.5480417215681253
-0.6734972465516549
-0.24737881357506014
1.106896602241156
2.340943074629903
-0.6997005180188604
-1.5555001796652088
-1.0763314297027047
-1.5152428648470841
1.356009411150251
2.1568486326866387
-0.04201350898635865
-0.10743038311743186
0.5029361660282987
-1.548356163057219
-2.010171202704337
4.205884167837599
1.190330876498033
-1.0278153335169826
1.2846630334889615
-1.7806572547973576
-2.2096965571109735
2.4153425721948327
1.172389296410894
-1.599876345533828
0.9888542838451493
0.513783661257017
-0.5815303087327588
1.9280962635014611
-0.9290429045476382
0.6545523260292925
-0.40981388230220306
-1.5413911090640011
0.4214283623433931
-0.45926794265407933
0.3768341879859487
-0.01667356494830341
0.8221162768013972
1.6461740799750548
0.8801328014190795
-0.3071133776036937
-0.1743251274036247
-1.0403827603942166
-2.298800418879409
1.2398860047323415
1.5498551136403118
-0.37831183249677053
0.8236256916804607
0.3338195093280756
0.11355030446435421
1.0492624492010456
-0.4764026520615065
0.29514623787333605
-1.7494003644591953
0.2874483502066387
1.154578768471052
-1.1175740449182199
1.0623689686957287
1.735489853569197
-0.6732601849112894
-0.20527094866746995
-2.091869013062588
-0.0096726143873348
1.1449227174345324
-0.4625085494770164
1.3512179094466976
-1.5997895755072928
-0.6519776938544909
1.122072874657834
-0.7828942885833824
-0.3081483918651863
0.25645670030330037
-0.7290764487847379
1.0999724592687317
-0.7958051488918969
-1.0157580513262514
2.842864408428612
-1.7426016231043642
-1.4459527049441367
1.2871617773001924
-1.5714093336013537
1.5178400675344903
1.7440515621803665
-0.8606721141787891
-0.17687015359846148
-0.9627039986949377
-0.16961764647992805
2.210030068193701
1.1676714952108274
-2.6550114377388265
-1.2859503101141874
0.35747334225359384
0.17556854749586476
0.919455614586836
0.09934952859920132
-0.12031089952109775
1.30467822067165
-0.9561563788371966
0.08572295405081842
0.33566512506627894
0.005314917817996978
0.16187266231764905
-0.04775776134576825
-0.6126712524755495
0.4609762990066617
1.0400093088642408
-0.9522798636368555
-1.9599285088541316
0.7727478560755077
1.4139158653664023
0.5933047106713382
-0.34253858547696736
0.21166605865558352
-0.7378242664862766
0.6305316840614832
-0.14988586397879666
-0.28590916122024174
0.25321846590381913
1.0583306538420891
-0.8016671163894697
-0.07975326382495657
1.232333299999889
0.7897016836112464
-1.300706566314534
-2.5037000682368604
-0.766720003967349
1.2574441401431837
1.7459837197278232
1.5312147777201957
-1.4625324881737236
-0.8937308499444316
0.04681504575700063
2.756141879640734
0.2716425711426247
-0.836998843943049
-0.3051811069223752
-0.8219948192965348
1.2471541577538199
-0.03490615834521027
0.6174550691358465
1.5007896143752175
0.04057705692721392
-1.7127946908552625
-0.700678336446989
0.7148223073486709
0.34470939246768056
1.08185413698385
0.4647453783246447
-1.8281870529831128
0.41026415836692964
-0.9896693352895973
-1.7350439334694805
1.7150020984619925
1.4949266374099972
1.176335901837926
0.26653964025864224
-1.4045049164704848
0.206882775320138
-0.05785820025807478
0.8865636699364398
1.4423908648546053
-0.848146026683556
-1.7515975821183964
-0.8227858140964869
-0.020192951086778627
-0.8408217079529243
-0.0210496284265288
-1.4438070763317505
-0.23971669090670944
1.6308581527817994
0.055185987262486386
-0.41929601306459513
-0.26467693523607716
-1.3764238945032354
0.8423452169390574
1.1146018263413162
-0.5704948394478653
0.8188178514560419
0.3030264135166832
0.2465670265066211
0.8279869190863974
-0.2850498205803378
-1.465595005021265
-0.11999240428584823
0.08958989755835028
0.30681887530980323
0.21043509155600826
0.9291915361925274
-0.16767403328484495
-0.5497229649091374
-1.7953066858847406
0.03432689472387285
2.401830752200514
-0.31563922984636367
-0.6036505052145755
-0.5316070971084181
-0.2550626656144559
0.016742666979820298
0.8312845092345027
0.73619101354111
-0.41793088061658923
1.602152121799638
-1.1722956114436698
-1.8017190148623445
0.16947746714148493
-0.05231098381946048
0.46782788801920383
-0.07356567562730354
-0.9866189829349099
0.08064327124194512
0.3989807544281918
-0.46817812073814125
1.1143390994325404
0.6212188235228391
-0.8032707127002814
0.09930805083318994
0.07623020604304051
1.1080679986171835
-0.5993337134052841
-1.179140170666062
0.47835638419505455
-0.7008161586158702
0.6338749398378849
2.4971295147645405
-0.7538193415476466
0.06417216309339624
2.02180524487751
-1.069228388993213
-1.2534423366342202
-0.04101023894783784
0.057666380074970824
1.3894287156837455
0.07988605693676987
-1.7314611243389528
-0.6869000741360104
1.057331481277533
-0.39334817901139535
-0.5879621310391646
1.861349580202156
0.07347935301757641
-0.2974340341920385
1.0450180005774423
0.9355917613366059
1.2203315741416916
1.0251965999008572
-0.46606264984348966
-0.7247162982097193
0.017254943490476404
-0.16009568310757719
-1.1880248704216865
-0.8344709738158911
-1.215618958092464
-0.9961699252072687
2.1627696586560017
-0.5744166210982737
-2.5490796134635585
0.7912465779178736
-0.8090025388512774
-0.6384935560078471
2.1479778371977645
1.8335594030479672
-1.512517569973364
-1.5174505819993112
-2.1346916213234692
-0.0050312773799074395
1.0802739208666599
1.8476002654525328
2.0979350829987933
0.953789375429882
-1.5845893163153297
-2.96909837386943
-0.21967201142300505
0.7293212493129584
1.545738033561959
0.5707779285770624
-1.1085712166129291
-0.4549642875825849
1.364564959074254
0.4294608694422032
0.2289332990757303
0.08880668369099101
-0.9361251883447813
-0.6139884645689866
1.234054996657912
0.30740982399144395
-1.8129770210015284
1.2144837693168264
-0.13640696634456656
-0.11864971082465914
0.8144531474248928
-2.3014577614656764
-0.9483248085363717
1.6433689325126486
-0.9747640532884163
-0.36608518825158276
1.7272373683130329
-1.0966714213287336
0.8536800664593823
2.1952237946217563
-0.3479712978875015
-1.7816798064648407
0.4389462874047412
-2.933376060441182
-0.9281244142910268
2.060479568566147
0.7327872947110602
0.8292175249918885
-0.07100499765179405
-1.4081226402515261
0.8917979591982814
-0.10224996306882067
0.42160039510890673
-0.5070658020443248
-0.062117050766148374
1.5743189574907506
-0.10406528448697631
-0.8109536912508815
-2.0867578628940917
-0.6979549278840995
0.608811324658311
3.076226159473026
0.5807701253612595
-1.6131577100464731
-1.3663858909943252
-1.4339273465130764
-0.5199680882207047
3.479263400356416
-0.9271455695287075
-1.3354247341166845
-0.3205672144294469
-0.747912884815947
1.6820970164145248
1.5744730623936163
-1.2196833627393349
1.4672228814314023
-0.48627896402434984
-3.269662772774977
1.950357295198489
-0.09473851077470918
-1.2295702688055345
2.5494668635296724
0.715452300608028
-0.7378060475091712
-0.5910979336679864
-2.8890445870879207
0.042898528470474734
1.3013977613626677
-0.2156602780321193
-0.16662868641500062
1.4113306977569318
-0.32538029986715133
0.7157382384172095
-0.33274172858122286
-0.8123346699527767
0.35667963935396246
1.4701462454870105
-1.6167699736678562
-0.9647284110526606
1.7949653233807645
0.0649748746027285
-0.44626506892451295
1.027595208907711
0.6534164615815192
-1.7050013291526671
-0.8683882907698923
0.9910137286562266
0.26486648845423316
-0.12004199042535418
0.5938141349190823
0.16374813348694828
-0.3357329747074537
-0.03718609403982146
1.1529509243879592
-0.01183218983783503
-1.2176811913210717
-1.3692560343644264
-0.9638254879833217
0.18138070732928346
2.0719644589562334
-0.35687578529958464
-2.5460572337174048
-1.2622628139974437
0.24577356470790096
0.837288376418983
0.8386203616450493
-0.7203457552701895
-1.5910829993767595
-0.5665820439558877
-1.0438355565102997
0.9806538168459584
1.9360193845162823
-0.8473297566494851
-0.42887919799542584
0.9851167756827192
-0.4672850094432241
-0.8010183057172713
-0.4083601495482032
-1.4619222954415896
1.6474752535119177
0.17559930292573467
-2.194434489084019
-2.170728561826535
0.33958463754427426
2.0342866671358664
0.5244753753699428
0.7496233126689731
-0.5269306572519348
-1.6585032970141693
1.4700265504362233
0.2038903265403032
-0.07408975369521592
0.3387433790590848
-1.8463713498927423
0.2987498074913526
1.6712187810405421
-0.422374656749954
-1.842494281106923
-0.4318603055578488
-1.0721744015143169
0.4983372312158094
2.1428343399866137
0.1613324146239451
0.17018924122287216
-0.891414648258597
-0.9110814603001802
0.5703917964619571
1.547520742905724
-0.9784755446219601
0.7100637210412143
0.23677205347692445
-0.2320562790967251
-1.2681165630122597
-0.42545859234229916
2.484005156224562
0.12730179231164632
-1.6416418871849414
0.7741209770404904
0.009190255194480745
-2.3285788505785847
2.624027172109606
0.9734662330785459
-2.1111955945070195
1.4730422771597198
0.013301072738145625
-2.624769036411962
-0.26132859050651724
0.7327105873525717
0.6409505191342504
0.4439598222758293
-0.031044233610262623
-2.1174274598864535
-1.189895803028338
3.058950249183148
3.257832535429961
-1.4114793353441073
-3.444804685615903
-0.9762012099906685
0.9531159729987088
1.4384561757939263
0.0680475383276069
-0.37562578792221907
-1.3299833099360834
-1.0109626226845232
-0.7098415364230468
0.582538258312604
-0.2414419536715815
-0.23098949516093864
-0.2159719386160901
-1.6487880873077734
-1.0782881754453733
1.7976604197065575
-0.5888276211829016
-0.10286455691923924
1.7552824310366884
-2.287678376239278
-0.9750576138544406
1.904315179958172
0.5064794492087561
-0.014784097703941623
1.1326461412715056
0.355624842161953
-1.9846272921105772
-0.27689959848968226
-0.18677023090083034
0.21892316857296995
1.46554924346679
-0.5926161866348927
-0.21970769752323216
0.3842595514864915
0.45598006230476273
0.20692941689758454
-0.18936701061129496
-0.40967899704810606
-2.011722002013174
-1.172996607957049
0.08602815811443998
1.9296470779121386
1.302775910486718
0.04681048572993213
-1.7896276835746465
-1.8108449953594357
-0.4390028993417294
2.2998677712684916
0.3629121284177005
-1.6322415475044225
-0.8456211660077435
-0.4228159151037415
1.4876439572584605
2.065476649613234
-1.5798240662748477
-1.4915402506138273
-0.5673220275689888
-0.2665353279789652
2.246909426273821
1.6163554007020176
-2.4397215765339877
-2.5731162869746846
0.39277998556571037
0.36890089181855856
1.8806682337187661
0.9293164519580639
-2.0879149879113394
-0.4609261678655827
-0.5315103159094552
1.3154304038637532
0.5412117533604954
0.39937420218694986
-0.5651460305271011
-1.8826673912402752
-1.0828867513882878
1.8675045800786083
1.166951305360413
-0.3884854916970721
-0.10878500838411147
-2.0646190828605713
2.0105393610746676
1.9302809756983745
-1.4001237496392394
1.1916908239703323
0.4305217906307085
-2.5807145287565403
1.7740245083548032
0.14565849619064875
-2.3283878346743014
1.5569531889950456
0.622782994550316
-1.2742725779683814
1.6862205396984362
0.8860930445232645
0.8739950118862714
-1.5243735676527213
-1.4288367527092642
0.9397674418253219
-0.5755491993718536
0.46168319287959153
0.6105607777119579
-1.7252286726315749
-1.3281340189369915
1.0859483668534122
0.9665794963574003
-0.12469705547975218
0.9673843209501594
0.7172712699476957
-1.6293179841512413
-0.9190870953754747
0.9002338215670294
1.328172482156593
0.3099880286108858
-0.6488954069272778
-2.211327764286475
0.150751935632098
0.01695783931453787
0.8533231458172029
0.6272434333409824
0.4983349423509327
-0.5869727530619508
-1.0855941165449496
0.800248530103336
0.3053570969825477
-1.0582756028435907
0.15905361298389176
0.9598900470130776
-0.22566697441746103
0.027196703708419423
0.1804723554323043
-2.137893102199332
1.0514461714867693
1.7151987775450612
-1.0811302945021073
0.2190273882558686
-0.45967575785427417
-0.07128325621771303
-0.336275926653935
1.0143720199327149
1.548615707244122
2.2238715313544786
-3.7905392020678743
-1.3144382000142238
0.8865763097661208
1.4899117116828275
3.4290269044181834
-0.34844813403981534
-0.8528382650775377
-0.15931155758988436
-0.4561310779955726
0.24822019348492488
2.3448963921166674
1.7517477849303855
-2.187103486876211
-1.3718262063589273
-1.632357069965602
0.3949328337790765
1.7956211863829985
0.6624231711580543
2.871508949865554
-0.6074777430195931
-0.852418267943595
-0.36203812316786843
-0.2762803698118297
0.10379208250987615
0.7041480868505418
0.8067973855759556
0.39547962654650276
-0.2808902893295097
-0.8499438526567207
-1.812569317743065
0.7134132079759314
-0.6500067656799811
0.17178023565301576
0.6516545437250697
-2.9637111129973337
-1.3058861119758496
1.1714615624053353
1.5696114719404008
0.5585693388264578
-1.3045304154632746
-1.6825140251063475
-0.8349124381226354
0.35261290529605616
-0.09067988754028411
-0.7775103306912252
-0.10979373985731133
1.087515609692478
-1.4968296780124077
0.4678757753438123
3.00643162334743
-0.23842297893475628
-2.07696346039695
0.009957701379641984
-0.016635442312632087
-1.0065194846985288
0.9225465212828462
-0.8638739881419875
0.41823620259112815
1.1194474630057392
0.6114047299720984
-0.6160777338405377
-0.9349305581026692
-0.7934595926751884
-0.8184408890730329
-0.1286453875104835
1.2530519329892726
0.6005411019776061
-0.6112721872490976
0.21485454985956814
-0.09933099929859254
-0.40901318486886307
1.0229668081665158
-0.9467875189178111
-1.4695769439767148
-0.39275329355393573
-0.6134568542099563
1.6816531208877956
-0.4299217234475905
0.24414657282778873
0.26738613263045685
-0.7643718611885816
0.32408174311755844
-0.06883034692095474
-1.2577314434616433
0.38253629696870717
-0.38237967802130757
1.1244056648459142
-0.07725363000270768
-0.10451563546815412
0.9137311934318526
-1.6468549942974309
0.1576516087871606
-0.2285766547393302
-1.674942751021385
2.851932885534553
1.3782968877108248
-1.2387250779951342
0.4288647746125277
-0.5364847204186012
-2.1347170462487974
-1.6825161445411725
1.2660834219355188
2.3535988806587405
0.4747675068165361
0.8555860807891074
-0.09577867829299747
-1.5993078123478104
-0.37722893433471594
-1.7111934686019774
-0.11545590621495005
4.058677420750738
1.5437718645329497
-1.4926076859996238
-1.9905010719341698
-3.5421635456618072
1.0645470152751515
1.728084418602342
1.4299354303866023
0.773941233094339
-3.0043423069441353
-0.7788625369729251
0.7249653341550139
-1.8084865614173493
0.5688556556457448
-0.3339393007764686
-1.4562632669706828
0.6659010734624449
-0.5075477924348946
-0.9297921000990796
1.5667873497321054
0.17296772857421538
0.15946540484034888
-0.4551198117776977
-0.08116274256951383
-0.5067950407014493
0.4488055023729254
0.1857984106143195
2.901482121512591
1.683221088864315
-2.56032547146397
-0.0906558549630152
-0.35031081425229693
-1.088335190377704
2.10787250970409
2.4641013803380027
-0.2906528436378729
-1.1033142093772534
-1.139007293955577
-1.3422706454758875
2.372722623341777
0.9366408834630588
-0.17344086842500694
-0.18570595428576542
-1.5644259020041795
0.6305348428698958
1.7883229186313652
-0.5064932657312243
-1.6620507273075593
-1.561296613985107
1.0459216889938958
1.6554467176601242
0.36617368626060287
0.6318371301545319
0.1967952533977959
-0.27395894264249376
-1.1749674477008059
1.922004060278062
-1.759815173498684
0.020701139756583053
1.9845390297252128
-1.0677052878594246
-0.5616193478853564
-0.36428549337345295
0.49350779785003884
1.3221034289819564
0.2774209957812718
1.5502912073339739
-0.9040172734718253
-1.9464739218919966
0.4674621533238148
-1.1132764939478133
0.10635064613827606
0.11933236566639582
0.18452399502544198
1.4429552424106018
-0.004566101053122662
0.5252896818306163
0.6643801030686014
-1.132268745973971
-1.5685914897574509
-0.4676458875901829
-0.22220724842845618
-0.7891918330775969
1.2582405932345722
1.5714029941390606
-0.13686415243237177
-0.20241915799331087
-0.9089796583564889
-1.141565647320482
-1.561787085251083
-0.2333416355178901
1.9222544349276216
1.1744237671154367
-0.08562169219719268
-0.4226976885296403
-0.04909513488426176
-1.7469704603221166
0.048650526343010585
0.4156589405658866
1.146108387040857
-2.1013611055493344
-1.484662617571877
0.12112540805485494
0.26230819113850135
0.3262362182901142
-0.7637161355875355
-0.23094947255190473
0.028517239389292293
1.8197427843965943
-0.6321428855293171
0.8446146107073589
-1.5452826628053953
-3.250785241599833
-0.20538529191245325
2.170488453386361
0.5996394645151418
-0.06600426506516188
-1.854228233401488
-0.7655581607897919
1.3543661126417241
0.5208168469281708
-0.5135467620702513
-0.32825743527390444
-0.030781245442064176
-0.6625881633707821
0.6826818409728982
0.18745110889705846
-0.5113064699763782
-0.19133516614059723
0.09544048127176816
1.0765897960062214
1.0292508882062115
0.8241329985903783
0.010773967284449792
-0.24756196862667257
-1.3085661052731634
-1.6296420476918196
1.2082606107972529
1.0034675104150055
-0.0763534574804264
1.5830831092614477
-0.6609591417519863
-2.3994623247057953
1.0481237535524723
1.1678968690373313
1.7259553444615376
-1.229901897332606
-1.9197701430472445
-0.9973660693208666
1.7644362024927105
0.9989966768703407
0.2467586044438953
-1.105894084122554
-1.2880242658746779
1.1585003383857175
0.13288717939337047
-0.8553821173380848
0.7383327393088023
-0.33681634516729003
-1.0967715118723198
0.04841142564042655
-0.9471639358973836
0.0006683433668052685
1.079940481467679
-1.3830110026488411
0.6202724023146845
1.3838409427684446
-0.35595606181911965
-2.2566989610777
1.8778752538637438
0.9927375344515774
-1.230726527980899
1.3278807761914297
-1.694006774053129
-0.6669470931897541
0.5694161999278581
-0.5501697093543721
0.7182355565442343
1.152839638277733
-1.3282507610019727
-1.130139185789633
-1.2166716252006198
-0.7847305670754234
-1.0299997256034286
1.387420910208217
2.220075765567518
-1.8432292161728205
-3.7570764314536884
-0.5205904307212821
0.9342613893617275
2.306599059157941
2.202381715781919
-0.3880592674952068
-1.1822720105635922
-1.402126799023933
-0.8087024053199843
-0.3265188313269305
1.3552869987677567
0.5361020296822018
-0.7507443253650636
-1.0565190719918505
0.9207748776434339
-1.8352766706010166
0.9548350755772375
2.468895396647641
0.5401639747018153
-0.11352671295692546
-1.0119999595427056
-0.12717242337042678
-1.3305184921402478
-2.33198773597913
-0.3492561973152215
0.7635393434259125
0.018750693531101148
0.6156196109773329
-0.5136476273423218
-0.3952424822500167
-0.15776687367114672
-0.4248435715413936
1.6740853399255542
0.8475656528079087
-2.9348715450347296
1.1974757007265127
1.1907040041065007
-2.361305984851356
1.389205670938486
1.0264156084119227
-1.9535964465908346
0.41475840774265077
0.41033379627411526
-1.6389202028791177
2.4693902708795603
1.6519296455996884
-2.9363687459405616
0.4601043742403469
0.49082084810346327
-3.381214246533535
1.1665735678013374
2.875642580965793
-1.0805522836251875
-1.7018006495862237
0.05477774262473485
-2.35181355155425
2.4649220321285394
1.5334220100554852
0.24130837059048527
1.531372168017546
-1.7417585255286523
-1.362378839832506
0.41197696383936633
-0.5917923905666472
0.23539365491771458
0.8268170172286085
-1.2660387802815105
0.8554682828723521
0.198108475425132
-2.1726701592667554
0.7371367481439027
0.7686319285777448
-0.4438486259274514
-1.350348161673438
0.3500911066615121
0.800378586358666
-1.7177850457727997
0.015984567160526264
0.7703025734015287
-0.6052555766946526
1.0417137164471928
-0.884540017142554
-0.7473518917162956
1.8619419697964832
-1.9711316610242908
1.0526980995972097
3.0220791794063326
-0.9812191039797157
-0.9795863769060018
-0.2772484299718098
-2.139082444034989
-0.8534337594554323
2.1164256852170995
0.09740243234190715
-1.5917618949850414
1.2984378531523662
-1.403540701117227
-1.534596701699545
0.8512269666015975
-0.5119231819652224
1.5230041423398442
1.1236394973850994
-0.01835790420069605
0.6126330448748781
-1.8869930152129228
-1.1863671720483306
-2.290258998784237
1.6000732629025132
2.2032737052210565
-0.9824797223159311
1.1842923576987519
-0.31528038295904953
-1.0187427796745512
-0.22054444271315976
0.45969109173696787
0.29214361358185825
0.08970853583045901
-0.5803439344104594
-0.7535468701542012
0.32946029717789604
0.35901389332569816
-0.13521768941998275
-1.159042934549036
0.5546255593368145
0.9854342924807693
-1.176483028012484
-0.2984044836450857
0.11126198478982871
-0.5795572226207113
1.6603854898307857
0.36458242574649014
-0.12349233271969229
1.2199863385437684
-1.12269668716081
-0.9909397247084872
-0.47687206971187623
-1.3846844712567141
-0.06285944230195739
0.3601700026658817
1.1332024203543285
1.1964904882003138
-1.9333044327225737
-2.381610740488451
-0.497432698694779
-0.7924830398988032
0.5732501760326848
2.197349741913662
0.8099052728668363
0.17339409782485538
-1.4137045240328812
-0.7298077206128146
-1.3805591583004873
0.12550277246541824
2.10604129440049
2.5446173088552224
-1.6258409264797786
-2.2961393132959884
-0.9023761533133203
0.38338948127514694
1.9349498615393548
0.2783681969448124
-0.8725457931807079
-0.19529184595035695
-0.4793451007650599
-0.7378123998169462
0.8630568859528225
2.0359486455817706
0.6303631626833164
-2.3511285568712026
-0.9991516701112457
-0.8520405844883085
-0.6968657564870356
2.7594079651225796
0.730663580875865
-0.5264721962208478
-1.8489330455460502
-0.6031357077372382
2.3973247248438945
2.841396124228892
1.4005054037020268
-1.3724826134141872
-1.433253296264201
0.5785435174096076
-2.251013340988684
0.5395169835242736
2.37247789950831
-0.30960159792359143
1.9665663478021502
0.7485338990868583
-1.5279354638257283
-1.2845708591553482
-0.8926872467374339
0.28464000008862456
2.0333498997230155
-1.5924398779656541
-0.5916224358082779
1.7139624099014783
-0.7691575330063289
0.24015833689761373
0.3075815561641736
-1.3599165107177644
-0.40563687879290206
2.9058539801910417
-1.3065786820924048
-3.228620556327899
0.555215788720575
0.761523957944544
0.14030017544222403
1.76514549864926
1.5177108855046075
-0.11927628560236969
-0.6881671277254312
-2.2421015325103055
0.8321073929401892
-0.4433591660715277
1.2935121667813294
2.826062159436569
-1.5678804193526035
0.028959467525586202
-0.22388109121913613
-2.326341464476406
1.6430052856876465
1.5664311517063516
1.1366175732561747
0.5198214407381927
-2.738383334916105
-2.0136991618808233
-1.8720456266900656
-0.7653847655735607
2.711825101473304
2.4919244111942644
1.1716023628939365
-0.0981859143193039
-0.8826993407868355
-1.5259492107890276
-0.1412446852430269
0.0028176015263862153
0.8155583451636627
0.7276531923686318
-0.7450861806234548
0.43106518343815964
0.3880842560021627
2.277871874900357
-0.9968038153814439
-1.706907119182978
-0.32751163186254134
-0.9651644016521079
0.18939091770683525
1.5386091676459464
0.3122340630163765
-0.6379949993738278
0.530841185288442
-0.4884184614750085
0.03864225381574404
0.9974891078654653
0.23897508145281543
0.2281923186339489
1.3343619931363828
-0.7638169347560284
0.24009521194827377
0.10007770586970732
-2.17591758365191
-0.5594653350990285
1.68035156335429
0.13631589366681596
0.6090587075275882
-1.326281558730446
-0.5683473458306966
0.6840432538473314
0.510893682441266
-0.31254397228224245
0.5348163526412752
-0.5516216582633346
-1.4081968192228103
-0.9192957743416522
1.0398052111140963
1.4039603075583766
-0.14003471189715805
-0.6086111110539961
1.041782134841763
-0.9858026662412307
-1.1871544165626409
1.640596229862021
0.3667439397808023
-0.7355751393003229
1.5847002722662458
0.7490315399963988
-1.3578797368833608
1.0974268141731873
1.1871319113851926
-1.053331945312749
-0.8594320210413224
-0.9235581346330999
1.5351082526435988
-0.19461287222042933
-0.7616428519336486
1.9555795355434418
-1.4636798923521832
0.585671599142922
0.4443296097145851
-0.7670812392875432
0.12525682417344042
-0.7943533109219553
0.5554435389996468
0.9637986720137767
-0.858361952994034
-1.2311421337579522
0.1312662300274722
-0.07116620729369036
-0.1631276402678784
2.4819518375442273
-1.9957822442087298
-1.4330814060271808
0.4649048985339783
-0.15453652086029956
2.1889580729386533
0.2910761475698259
-1.9824390388655795
0.05060503640265443
0.7641164239349145
0.19916339460679372
1.0535216522833644
-0.317986706967704
0.32060430238896265
0.21161395497653432
-0.37972906510896826
-0.25342025904512516
-1.4023086592673495
1.3070220485560928
1.1263342954540294
0.3906199252968492
1.3241944845176081
-2.1704029197195016
-0.6313513702620747
2.5617779901210214
-0.3665311850925083
-2.518220946476883
0.7109337727282752
1.0048760970344315
-0.16889017343133256
0.16392645512553594
-1.5745134662274278
-0.31549239680349606
2.4788789948657763
-0.5448897560120505
-0.853081290000056
1.2814149656489913
0.7477314925181435
-0.5428016330776096
0.22964007536054237
-0.6908013895960994
-0.5650313885522757
1.712379301920166
-0.3916914671728772
-0.5331782578022733
0.854668050287948
0.10216505077639126
1.7987263493209957
0.006997197504976849
-1.7908160153170272
0.23860044198883051
-1.1949662878860603
0.25639385004355464
0.8006368327626104
0.036724875856250644
1.0900214179229875
-1.8883013742642891
-1.9549645154307136
0.9516560061224566
0.8216625519923755
2.9303792446387247
1.427724514411933
-2.5482469049840955
-1.4166841339213445
-0.27574687500440725
-1.2056645391629845
0.34466704241294654
0.7956046417278679
-0.9570853254316821
0.7847780054156291
0.30948699843508315
-1.2491481860601725
0.030813157629094035
1.5218193528078396
-0.8822983951353336
0.280039077959228
1.3756013646303362
-2.209282836114734
-0.12695544010544307
1.563943415349373
-0.05269483359159943
-0.35451691120604145
0.4668640624078678
-1.7708099194031226
0.8516377645107638
1.2770067118846358
-0.9658524895249652
-1.772924474805535
0.58029785066642
-0.1621743788435241
-1.6011322403780273
0.7221926940784312
-0.2183364022258838
-0.5173788803260373
-0.4440942406521897
0.24254813332412267
2.4388572257007795
0.8097860841751541
-0.619206434062914
0.7187977888264764
0.722955748176623
-2.2216390810211664
0.8976356112439969
0.571855300395893
-1.6303154002760063
0.17151076161041556
0.8084565430599755
-1.7138425683478447
0.053380885259985855
1.042563135856097
0.7304215612154794
-0.35279721505765005
-1.7110973443726354
0.46799844190916623
-0.389023916069552
-1.9243051660797672
0.5052387370616687
0.7100472039281278
1.0185678981161232
0.1969674680776246
0.22173245291544652
-1.2215983943779865
-0.5818280399726774
2.359417398072406
0.727379001363996
-0.4719472328784098
0.7921814224132384
-0.6799665467306649
-1.8888126018097668
0.6732421440465036
0.5014051678141388
-1.3312610390176651
-0.22205809563853407
-0.5838172007262437
-1.9473863170242438
0.4096892378829472
-0.48350706537984567
-1.126162095640684
2.235294941595483
0.1830172174877752
-1.2384220367605832
0.9561122321268396
-0.2079823196389023
-0.7844811129300994
2.669860075465004
-0.8963950632053892
-0.9498317548983286
0.1472688239469282
-1.6912499814797888
-0.13352320719821287
0.05795596730574215
-0.2806687216521131
0.009286016374908113
0.6237962736467569
0.4024699024934244
-0.5681388354327794
0.1960884051281116
0.4378708644002232
0.28969269100980255
-0.16849940229273275
-0.557284031100738
1.8018490797675357
3.0388560787211785
-1.2130800046541488
-1.368744369222149
0.8747562819227709
0.053780498999493664
0.18284846021216314
0.16179045083993038
-0.6520021086895516
1.7670299877588165
1.969873414124761
-1.2751719772440657
-1.9457628559289348
0.4836649030971648
0.3182657273242925
-1.0043455129525387
0.07147467250435802
1.7132423516530944
-0.5070297231798326
0.7958174077584751
-0.1720083641342114
-3.100006070459009
1.7674757479147232
0.8732782165483925
-1.202146328663449
2.565405444884775
-0.4262970382459543
-0.5938089046218689
0.36194228430656633
-0.5193647556639036
-0.2286023706775831
-0.004466910774649224
-1.3369581952875773
2.132031630084075
2.9648755407957768
-0.04672211471621801
-1.5988804402061347
-1.0376241155070165
-0.771291709175084
-0.9005429072491858
1.4061467301078727
1.9128115842293747
-2.034589748541778
-1.0812926750512775
0.8381953536355218
0.4273775688023249
0.2723057156312794
0.7356693306462998
1.139513569681264
-0.8431488322175756
-1.5324549148491013
-0.05260913586636398
-0.4762015823794694
0.6861210671241775
2.343922341438242
-1.1012848004367064
-1.8727995503821673
-0.727864452666797
0.4938931740372333
-0.101559232210653
0.023345555744640478
-1.43685826672571
-0.9272837579696471
1.7360630995592765
0.9096774979068215
-2.3895609211692284
0.4672513366725625
0.4451592754651329
-0.7137107695871632
1.544137936410428
0.7243846971780347
-1.2005524681486817
0.4592773538452046
-1.372800498327594
2.203541621653598
1.1596860794324095
-2.516175608005032
-0.4382363381588311
1.076382571428644
-1.2204368331352897
0.19904284536512995
1.9871676511381524
-1.730670472219401
-1.556260628654281
-0.38455375299233263
0.7875446576086585
-0.577167186219623
0.6848661063528163
0.13412286995255485
-0.9418900762113814
0.215249890676455
2.4284883516723776
-1.2934683947938574
-0.907558856310066
-1.6205576202085572
-0.8742342543620518
1.2671889725985346
-0.9116176115847933
0.08366503757777316
1.0078268001485775
-0.5465115448211902
0.08107585066764636
-0.030767757806762858
-0.005053516687719584
-0.20930109600661295
-1.1304750339692413
1.0435320739966838
2.8788090824592207
0.3614995460552977
-1.2088252130131918
-0.4404113506395972
0.34734356065301675
-1.5500292913255995
1.6924910759581862
0.7342541164936316
2.581959797991322
1.7148160077232475
-1.4284600736170818
-1.07060285057758
-0.3108995477825565
-0.4256480799684231
2.668056675169686
0.3927252674902157
-0.7906430842555006
-1.5006151493227653
-0.6521872884038126
1.4560974091942303
1.5588258558050132
0.8770456518992489
0.22584316513374497
-2.505629017246518
-1.305389010140214
0.8505599908800326
-0.9745739489752142
1.3452345007363924
1.3456213772375438
-1.817607937124115
-1.715142429418823
-0.12388928738118132
-1.2357152331161587
0.3248314916815144
2.054427747262891
1.488511315842032
-2.5581187998329398
-1.0214898147084166
-0.0712396433719037
0.09723727415680189
0.9827361251607363
1.557474742332828
-1.2741141325040477
-0.32135394921985605
-0.24792502369657188
0.48764096126720347
-0.06749477417118721
-1.3132660969313683
0.3558134819362587
-0.2464092962355936
0.22371338858921636
0.03155923834793717
-1.1384641403364166
-0.3576058826262061
0.8053208472385605
1.1625047156182229
-0.03186195864679947
-0.8651305787008311
0.010446117516048847
-1.1906727860079585
1.576546660994116
0.9111967096765499
-0.23307356669634505
0.3964297349365591
0.27735984736798414
0.47476112472701315
0.40527319640296416
-0.24102921887489817
-1.702883098371221
-0.7737364251850234
-0.22266396967008184
0.6392178937219408
-0.21050918871760194
0.895860272030828
1.4164669511621752
-2.564518042247163
-1.0848173853782717
0.07122555712431822
1.1075743493533032
-0.29046768148327407
-0.4562100796897844
-0.6349716564928998
0.39706106042670986
-0.5274448544917821
0.08528794578378973
2.161986733939096
0.5769215645183868
-1.0591567995731361
-2.4854054015046043
0.04489833216683059
2.029978390147953
0.6245161628810947
1.4145998252611807
-0.517977537696825
-1.6404239737005124
1.1427193908749693
0.30278631829516955
0.6493827523165318
1.0363433362135528
-1.136031789073031
-2.1433584110887836
-0.06051416410419991
1.6435358304097418
1.1253663980630222
-0.290513765918622
-1.0024527411005737
-0.8505910543355052
-0.7911992144749225
1.7922074488984974
2.5180751525307006
0.2964849389995797
-0.13520386888441693
-0.8810530903178311
0.45349899348753575
0.14976815876044208
-0.7251285891163359
1.8885661692875542
-0.01670004131706257
0.3052193400167371
0.963478954183765
-1.5935808836962602
-0.7218092524490417
1.7929708378008935
1.2045334738584081
0.47484132744484864
-2.4761882689885493
-2.0006375688334517
1.8497792055753384
0.8094514780426426
-1.1255012512439733
1.7635767120631511
-0.35441795400181936
-2.0594504273697396
-0.7306234103850717
-2.5082367611651466
-0.958783217507324
3.485005629671017
1.7449385033565108
-2.021584029321277
1.176014905604981
-0.27890486738444387
-1.4537505501473516
2.209806374158196
1.3536780478277675
-2.3763350364629914
1.4131832674928222
0.06679661258661385
-2.767609772736485
-0.6484108438351532
-0.42738309047258305
-0.20945719938223223
0.8304719821284304
1.723136462331218
1.2491276006729632
0.35315175725058634
-0.6266167303778429
-0.4946236785740983
-1.4141138342750463
0.7923074745932794
2.751138855299054
-0.25114523054761134
-2.3589360646961985
-2.437268751593827
-0.5888115709966546
2.271620988749431
1.7433246921933434
-0.09282528111590838
-2.3502663128827086
-2.4926836292541843
-0.3815857098010812
1.783646249056458
1.007761633750136
0.7371872776376067
0.6615126170858636
-1.3363941063093616
-1.6168047334831144
0.9975105368478838
-0.19429884437341194
0.44492106243421586
1.2755854938061342
1.6156182645005064
-1.8527530940336032
1.8744727658758653
2.769753620413758
-2.1020092166597086
0.12583263153585922
0.1401118959881768
-0.41527232593559016
1.3966985401758043
2.350599473620385
-2.44107902820263
-0.4806579683139871
1.8525282492457629
-1.5440082706953988
-0.8999844379168808
-0.7162337914429939
0.6707539862468359
0.10592372589161547
-0.2863470466842736
-0.21210503528109803
-0.8947066193113709
-0.6473772538347672
1.9819599933848056
0.06350920515729397
-0.262750100115657
0.9333681002503676
-1.0101869039064861
-1.1181984944971064
0.13939805203824307
-0.6665684473358335
1.2003440229169782
0.4953755708309252
-0.8633623974951139
-1.4378220021927044
-1.2455990979259226
0.29359354959930994
2.041074542707597
1.4710127878430805
0.3900409791346551
-0.13514592280805826
-2.2722988420382557
-0.5409799169746566
-1.3555909264284598
-1.889060648263156
2.447426977220638
1.6043475147343451
0.2803361577984479
1.1617496898117405
-3.461132449826489
-1.3682082498222923
-0.048489564591867707
0.9437963872092938
3.2107519294369182
0.26875746171863235
-0.9980795786275124
-1.4868607225862032
-1.5706497312157959
1.1440990727100884
2.0995079976422595
1.3183940757271317
0.9013403752472173
-2.4624819924645918
-0.16844620691401802
1.642159447124244
-2.563539201595404
0.7926175595944729
2.3359388216546852
0.03340232925406439
-0.5006061790473183
0.11671176409597106
-0.7412735665069867
0.8254367017682525
0.5119594013622415
-0.42554256811251573
-0.30819561612371726
-0.7369584613264483
-1.5622384040245807
1.5846909411825123
1.2156861699605073
-0.18078853440973638
-0.09664587381228384
0.6653408381990076
-0.4602706351488795
0.11386480363254292
-0.5215094237337903
-0.4109489728472645
-1.2479976374296196
0.05943025051177153
-0.6444163178549827
0.9553694786500988
1.6691078433996336
-1.2717446485684787
-1.1570215184165078
0.6703842492213042
0.2194443053486656
-0.16183418202748062
0.34370939979710724
-0.1548080304687395
-2.4402701392411315
0.08095633479341445
-0.9499017974556696
0.5208400390602881
1.6010319928710732
0.08271130901216539
0.16748812957574172
-2.496244286264366
-0.7566274106291856
2.2480927697323434
-0.7154727853683693
0.7572600927717618
-0.008552075379130497
-0.9684483852914028
1.935824248925066
-0.660899322494735
-0.887209293780579
1.7634086328410443
-1.6950563077329546
-1.3800589254406788
1.7847184924286523
-0.5197247230997074
-0.6782588943592835
0.6486211041707683
-1.198963566989645
-1.472773830654737
0.15605431030346673
0.7124720100790816
-1.0244820490080018
2.1677611201534557
1.5496013735462135
-0.7647470115464716
0.48210694941485155
-1.1870056859008902
-1.047481847764248
-0.963283015225408
0.7389402537644467
1.53109178078646
0.9019468266049447
0.37215072605777594
-1.0187836909315107
-1.851492931970483
-0.9716621930642519
0.15741083608624828
1.1132637921814292
0.11396842299623833
0.8225009141190074
-0.027395835991182685
-0.7283630940936338
-0.5239352035252229
-0.4194519998158854
0.983443423996798
-0.509049607165866
-1.198948484220322
1.9864680403752655
-1.6063692198005968
-0.7533914226620678
-0.05510325819538231
-2.8443044639862336
0.5722462425211454
3.392391789756278
-1.141335251348499
-0.5248562610190268
0.6340452191924151
-2.189080715098648
-0.9501781595340848
0.5377056702888415
0.7729221363994291
1.5158907727886664
-0.2824461846708747
-1.7330437704327666
1.0106735019903996
1.4505829088939148
0.6538336326081036
-1.837037326234275
0.517138476263015
1.1701991201249458
-1.6365079684405235
-0.2312405119530666
2.6181450778654076
-1.9164316232076781
-2.049627281256127
1.0592383155031422
-0.5654090419100766
0.6715638217120059
1.5664497082233566
-1.2512988293841443
-0.6835987888662499
0.39088919755884055
-1.9030585036327798
-1.3856682741853596
1.9837092529561797
1.2429857891417402
-0.17328811294728483
1.614858389650737
-0.6683388606350525
-1.0905428254311045
0.6224758299793911
-1.1182161616213326
-0.7908704319532385
1.2350049494268693
0.5035131713353607
-0.11186761978795733
0.35999982025950017
0.5312231032270136
1.0735426844331004
0.9662351857625251
0.07179169151211429
-0.11642415315427201
0.23088684399042458
-0.12108403025204839
0.8151117590817041
1.5432691100999931
-1.4536551633517858
-0.2933657750417932
1.4711464299349402
0.24858498578057642
0.14552765218869274
0.17350569487342593
-0.14538691647264812
0.569703524454379
-1.0689659744044793
-2.358432850400689
0.5328622113378915
1.4005190792608344
2.452263858217761
-0.04294522761619268
-1.747257050352714
-1.158561932699558
-2.7364085367158006
0.20892248146142278
3.5626105959828323
0.2133812106592753
-0.8732470838945261
1.797552542650506
-1.7616094931871105
-0.3386158273069044
0.8725857536187371
0.5248833421061322
-0.40307582801642183
-1.2063855230882903
-0.2180841456491545
0.6533350176327894
0.8255974015451881
0.5615064345174305
-0.8155237907570826
-1.0795062117997407
-0.04514642987126944
-1.4915397984350236
1.0793112992460876
-0.12153908863837892
-0.4317092820357402
0.1276052968227891
-0.10821175913781483
-1.0768097612315832
1.3648775359003031
1.6165908875740436
0.2877594127435812
-0.7030935767901367
-0.7224271300256998
-1.034118788081651
0.2600680062797323
2.8643323906171827
-0.2171596816542409
-0.9707481989882514
-0.7709254848489826
-0.6320259265211519
-0.5096236025105068
-0.276764719853288
1.2103938875248677
0.8871808185275822
-1.594495887785615
-0.4587771103973962
-0.5981177465365062
-1.2768125408496345
0.8075914873909997
-1.2424646602158491
0.23053173807962268
1.823136553668617
-1.3724439725759456
-2.1762807583672528
0.6842734446005165
-0.09097131068311143
0.4387938707886224
1.4582833187283004
-1.780144390210496
-0.6600114858872469
2.3510851344722212
0.6938588790574651
-1.2649041896093445
1.0405250628589333
1.5041795039192367
-1.8889444207751669
-1.0495801411270524
-0.387130474944573
0.9326915073117419
1.0887812099940384
1.5406688629057292
-1.5289888578778204
-1.3716119393406991
0.6748717546335601
0.23048795212608475
-0.7087696687853917
1.467711149339927
-1.9749116748622908
-0.08853446617107541
2.252131679165079
-2.1307142914625588
-0.7363328776670943
1.6391168113854295
0.8037794173957119
1.302993744632881
-1.1292971257426656
-1.165112161287747
1.5084185814098143
1.025481832466005
1.731700038465119
-1.6964050011208713
-3.215822494514307
-0.05537558966836831
-1.0276683051095397
1.1060680311045794
2.738899931913611
0.010698405845098402
0.07649312003143605
1.6708428563393254
0.00919152605631779
-0.9511682954784458
0.36833354619772446
-0.573314441855334
1.5706260745374094
-0.22375805308101948
-0.6362437372150205
-0.05964251618691574
-0.005362843398686257
-2.5371372319235284
-2.9828386609834676
2.487294262698341
3.5085577794559826
-0.1339047360950861
0.29033862639618657
0.08779473437104168
-1.8325935854664994
1.2241192800556406
0.579839387360029
2.063869766790271
-0.35193299127751787
-1.0661703615458673
-0.04732153276501894
-0.2373319455884848
0.08782197124354313
1.2342138727024112
-1.4173874562036581
-0.43547382193046297
-0.21277285700416448
-0.4921414129089177
-0.31666575030025956
1.0705961933153074
1.2027207888924785
-1.1860311560337218
-1.4954762267015105
0.0877812398093731
0.26970095042835057
0.5974023565629787
2.4151581992898588
-0.4372149060577126
-1.3056252336797916
1.2337172035826887
0.2801770593017612
-0.46551394067840635
0.01660631339800378
-1.3765691094399262
-0.443819921093906
0.1999221648490691
-0.2973925957564812
0.1991510632440871
0.2769709806665962
-0.27133777466125814
1.039434130925434
-0.8891724734351711
-1.5734328944213825
0.8635417955152249
0.24425146035039794
0.020391472751383012
-0.6512543840263766
-0.5942540401155628
-0.2279892984716712
-0.9437911722689603
-0.5046272165313919
1.422316006435226
1.4549945612388817
0.10221654017631143
0.46817549454393126
-1.134872801895378
-0.2892310271073818
0.07661213511438758
-0.046453022568949114
-0.8616554973836307
1.2303532740452905
-0.24681046894923803
-0.7918545342826389
0.5322696500917788
1.6641818327735993
0.30819094409614034
-0.46942286064636995
-0.4308130706772844
-1.8996847175227551
-1.6736718435268276
0.8462429104936422
2.0881406391801427
1.3881090873535533
0.20209119632472267
-0.9251462831863609
-1.1814062886532681
-1.652379192067804
-0.0778700766066528
0.6211533487757991
1.8318666243656265
-0.8503883616117025
-0.8998983110325526
1.061296721585098
-0.30233734326616346
0.5285653079887057
0.502897849000278
-0.4820931867958114
-1.619490545606472
0.062237040058682344
1.420717150962039
1.3351017339025366
0.9511473365900561
-2.60385614392848
-2.4111992419733532
0.2713632470840565
0.298408725841958
-0.31865990977516145
2.364977702957151
0.394773787408086
1.1160359682618186
1.1964170203748346
-1.028573554985825
1.5878706965932765
0.2732684447426831
-1.2967887964163691
-0.1887884302900547
0.22866257693207392
0.5987648442452772
0.12014334176101588
0.40073221819851257
-1.6791869516315774
0.09296127237842378
-0.07186841720090587
0.03432533289220174
1.5342718497172716
-0.008580592690969953
0.525485118836207
-0.4239816143982529
0.9937619884126412
-0.8660560913599525
-1.8008360777531909
-0.3081263537112374
0.3226748458836713
-0.6347213971937108
0.9271386492559043
0.9586996549478078
-1.2588221681572564
-0.007001784771379749
-1.4667408914282019
-2.274774342507458
1.0376858316108712
1.417536764387747
0.9379391015440446
-0.20845206980794084
-1.0165361726337108
-2.0352507891694924
0.6795733095558028
0.3645868677367152
0.1928278960963016
0.6117523919391835
-1.4333424558277612
-0.37362131982953084
-1.9489055483569677
0.7749012264233199
0.6219542358136576
-0.6814372335796357
-0.08176003994602477
-1.267838163248853
-0.5630898351409166
1.0203982770718478
1.4430512326674507
0.5571043815921864
-0.5605646039538867
-1.1950816578042462
-0.2971508417703616
0.511047686525447
0.28651438805760343
-0.32648783328294184
-1.0310842615540898
1.9046750964686798
0.170909282530035
0.6003438797451102
-0.11748298575506061
-2.4073399377164675
1.2978246870597163
0.28191514610561474
-1.7252089156255077
1.3029502737585146
1.3351359011700943
0.1470332985927172
-0.9702683015233275
-0.7538607838838604
0.28995185205965635
0.3419490244248659
0.47444396557692103
0.505849891872294
-0.9289012408180466
-1.3563370852600976
-0.857429162329709
1.2506923628337603
0.9078654768262132
1.0233886215987282
-0.1401308241117235
-1.7587521470625758
0.7828032406584916
-0.8328318711346179
-0.4123018480646477
2.5229980069539786
0.44912336012519394
-1.4480308862326723
0.4404228638116655
-0.8183766913390105
-0.36754822398069675
2.752361125146373
1.40208704610514
0.23153217522235747
-0.7825650750906906
-1.23305010234261
0.4292957221010267
2.0786975954581197
-0.7939222239460876
-0.05511295614863626
0.9854103431395818
0.3373538252451993
-0.1263606691153083
0.03597357821527494
-0.540648747512424
-0.75598326097597
-1.11518009099622
-0.9460354575870416
-0.2677469036967397
0.7529639511800524
1.9711129861424652
-1.321911843313532
-1.1773796801134582
1.2266085457855855
-1.4957245819663514
0.446947712291753
1.6643554561620126
-0.8743603330455595
-1.2063413708164998
-0.30919454056620654
1.0079533682023982
0.5355308197620738
-1.1908917998306503
-0.9293127201478313
0.19108168675533607
-1.1414682768022884
-0.26803909023309774
-0.04840185194678548
-0.6434512036985544
2.2936642089247306
-1.0051404371502435
-1.2548087235809817
1.286355518131971
1.240233997142429
-0.10355213711477884
1.319414141448091
-0.5999989474246656
-1.3269010414016513
-0.5333062314728709
-0.7919410033055564
0.34454291117591945
0.6921799081710425
0.03393827879715751
1.1484470832139617
1.1171226004774253
-1.6726901037888653
-0.13159687033165435
1.3237022644105556
0.7460301252759447
-0.8759402167264445
-1.0571584733510402
-1.0393072210034
-0.8461045520969865
1.931728305287467
0.5196869311774327
-1.4566488022863453
1.5506124564235566
-0.8006226282953585
-0.8789872376961637
1.6887479741807385
1.8208465445804534
1.0969525539310157
-0.4363366287775971
-2.117878228309107
0.3996391494848941
0.636361226012466
-1.0039721960196482
1.7018630947175553
1.864005076744145
-1.0839919323802973
0.5117352348814832
-0.3073978243809854
-0.3815776546231563
-0.4222823459847269
0.32209375809350355
0.05637736780823882
-1.0904965207433848
-0.34577734334331367
0.6855052892910993
-0.21957042278999914
0.4670308955260506
2.0255926366338404
-0.3358838348090361
-2.59724938073402
0.15213246855540283
1.5139933709027091
-1.5684788082462275
-0.7680448117292731
0.3964403333311965
-1.1211848006928555
1.371404472194898
1.1802318209518115
-2.388558597082973
-0.8516733981630649
1.006387042916613
-1.3620564661055008
3.166282712010804
1.7335683777215476
-1.9206137676128898
0.36410415906074867
-0.8589988738184429
-1.1570885974098026
1.0061912624764526
0.22897190985267712
1.031541416941382
-0.17612792881838063
-0.03777562135579604
-1.2274557385050833
-1.3072227956286555
2.4658481132637826
0.25823045035970144
-0.2800459081611013
0.9465397471459167
-0.05276764597120409
1.5704902934780618
0.7782731624809475
-0.720875954515923
-0.1247726375763629
0.14505329411655826
-1.0213987724437867
-0.5127246027350822
-0.4220594404433101
-0.69737730987449
1.0225304595761209
0.9235415124664016
-0.31732952121365154
2.4489403854838456
1.1210013623885255
-2.5831216630785105
-0.06340677650197568
0.902829299767119
-0.12083796699986654
-0.2894527135625208
-0.17688618427326994
-0.1645854381436382
-0.8235950856002516
1.5580699764938173
0.39203339777596
0.5578194379935086
-1.4318930065022917
-0.3576119509245852
-0.08160701520845826
0.7456999981913945
-0.40167701824314583
-1.5037173441212386
1.2526847155740621
0.6175330676427995
-0.028260154162878415
-0.006303979757227296
0.28133812097465105
2.334717052755883
-1.0288112492123447
-2.7658737020158517
-0.010418416448434109
0.6046051874932274
1.290422482157193
1.2211904958397075
-2.473416796276328
-0.4532150870192632
-0.17628125822048446
0.020779434816876052
0.35932984597329864
-0.09407249677610344
-0.2780373041488375
0.8906839761484061
1.2638232287877413
0.9002636087598288
-1.5667306830226595
-2.594387330988183
0.8453878883197999
2.7924547290546227
-0.2933630484519438
-0.33329764280415325
-0.9164386987671395
-0.8871767374305215
0.9752808492364013
1.6830114865439219
-0.5754936651018263
1.4406689213491624
-0.8238208314601743
0.01009587726772665
1.011727309364898
1.0819504517626901
0.4542224662508628
-0.1029066466843142
-0.6223395072519153
-1.6164399382683572
0.6415702809835351
1.9473510578994258
-1.2925948435265386
-0.9801232055843904
0.028759949237640636
-0.10818508012721201
1.735291822460184
-0.061871039185938836
-1.4250293973839354
-0.24312543020821217
-0.23415403568050877
-0.6071320333434482
-0.6837388765041882
1.5740786090931413
-0.7216718119696517
0.20137395483988074
0.7281789361874326
-2.6371000838467915
0.012211536874468323
1.6182416012719338
-0.9982423342810421
1.052652904453332
-0.3828821472437687
-0.8624465715722975
0.3408132702758466
-0.16124686074293915
3.132655745712106
0.036439807693511295
-4.091388962224446
0.9869643610296122
0.22635634910671848
-1.1258235629080888
0.09999346589540581
-0.5384714974911793
-0.16910895221123318
1.02360371585201
-1.513792957429048
-1.093912376890723
0.3399418864810796
-0.9596376073302979
0.18197594788194404
1.697061379194099
0.5977516435049195
0.3672750749961987
0.08938840585047786
-1.6125123116365323
0.6732706109185618
1.6971920235373594
-0.055603791571551986
0.2695269973351636
-0.47822436830117265
-1.632520261716593
0.3544717207889788
-0.2736465029096492
-0.03758877284955581
0.7881092827747116
0.25504313085153507
-1.9964990762959642
1.484599025232228
1.315441734617754
-0.09373467433213878
1.19085039708547
-0.5499854882379875
-1.3154649841424217
0.38709688498071554
0.9282269535653662
2.399575625545471
1.9577192603562956
-2.0725342498863855
-0.9649273126002897
-1.1083010292615418
-1.6760142230491648
2.7762775532125135
0.8911783519805678
-2.6473053077176596
-0.44000731907173307
-1.2270505714577886
-0.34533263892812627
3.0509442589282916
1.1168831919205806
-1.42486526727057
-0.08131986906332078
-3.3549758874477353
-0.9328692404886627
1.0019628581090931
0.9915300226633812
1.6923046594653997
0.7492613960922865
-2.930216755038692
0.06336258762814806
-0.11703227471166189
1.3481499229949123
-0.495178514147935
-0.3911078515626078
0.6386063992618605
0.5138413485580181
1.1987879018910603
1.237384964956002
-1.5055562919224343
-2.11172287607988
2.2433274259741616
0.8168473244425941
0.7674029945989665
0.3607771109908592
-2.4083564813966154
-2.6786382412808294
0.7395475206273783
2.0873360036839053
1.4065776155746355
0.1201107714872249
-1.9759328687273
-1.795567901545661
-0.7277193451580515
0.3857736938132778
2.678437104876945
0.29485539183956105
-2.898690709399384
-0.30920255261781443
1.230356308477691
0.6163312153595077
0.14226341115104546
-0.12380153024484941
-0.6326771076337557
-1.6912231917072043
1.2076080383586982
-0.0028069626940572245
0.9027197698527558
-0.05541803442672044
-2.1820949038993285
-0.6403140898631916
1.754788681458984
-1.7779098217130502
0.3188980674017957
2.308673377819816
-0.07793595676075427
-0.8432913954579314
-0.9455297357230388
0.06442747992071685
-1.2715250185172113
1.4503768480899395
1.6205544870014714
-1.2329578753359196
0.36747151644262055
0.6814493871277011
0.455035374624741
2.133575012759807
0.08511480793488724
-1.2389167705770294
-1.0570090151288007
-1.2259542510141743
0.0947442487872529
0.030384969490284686
-0.6557182460940862
0.18244034819033972
-1.1240910351505757
-0.11509352262516845
1.5481619664979376
0.33664058968247534
-0.8195070595685311
-0.4934460252464213
-3.710989775558237
-0.028520741104657465
3.050342450290727
1.4246841609652319
0.3346487230117576
-1.2804400183422788
-1.9958007636981727
0.5008177544603655
2.4943065908599302
-0.3525052806452536
0.24795895159668213
-2.418302598826665
-1.1349162493335754
1.2665317954054192
0.5246303053246002
1.407956015310753
0.12739621694476402
-1.762942139115714
0.7321579418257106
0.5393886647440423
0.7587876199808117
0.7773109134140386
-0.8113916801771339
-1.1153546084334867
0.38143866126102616
-1.6220459713313677
0.7048061357376467
1.431812069855178
-0.8505784536138997
-0.0966103826639052
0.8540106935344858
-2.001092350961234
-0.4511212383255585
1.2776827255238241
-0.8323070151336275
-0.831177359963702
1.3036353953809927
0.7394155891372117
-1.0913217815625718
1.0017150503826866
0.2524929896833987
-0.1908354093718415
1.1270534948070992
-0.6656661344388685
0.6161073781680173
-0.22007258979338307
-1.153424467635495
2.254886801553438
0.30411412783055997
-1.580802755906343
-0.4752407205258763
-1.1169187791718573
1.0428733045119363
1.5697181691208977
-0.792166526215571
-0.7955271244819714
1.9133565981080007
0.3430490153636602
-0.4935656111940721
-1.7270982111623956
1.7918312320804486
0.12095292482571207
-0.7472326659872925
0.8743644594507175
-0.671366361905742
-2.2590231944730927
1.7307281971560187
-1.1006367709055598
1.1705820807783813
2.6101591148602905
-2.2556907703245512
-0.3545022217175708
1.002101844127537
-1.2065273379239416
0.808091860651384
0.8881620542905992
-0.9221488019228061
1.2512332288486685
-0.5007457159677917
-1.0324735090692543
0.7615204784847862
-0.0743424471326321
-1.3470744164774064
0.4406640903981328
-0.5254858129753405
-0.4131715192906421
0.0459721681539238
-0.9006539775666393
0.5659655995967319
1.9500596627343123
-0.5995668816074471
0.6177177975490562
-0.47581508186359245
-0.6615567981937519
1.4508789054753464
-0.08678859248037409
-0.43681405371105725
0.7338052539740707
0.13564952912205042
0.6361909344439316
0.5712417966631149
0.14708949117640058
-1.0992728761700408
-0.5663327919181417
-0.26891071117269805
0.4429539056232161
1.340747621499025
-1.2630951320659323
-0.926067495293919
-0.15685660308080018
0.38343645001363325
0.0002269290744313368
1.5708079974983045
-0.41559489582756065
0.43737297861901037
-0.9251362798321754
-0.502261410481456
1.32585918217785
0.8004617540794651
0.3309558188575834
-0.47035502009297786
-1.0010446599820906
1.637799736317192
-0.023991672957949517
-0.352203881564414
1.218691120302856
-2.803144732050346
-0.8892432642141657
0.5329889497654823
0.1624469180652257
2.119932918117644
0.7158672377200168
-1.9914618917923144
0.9707358624982287
0.7521959258073629
-0.9533268300758296
-0.22910159265996
2.183796149393341
-0.11080093744745653
1.587057148381525
1.772289592623204
-1.0981235635031181
-1.037940281990661
0.7508845625919096
-0.4290642865551983
1.4364976586413507
0.8461150168341127
-1.57146619133937
-0.647549495719678
0.9043755137352903
0.06866587749864006
-0.18002871619040223
2.0525344282570424
0.8842994832138795
-1.2191703410803514
-0.3624553565769138
-0.1981445277880967
0.014073946462165643
1.781383425179546
-0.30782383587169815
-1.4273908677506097
1.1128408593397805
-0.30662467708382457
-0.6862975073066356
1.3323156396875742
0.11983066980893237
0.48604219312505026
-0.07919505360337886
-0.6250622441266203
-0.3890000417241979
-0.8989370231605545
1.1371687579176413
1.8042892506423533
-1.6648997694281813
0.18570598862087295
0.4944096100531733
-1.036528565393491
-1.584402680221382
0.30386798374917234
0.44936089005250435
-1.7752718964085323
0.10941962633223912
0.6076224393002148
-1.775287996026909
0.367537525521781
1.7236442109981243
-1.0581751912837132
0.40222909084360997
-0.750572932212778
-2.5460505428666416
2.60150722266121
1.0223425717321337
-0.9194650737320474
2.2094958366202935
-2.291052408681929
-2.281729227173515
1.9675335424932798
-0.3103288710907886
-0.4406159750835401
2.1363475668010046
-0.9742333388360378
-0.9477969542272923
2.0104791276669256
0.15162884791336306
-0.6423573447928645
-0.030210821137088006
-0.6752203917800526
-0.942929748196538
1.4831916712628803
1.4427928192645354
1.4325632788637859
-1.920173357056115
-1.8699179623461002
1.8051928845025764
-1.0226881974537014
-1.1240697179278185
3.558664334273243
0.14433279902009988
-1.550935331240028
1.5604655626217243
-0.6689604345957731
-1.780665938211405
1.372544066257325
0.8335576176491349
0.6404868195954487
0.848514766030849
-0.7950284898722215
-2.1284378747565316
-0.03233467206081289
0.5514879797377953
0.40645591287109367
1.0038613025162897
0.4379923506466866
-0.990115394222497
-0.7282537803603278
-0.7268563725715707
-0.0828325925482441
-0.664280308209987
0.06239028652657197
0.7835012623960947
-0.6078977517523944
0.1699650007382686
1.1878409902163403
0.4835948808969216
-0.924059676050224
1.4755364592120246
0.641667903172567
-0.7229527146493595
-0.38120808464339495
-0.3847614467425621
-1.1634641941389117
-0.3558649714007327
-1.2005150000605962
0.22722512145178764
1.2543968641842302
0.2938558020788461
-1.3179595902936372
0.6019636033141554
0.32572091345284776
0.4335759356382475
0.36713336507884287
0.7478757836649935
0.6742221603183838
-1.1793724551051579
-2.4000325936483162
-0.0845928260096035
0.8710368777044173
0.8744602174530434
1.848396843676885
0.508258338832535
-1.0829753783704033
0.41781066028110814
-0.5973226989051764
-0.08025198939950268
1.826969577656878
-1.7605033140142659
-1.3738260297116125
1.4998936247605745
0.6261675367085526
-0.7778288902574554
0.4647304659550362
0.3133165419597848
-0.8818634157993748
-0.820997319997197
-0.17140764864677926
0.09878523839153297
1.388338432401802
-0.03434434281943255
0.983786032984711
0.34224905356484703
-1.6128741770843726
-0.25381717170765855
1.2705799997239993
-0.8304294673664453
0.1351539488709299
0.742949032398454
-1.0334689020058743
0.7365472455351258
-0.5302726096294842
-0.3487524965993343
1.6585111066384668
0.2784353105427573
0.6594594789144417
0.19280451832988213
0.7537073137243944
0.7312471401737968
-1.3885510579244928
1.0654192690794098
0.23156884711688336
-1.4349595208496742
1.089643440669557
-0.03664110947140839
-0.48766149735456465
1.4896750239712397
-0.38528281725164887
-0.44504804130287756
-1.166016859064688
-0.9783273206616792
-0.06679369168461036
1.2549337020101454
2.1103109868941705
-0.1870243805893331
-0.28479920094754385
-2.0412600634804114
-1.3447425483075517
1.5488454394502384
0.4945697978719592
0.8969775631195285
-1.049913725966594
-2.0551011587807517
0.6920409689576598
-2.5243109969832696
0.4921788886191628
3.353827646593334
-2.5035835171732117
-1.652689631789849
0.1802479866196499
-1.0064458246857586
2.018766787373096
0.012844284587963939
-0.7721310465211773
1.6520591855164586
0.6252636962496295
-1.8377070883555366
-1.2981667906644956
0.814411176190393
0.03275245006665417
-0.5871777686816684
0.37870844308487916
1.440393063806499
-0.5590194980987411
-2.327848628313816
0.5565565959308775
0.04961497010805954
-1.6103566619992504
0.8789698067582168
-1.095847152377062
0.5338225383248058
3.6796852278657606
1.310285552687988
-0.6861594966469207
-1.846367201414056
-1.0308936092086316
2.11703460817132
0.7975966019567159
-0.07883594870612037
0.23539075786973873
0.08222603592935696
0.43344583233272416
1.7208003247973114
-0.5426121427681385
-1.6770050046280698
0.702965019746396
-0.4900929363429365
0.4333700273389957
1.2956713011292298
0.0487127109273493
-0.697484930025223
-2.1343933245069717
0.5469400650353619
1.2841092485713261
-0.11521801830993597
0.03241172042375384
0.6578560454759068
-1.4905093965488625
0.5721816937894197
0.613485081870346
-1.273285093415136
1.6005198802425173
1.8876673483234627
-0.9069110274483569
-1.162057692287669
-1.0584946267886615
-1.5596720127183104
2.1681524451942584
-0.8115492162700488
-0.8656038654739624
0.6159620550946787
0.21736873228052345
-0.20718061719415776
0.4456357488977053
-0.8334630424410842
0.7767973544820246
1.7978610898930474
-1.7325342849759882
-0.460413195117084
1.0584398662348415
1.4423164437173197
0.8051847876800806
-0.3304900012356754
-0.7053704769518413
-0.7169820692630525
-0.38280000952932464
0.2300420476964079
1.181525347870743
0.17077268727364528
-0.6207269073130948
-0.7152995227933792
-1.3426862630808885
1.170504776529902
0.19856022580940957
-1.7119494529891108
-1.0855149485306093
1.0653402032606298
0.5876242834490004
1.4382882892486508
0.7395676943630891
-1.4298736489339952
-2.0487529995097993
0.5534088661661103
1.441328073295845
0.809433880056742
1.1070453982928352
-1.7071157557612366
0.7648231450772007
1.9643793125642046
-1.387568940324594
-0.04846284719955164
-0.411557918680025
-0.5468566748719416
-0.8806854201481853
0.24034318104237198
-0.3556555653030906
0.013919109277900521
-0.8162341009700229
-0.6369507772557194
0.5952435414699032
-0.5401253873985858
-0.5981634100848059
0.13773985797172322
1.3356485420396738
0.9044788731592881
-1.9490763475856825
0.3796033228472324
-0.6585336452221312
0.08858523675561836
0.7693554709730246
-1.1306834494004812
-0.744435463824759
-0.5415421171756785
1.4507933780395312
0.05130212179173366
-0.43861894521758726
-1.1551753117759314
-1.3927652042330037
0.00645702391209424
1.933359724083956
1.0135216901272115
-0.2968361262139984
-1.7779198469702173
-2.295007663837712
0.6057776524825343
3.287409935978493
1.8681274281171183
-0.6984580106110749
-1.4302732740871615
0.24369915976129164
0.2705634186717981
0.1350344054280142
1.2513155619422411
-0.308910598909325
-0.06346351218649249
-0.9233016721809493
-1.932140032780122
1.2143075583666936
1.2659345936361375
-0.13522764897988335
0.4522351235528506
-0.9224494742184377
-1.0229666455257331
0.8196742970107613
1.402953007465543
0.020491895592632373
-2.078145011593736
-0.5354708861047741
0.9275705397974806
0.6612839647091149
-0.08313004711326233
0.724881808172653
0.16909929841128996
0.44960317373062253
0.4484926441857685
0.6534830662245845
-0.08260666161901353
-1.3761282765931333
0.28093581269447937
1.8301707887107233
-1.3852678649702328
0.9053272144344449
0.2948178602587974
-0.2594940867432347
2.0936829940450914
-0.22636972595935903
0.7115631729041698
0.24928505611916946
-2.9578454669921355
-0.38709140888173904
2.8098092601362454
-1.7798467838329803
-0.28060993936774314
0.3377287437488713
-0.7282856187948665
1.8986910821965366
-0.19318538887077485
0.2713938303116681
-0.7207255195957452
-0.08811657160630804
0.21306923282200305
-0.8915132025673196
0.03255370017898754
0.6582328376883007
1.0925058686492417
0.4734523185648451
-0.10340128626618145
0.4182912929210185
0.6333221653801624
-1.315470637320938
-1.2981690902566239
1.7040533699762328
0.898916253058211
-0.4889464938896373
0.7427232597221598
-0.9556821297106254
-0.9992573678742678
1.6097963079379722
0.026888153450088742
-0.5768660706729878
0.5072306802236114
-0.5081163944072554
0.004574113605014141
0.05912251162706983
-0.42825157394317415
-0.176487506905473
1.5187944225677292
1.4034232029463634
-1.4664232297710096
-2.4956060191254954
-1.3899401824528845
-1.8973730987404716
2.472923032729838
2.556097717064152
-0.7890194911199793
-0.47178918829552274
-0.6677961793167168
-0.04914877087266112
1.484021216267811
-0.9761637560991949
-0.5019594515219346
-0.14337800519492117
-0.2259362848863241
0.6226150934861068
-0.5961863594272343
2.7585262742352428
1.020781102613228
-2.376596884514745
-0.20718092294164367
-2.512576188374573
0.45473451946035714
2.3109738197783747
0.709206577832631
-0.5804015237254145
-1.4934630212577042
-0.13823945718322672
-0.527281333444021
0.5759246217340057
1.7401596577808538
1.2802926441336666
-0.8177531994034842
-0.7786006073459253
-0.45270614167280016
0.2588505342426378
0.21817041299346235
2.03016332523295
0.11812177386920114
-2.304832778281839
0.27171607605381554
0.9632479996965466
-0.40062195170129555
0.32549381336728495
0.5974453203105692
-0.8924982650057478
0.4635390266237403
-0.8921385384473486
1.3874271762046715
2.7585628604799233
-2.0290618225454584
-3.133003585702217
0.6378647340473826
2.2301296397721773
-0.837971761077266
0.2756439603353098
1.3726465415530427
-1.858699270789003
-1.4161231403923362
4.192781903533719
0.2736755956890833
-0.012805137036262293
-1.477733330992074
-2.010896865478793
1.2336139123402488
1.5564973000723379
0.4327435795250533
-0.13574322694256857
-2.6418183913637825
0.20689721361172875
0.627222077535933
-0.14233190112851793
-0.25633815529423964
-0.7155482268503338
-0.7629622166622463
1.6372881904469365
1.1744868054751714
-1.5949675674245312
-1.9794560165137969
-0.0065670097745564576
-0.6258639263073587
0.7821224679800274
1.796093682253039
-0.4092610620197003
0.16449169757422144
-0.6189609649782176
0.3074751527797661
1.2018377534714748
0.574335226697173
0.5184258462062734
-1.2892976959461047
0.49689505690662317
-0.645203402550693
0.20164229534746392
1.0062217461264806
0.008183392119144706
0.90332062891934
-0.06830135473196382
-0.8915374080748828
0.5292111945436909
0.7990321373448379
1.089106796545983
0.37810212031001666
-0.9090125218536333
-0.07985275040026218
-0.5605739900116707
0.6690630538674736
2.1519719886695032
-1.6447817194771959
-1.2919366626878197
-0.37773462319905626
-0.21122535910179785
0.62272366472814
1.0385720087890973
0.5504677479107658
-1.3250274702231475
-2.5498899140318043
0.6861752920907734
1.260496037323712
0.45204991659571936
0.19099917333520378
-0.6146607498609036
0.4311020753638888
-1.2628751651160681
-0.9799845544188868
1.404862342343122
-0.003886484866159723
2.5174666805058448
0.10146476603128396
-1.8754530516925458
-1.1242024518647522
-0.8839284591762575
0.4860063211948985
-0.6406594706913431
-0.5244334315082813
0.8161197866744564
-1.7370047577784808
0.13254510079954232
1.7108463743753406
0.16443568616313498
0.5209479178882114
-0.6761518522015053
-1.0241175668295308
0.15973228625733737
0.0936158496262855
3.3397440251543045
1.8089721127127774
0.12344490328347346
-0.19331800204716165
-1.9651052221054106
-0.5587258607667636
0.7873590609608051
0.40084185505958975
0.08705627434197338
0.9188911685710257
1.1541073460259967
-1.6786379398049545
-0.627640771462872
0.7281658552809978
1.1242843207914524
-1.0698849609408005
0.2996194294438864
1.0359984241099862
-0.11476839476592726
0.16850437434211574
-1.7946252787298738
-0.5438183438631533
0.7879973713617923
0.37575353511117005
1.0059382675577957
-0.9010053109506926
-0.7594763707503946
0.5585005369751688
-0.15445488558586534
0.1654151719254869
1.5247074021107236
0.8322139799654218
-0.1213195236076744
0.20654075619166706
-0.5287256042006225
-1.5702497950633383
0.6313619124404278
1.7890753946616345
-1.177676468864601
-0.2549222806693455
-0.39971228568961586
-0.9836894539589625
1.1195719842812644
0.7984985092091694
-1.1675581692763157
0.23744574416224815
0.916076402433779
-0.7824599292634935
0.48962493757946
0.4277867404847833
-0.2365386867661199
1.423523793017728
0.5990025379651855
-0.7851181244699137
-2.457941237497626
-0.40377515915430584
1.824167427176883
0.6730860458317379
-1.4830067871983523
-0.7495903278888303
-0.4097714295097197
2.3090169786355044
0.4361936201182566
-1.2126236421331267
-1.11954013463688
1.8356049379634274
-0.6704126782675586
1.925155716299519
2.5877743265671787
-3.0259517695766434
-1.6118691566218706
0.720205443555431
-0.571399089032426
1.679192362746024
1.5644132247287117
-1.6133945680408774
0.06172409680427099
-0.9449950303102229
-1.049775273517357
1.011510094728738
0.9544399902899028
0.06806987020645162
1.3371738715844512
0.3571316793406111
-1.366690263873217
2.086960732776626
1.221571961502518
-0.7597498857525233
0.4562715035066669
-1.1537031096541581
-2.36077167643921
-0.6949554789948256
0.8844722410998851
0.06880525500602575
1.3602364068763886
-0.27176576302506233
-1.9714436929249854
-0.38132707958889933
0.6330615132749526
0.6301476602056388
1.4068787647371557
-1.0385202438594108
-2.7391011463246904
-0.04686140409562117
-0.7508263750899646
-0.01804090137953851
0.8233797426295945
-0.49423703553615606
-0.7624011222226521
1.2446958776601498
-0.46576530102084274
0.8677197202579698
0.34027912429205465
-0.5759219358279586
-1.4764400044305102
-0.4217229322151384
-0.7593351915480445
-1.8847774137244375
2.6437464950187657
1.3123663608347615
-2.2484435973979684
0.45400858547635103
-0.48683970199903476
-0.41216213174493377
1.8327607781230293
1.182572048924354
-1.7930906806680835
-1.0502360140382079
2.0033391662253086
-0.5063898363631655
-1.0847238658650573
1.0747508326342334
-0.9717365028894198
-0.007733753049708414
1.769018912437939
-3.1243717248708265
0.8963382080726392
0.4025148387886295
-1.3763048195383258
0.5292330263111283
0.3929347987860796
-0.0075762465960510506
-0.9853873702136903
-0.5064084116418559
-0.3337817991004522
-0.25796973421662844
-1.2594160768641243
-0.4437666360848199
0.4573593486224094
0.14997191636664733
-1.2858427321060897
0.896687773143896
2.1052016621778
0.752869355702668
-1.5104595607633686
-2.884161689206367
-0.23377515295564477
0.2376640188983471
2.0155793914044695
0.9604142736485417
-2.098700316878607
0.17406657967771433
1.275542767459861
-0.3614394560654007
0.11890573246773928
0.25289466410780204
-2.049879962718493
0.4560482489013553
2.4951619632901822
0.0076444122936896175
0.6867251158112306
0.8387043342202958
-1.8940336788020533
1.6471760534035584
0.5574274118238577
-2.566227197682449
-0.9365197959476093
-0.6880663581514146
-0.7759521908249809
0.3954752430974888
0.7123995376200126
0.4012202374456593
-0.37425321240318377
1.6743826284884027
0.17034339829351575
-1.5603071064062397
1.2379559128438231
-0.6907727247616673
-0.4934703754577595
-0.7170142747836215
-0.03151135449927567
-1.4487996821643931
0.7731073523492761
0.9800809723767179
-1.3526548090892034
2.0058061530680016
0.8395147637144216
-1.9580752088218167
0.6175928427497963
-0.5868607162941055
-0.731139046637841
1.1712068702887117
1.9224700711044576
-0.13476831347731
-1.4487826667819759
-0.4035082970568735
-0.8559297489207066
-1.2339078490221953
1.9707440648017611
-0.8431287227317137
-2.2678102332315233
0.5111050348679772
-0.8526238881492489
-0.39320261774228943
1.6383266072266565
-0.5272707718679647
1.121336267840223
0.48293729381174477
-0.8775711805407818
0.8761291627506002
-0.00779266178711667
-1.0865718556614876
0.2501254952024473
0.06392568363306336
-0.8030832167189135
0.10783633218606536
-1.1009187079271199
1.3090741804414967
0.6539116800067133
-2.0426626521511526
-0.11225335009046439
1.9508774152934127
-0.17588619472570324
0.6667045052562969
1.068186252012246
-1.4159838966768468
-1.4525620727841977
-1.4641280773457426
-0.07715991058514249
2.1008357265165203
0.9010335896251133
-0.4586496290409168
1.114456986322818
-0.9343277495544867
-1.6692984199206156
1.1993398915323688
-1.8625649096126349
-0.35149759214599174
2.109695676689922
0.6402815713393457
-0.2349987143884092
-0.6446951516784409
-0.4578142900322035
-1.4570591044537093
-1.6450519201670524
1.1250482528184182
1.0388858874650175
0.07672260678959031
0.041980179411059526
-0.8218321274395652
-0.4334218133085638
0.22838647370341872
-0.8308493835996547
1.6770160579120323
0.8451058688648101
-1.2550286728663598
1.3736293038090017
2.0108065691876127
-0.8179417617871516
-0.6781876219346891
1.371930114285858
-2.0922600758280785
-1.574964025566993
1.615804982719927
0.6630191169619849
0.32940695946104637
-1.6991559572128003
-1.7980582733283363
-0.2602305748846696
1.6789006124413532
0.6845773346502202
1.1303212607902555
-1.4370924971166485
-2.670888202999059
-0.7425036101990018
0.3542708034866538
2.0250966780409443
1.1429162045963484
1.0326090082609778
-1.4239050860413491
-2.4785259407177858
-0.18729167445835643
-0.48692203424755076
-0.005011166226909336
1.4173526336856694
2.1716744203276486
0.3545208939080637
-2.059102243836227
-1.8055755231504376
0.12257172415025097
0.5108096167660663
1.2382661531654637
0.7075010709349858
1.392173436342109
1.431370336933535
-0.5321899458435777
-1.438851201160938
-1.2159995306338973
-0.4108217847561724
-0.15074439486158642
0.6346234887644383
1.5949693051207787
0.015435187099295006
-0.18009410760737865
-1.0410347646182547
-1.9777022547844005
-0.6705761689776072
-0.8951358082444756
1.5418986300205793
1.734437698478771
-0.7232211629893298
-0.24178647188906024
-1.099923089108387
-0.2574228957208088
0.8079376635167033
-0.023076798687479638
1.1395661016832397
0.30038654462824305
-1.8184945815761422
-0.4340209738024589
0.8312683318765073
-0.5641157542805972
-0.7761888404901098
0.6045624862688402
2.1038680791393265
-0.27223208756199857
-0.5948505272201897
-0.937037871807491
-0.8948421622286651
0.30987104905393414
0.40264927902458286
-0.4007479315994054
-0.910552759291657
0.4667559351437617
-0.5735180725489389
-0.524468516153389
1.0276045522415147
-0.07966734610626794
-0.26636541067910413
0.8204562839345738
-1.343779181210818
-0.1951561008813218
-0.09887091081666466
-0.2390144883515447
0.942349094875039
0.20987905388718808
-1.6046298950072484
-0.15068740293775004
-1.5283813004009306
-1.343227351111357
2.312866230819898
1.00028841960772
0.5189678893488101
1.3511716492474555
-2.388563914628844
-0.7335072462134711
1.8297375330041274
1.1496344163251178
0.20303207974789572
-0.47666559050818735
-1.332865083428054
-2.450727681193255
0.7656725340931858
1.8342992461032916
-0.5335592444766554
0.5102760723611023
-0.3401957134335614
0.448070352544532
0.14570607232449195
-1.0956580765605204
-0.6975219519919038
-0.142537694680905
2.2438015429648313
-0.21841832688099116
-3.084130857760502
1.01814528705334
0.01744272405958719
1.0098332204720282
1.5779096552004557
0.31928687762130825
-2.883677541906011
0.5823556765781369
-1.324690389648656
-1.3239144315433675
1.1445504412281373
1.4849690435362155
-0.48062460373865357
1.3910572846306437
0.15326771374916465
-0.426684129339824
0.5780929766744597
-0.5169371583984681
1.4225618555101134
-0.7881544734193389
-1.78570634036501
-0.4832655615734389
-1.4335831364555447
1.872751617240719
0.6371808873865412
-1.7239681783596494
0.9614640839365207
1.098286113258124
-0.2951937191086047
-0.1658280114883764
-2.101952447314062
0.23623040262207695
2.269932188202162
1.3951420786145068
-0.419307673547276
0.5245881342857233
0.6303134712401011
-0.4152470587022493
-0.7447297836499129
-1.399596793894555
0.772570104456196
-0.5070367201594699
0.7751243717599836
0.08859533466622582
-0.8172056060152046
0.7131629411637248
-1.6061692342041554
0.36901151694313294
0.8591614729799315
-0.09415824417040347
-1.0437316784412034
0.3907392300519542
0.29341089972666334
-0.9665071032998167
0.9163057172977844
-0.11780353254375225
-0.43891506650098
-0.6625891428673895
0.2755644038330137
0.18080792742194102
-0.1712973007466101
1.4290425877463924
0.22135892991504097
-1.828601112411243
-0.2796285528381287
1.190863528761997
-1.132883933214269
0.7288778275644083
-0.1461878069589735
-1.1167985290050766
1.1935524679860556
-0.2831266005469803
-0.7090115163828956
1.2851788426975221
0.7103368116365604
0.1796649763192104
1.495584191487156
-0.3626721608744862
-1.8307431232031766
-0.3793051033109879
-1.1483664843930843
-0.016468132641679234
2.3475868259404646
-0.0033406339899536563
-1.1826389564540787
-0.3129075038688118
-0.1950907114221655
1.537712832824592
1.4656967601128998
-0.7410596158315352
-1.0010836233323022
1.7033981636846898
-0.7561168373663737
0.39666539201228745
0.4448808652955575
-1.3775925106260614
-0.19250022628142027
0.08647204934363995
0.7908596840888071
-1.1619395546310671
-0.06837882677894999
0.10089899257748125
-1.9256924416234544
-0.6739192001591207
2.282250016147424
0.09647252107932897
-0.5132080122824251
0.6032212732747848
-1.4959935297846174
-0.7414957500925186
1.7540744389655583
-0.4696188043266706
0.6213862655925844
0.7726132941028161
-0.3742440288636384
-0.7225955890541507
-1.1206932529329132
-0.3369570002061331
1.5121323962331386
0.04948390353584603
-0.47484678936076846
-1.1368814820161213
-1.2010537520296594
-0.4990851258846306
0.897996521218254
1.7350370025298152
2.0121246916305626
-1.1245259618934504
-1.7880436531785664
-2.106089694958034
0.6315528551960863
1.0881388098912312
0.002256292161656348
-0.640970151354286
-0.28918576148117603
-0.16393796287345225
-0.35360908245327705
0.2037826553956803
1.2303383842527422
-1.5511654876358116
-0.1380778645778607
-0.5372789565699864
-0.8946642183369717
0.5697877057275327
2.251738160298089
0.9074943061458001
-1.2901516382503297
-0.22655336621459543
-1.6731125855757816
-1.3000678727081285
0.5973874767059142
-0.13627685300750803
1.1682681582617418
0.5052688865150772
-0.023537646362008835
-1.3571935264278043
-0.6184886390493163
1.5972522632132187
1.2587427396360238
0.9397879929497406
-0.8903098242162788
-2.2398344523946667
-2.056075057200408
-0.1432744874364814
1.6690285805073508
-0.7396172467853463
1.612925119599232
1.7520864261990512
-2.24714969690801
-0.9203448074822347
-0.48463944619550925
-1.8195016871204774
-0.15159755138181308
1.0325185274514848
0.2924896578590783
2.7784311512781614
0.14395887082085662
-0.22067951407783637
-0.31104921867655305
-0.7017042461302355
1.1523367976067505
1.5022290516374932
-0.8139907823051219
0.5829760916580771
-0.696868012738667
-1.2881463783755691
1.412167446016382
1.5090227719353906
-2.255062793516961
1.5079353708006429
1.5761321416714402
-2.5435986408467954
1.9115378102514033
0.3050362634302287
-0.8344952887563483
1.1789034667327571
-0.07093643249231579
-0.38516981210624796
1.1136404740357602
-0.37701349568494685
0.7393513702521428
1.3182255031015724
-0.5188364705802002
0.5448208413870893
0.8152699817398967
-1.0645741170759313
-0.3663953646589365
1.0273097852425357
0.38309698823409183
-0.7807807031976554
1.5230512653274546
1.0132873884086449
-2.0855002628113484
-1.5757462955748542
0.13772498895804455
-0.956991914134414
0.98128348274201
1.9405501958397946
-0.5897054227842444
-1.9862023268898923
-0.6555404677491066
1.1981995989141456
2.613377805175195
0.19395025946833414
-2.008121265976526
-0.8857589060480837
0.0991941482195125
1.4086918095497332
-0.6080179180836578
-0.8106815035052701
0.2043949439429835
0.3121938923010792
0.3044181011618665
1.6179312773205798
0.043307532815048344
-1.0065666908493627
-0.06958184734798475
0.05660817370578414
-0.8194248279035568
1.605345943658214
2.523599895838383
-0.6613608967082301
-0.3910243887296864
0.01239928716870109
-1.0340478673101494
-1.7688546225130426
0.590459937787664
0.7959676325365732
0.03642863023211326
1.2785616269388433
-0.4727220971824788
-0.45624471159545565
1.543999650817325
2.396995301289976
1.1258197068539104
-0.4012226071405026
-0.11225271730919406
-1.7797457537129424
0.5380820693243968
1.0825785636500882
-0.2606948621302238
-0.6109189024245777
-1.5652325979498194
-0.46161996756310275
1.2041781064283656
1.1756416483438956
-2.67077929636788
0.2551887099444533
0.25716064573884934
0.733857259674203
0.12338867815250731
-0.03077014293102187
0.581047494631704
-0.6547896624344707
-0.5452406082788012
-0.027204207412880765
0.4643059758935178
0.09344675767892702
-0.2396173186051829
0.24655466352742203
1.128971156837126
1.4488787186603522
-1.1811648397055095
-1.3027436443636056
-0.21924430614864318
-0.3319859712837452
1.1823823891463405
0.9520934320026773
-0.17103563663861931
-0.5156213695093732
-0.14358971632909273
0.06991041666346048
-1.1935168798430607
0.5045579397866687
-0.36136147074722946
-0.48681894808485837
1.7715336341694394
0.9230574043348778
0.714469552564171
-0.3204929958737478
-0.08210197980294143
-1.4437153818970379
-0.46433093695667726
-0.020549231438326876
1.8146568872214417
2.9463483387770757
-0.32582987417030923
-2.6811088480882566
0.6749577810051693
-2.7349624077273367
-1.9930251631326321
2.7641672342132577
1.2739775493447325
-1.5474647403612494
0.13703534703832887
-0.5933937423150696
-1.001303494956684
1.6373885783654591
1.8756963622055678
-1.2870042243121849
-1.1325517438970092
0.37139062127712874
0.9696651149278532
-0.07957493484036715
0.4681113467973165
-1.4519057612517714
-2.400607868380921
1.1251697339667774
2.34548407738521
-1.193164200602984
-1.213503474762999
1.3906379406460316
1.2505736298337586
-1.5964781277168043
-0.5039534251771336
0.46117935954301015
-1.5431850529472237
1.1091271220466123
1.1776182597656428
0.9307546756267764
1.1842413038457922
-0.2685905368665553
-1.2967520920399196
-2.2050961255428345
-0.4154035587344167
0.9593240129095555
1.3033864075440258
0.5614178689191391
-1.3236737641795244
-1.2952087826770442
-0.8920583732249239
0.9816313541697761
0.6588020791807243
1.6530221232754152
0.03977362697646847
-2.423564123100177
-0.6459798521786135
1.0851554296157286
-0.3298270276450906
0.9648776265968042
0.7297164375233259
-1.9322142881468125
-0.7449947462991496
2.020494925372591
-1.7207743120957208
1.099074080373756
2.3680670601573564
-1.9054669144301286
-0.4177370501014327
1.697104422024542
-1.705365453784675
-0.5843716176283186
0.8350353177127419
-0.9582181508822147
0.5800743872117327
0.8037533222763013
-0.09406989216518213
1.1406264058172397
0.9967088130677778
-1.4549846908661392
-0.6348684486675471
0.19112211323973274
1.2346435824870392
0.8367987663808035
0.2521187075197481
0.4139923192481363
-1.0226235613719081
-0.8783104459360691
0.6683537708097889
0.782375815702639
-1.9352657776994868
-0.20667257815322898
0.36094444896315075
1.1089082578971197
0.4272546602939456
1.1314948603101558
0.19099485194699484
-2.366439907806206
-1.287330635217544
1.0744175164402696
1.7395458643710586
-0.8195420741179207
-0.7301008946927178
0.10362455889290936
1.4140801856290808
0.5122461058247858
0.5432818893008236
-0.04430245361467211
0.7155163931242936
2.5270078700723273
-2.059870802900616
-0.9875155783627669
0.47915208648929586
-0.16182138396189394
1.5287212655947267
0.3106671751457421
-0.8532832540069067
-1.0665157267949592
-0.1633727618517837
-0.2656174108982964
0.8632979417051811
-0.24766410248420845
0.3569129723682799
0.2655404248920904
-0.0774060813919738
-1.3234280771386766
0.12435401366491733
0.9854810724547631
1.5850895116338273
-0.07310073659223795
-1.7197935139851341
-2.0630548218385107
-1.2323425192286441
0.9028624708586954
0.6890823628958476
0.10104971123097495
-1.5644742984359767
-1.2054648093904436
-1.2029434522621805
-1.782098467454757
3.5495526884139457
3.4744901834356847
-0.7980147203840946
-0.6172210722200933
-3.16476610082972
-1.419037513186116
0.7634577757350107
2.2196953752053874
1.2267387882787903
1.5152773720599484
-1.093777451305655
-1.3844667649346334
0.4041144763093411
2.00204969122974
1.6153420140527057
0.12018054008039503
-1.287206759437385
-1.6648266163333645
0.48396948618929514
1.8321306963844546
-0.7532677314117128
0.5320153209421239
0.35763350972048236
0.17105205304500637
1.9243051524378174
-1.1062527042996058
-1.4910990753216415
0.9238589228244545
0.3642135800328731
-0.2766196815272119
0.260017508036347
0.9690671689712962
-0.7023903791724921
-1.5386204532430434
0.4758763433047921
0.20037767070949342
0.2242067293438143
2.1908906568975017
-1.1747465480927448
-1.4069179405891024
0.11479374148729665
-1.8664366853635013
0.43506427184092555
2.810653488682446
-0.3745898165246349
-0.9043733284483072
0.08699373419388873
0.6260461411662932
-0.5068697848403428
0.9569213293605408
2.8047061064923158
-1.320694469015077
-0.2223786731779911
1.1405313241883417
0.5444599792227698
-0.5271527272827966
-0.5318555845706716
-1.1634783113049183
1.2701489785773
1.0141656111780888
0.4534276464044146
0.012436869675775189
-0.2741262886688307
-1.5534432630092092
-1.7300786673059318
0.7590348636200175
-0.8383800044912204
-0.07090618538645654
2.1787976697335525
-0.21706437776618925
-0.10592845075097945
-0.22767987777949134
-0.9593541780438277
2.353176127800879
0.22002648140117975
-1.198064549680492
0.6474488411743398
-0.7556662713847732
-0.7530882494395374
0.10900486504917373
0.15937226142532157
0.667720991886249
0.18399084266857102
-2.2265898010379144
-0.865591351116481
3.003625032853143
-0.3663202005799985
-0.13051564122243076
3.1817982056566425
-1.2405665196242508
-0.159710531102087
0.7176652388818769
-0.7399777014282792
-1.5957012955356888
1.6195774875703
1.7068104084422515
-0.7285584524827791
-0.8580188860978049
1.9001366455071207
-2.5918707122538898
0.06691548288451488
1.7285495856396753
1.3802596108888832
0.11426508293361931
-1.0807707096214985
-1.947415789592594
-1.2105018826401932
-0.01686699410177328
1.946240101209447
1.3018043597940199
-0.6173170682981036
0.665862955732933
-2.063784718963128
-0.9643899041665234
1.5803575413052469
0.22560322253663223
-0.20871108239956515
-1.4847678971881129
-0.0520415117738543
1.6328373328238912
0.8649209202914366
1.331101055508297
0.2904176091933858
-1.0020499387845563
0.7457979715664952
-1.1415696344939321
-1.855951493425603
0.9263460736221518
0.6283050191646548
0.378451132661181
-1.029044864050542
0.7119880906023515
0.30504392745188186
-0.9205701371354578
0.2817248060844205
0.18697428289438886
-0.9498445576912556
1.8762122283071216
0.0492481369615132
-0.6179267051384753
2.136514014807276
0.18213430368079087
0.6820066851215087
0.6773715638584876
-1.389457173357055
-1.6743874718507392
0.33459182959729356
-0.7224413003901823
0.6096571913082091
2.0495977013741924
-1.6165699487129288
-1.5337673073984697
1.3188319623206435
-3.5376599696964317
-0.24752356141067466
2.348303044833959
-1.0095911855054052
-2.353809151655918
-0.02010223256895427
1.1344758744322487
0.7418634625987826
-1.0606777630874644
-1.1144512676098342
-0.2676705182101453
-0.570350355776746
1.120291706561982
-0.9653563119767069
-1.3397525910766632
0.9399861663066343
0.016809001178506894
1.0166023814898903
0.04693577928500814
-2.146607896019228
-0.5015412118938608
-1.4831253003504723
0.3353014813550723
-0.3666375575658065
-0.6076086541556613
1.0237688266084068
0.8920568702596177
-0.6893344649834818
0.23333429168580133
0.09114431067159673
-0.8111010519825421
1.1683478542383479
-1.199464767637697
-0.632130780582838
1.2412747937706707
0.26325433640977336
0.7105687663085642
-1.6304195842280846
-1.5284293601435452
-0.7671693974476426
-0.7351042181723711
1.923223756658564
0.32725031212286915
-1.1280318365905873
-2.2924993175232884
-1.6816939290631696
1.8738517283116602
1.6980948094807826
-0.7689987256539436
-0.6010586173689518
-1.6298294747373534
-0.7639621151804664
1.6790518790908096
0.13665453875153444
-1.299444751769057
-0.26584890373024994
-1.1063139639236943
-1.0812286724137055
-0.3689892965825743
-1.9156385843017056
0.41692682251839247
1.2835431436863947
-0.7525097387053208
0.9395543286625365
0.27127053517300204
-0.1790978374574551
1.1455325340237847
-1.2723876944283212
-0.8117952853368748
-0.08006811829375027
-1.4143031298610154
0.9116645013858214
0.8755146165885384
-0.16023938362214885
-0.17939825485670213
-0.6269326516634377
0.6391199589044769
-0.603010496027695
-0.3546821398277167
1.411466893053979
-1.0434673809753905
0.0660756770650961
1.5365014369831564
-1.2257047620810497
1.3531219811083033
0.8576356320716391
-0.35058245031698565
0.7453537069660732
-0.03832621669971631
-0.5172060089552522
-3.2515029799864417
1.2749334404434745
2.450493829317315
-0.9815650516012033
0.007711377558227539
-0.4534884724946048
-1.0491670333673824
0.9393036553003926
0.8389204965902304
1.4967285326580242
-0.17464809973033713
0.033114757619856494
-1.6760130999786396
-1.3727789120200615
2.519662264625178
2.3707567466425195
-1.280182486357523
0.08536022178098823
-0.5392275434466017
-0.3481774034234417
1.381255392972761
1.8445672535044821
0.5297549504973111
-0.04358495214351166
-1.6059726520165014
-0.9957986944046571
-1.5655737338098317
0.11934499951760841
1.4519927132040285
-1.0499696430804488
0.5229466445709097
-1.3709633930508098
1.2145085218137612
0.798103380980324
-1.361895218693581
-0.7000527390757034
0.5003030837726847
0.5673189708417655
0.8793028140994747
1.1553322072154328
-0.5326439942051111
-0.06069720528443456
-0.8416860858719987
-0.11857827469464349
5.06002904069101
1.2877674679132194
-2.473510865791548
-1.7830337064487929
-2.6706410337333293
0.43726244796219604
2.9920166850802623
0.32287343916363703
-0.924329786131821
-0.19031409875649474
-2.0279281433702687
0.3592527381588576
0.6686883976582746
-1.3242594068437692
-0.6174650830635513
0.9673882412253636
-0.502990764167691
-0.3302059386707116
-0.11119428513077345
-2.0462940460157286
-0.6925514445736501
0.0011069846556253093
1.0035843549064756
1.385502709680836
0.5056340416307119
-2.9825951296296402
0.0027226724675707414
0.0822869506491235
0.7714441451233081
1.0628013299012475
-0.8706941818034556
0.6265116012293616
0.3911955715126325
-3.1812849074889575
-0.1921354333998881
2.63646757226097
-0.3148154321426525
-0.6481413465788336
-1.1181519371083384
-1.3505291135412245
0.28601078821327136
1.7191193863419505
0.4311779789205428
-1.5506446055351963
0.5992140235836066
0.07445218893246411
-1.1852814925224475
3.0873574040523133
1.0384367649490625
-1.7236493447450851
-0.7666732639770961
-0.12764610303238544
-0.13076429531607145
1.8888437100287365
-0.12503350154176085
-0.18977564973751382
-0.8962351904408747
-0.9675450511446211
0.5518104887865364
1.0295507747400632
-0.20507293755397682
0.12774335967205058
0.3422005269765616
-0.11235597307228157
1.3970922779102266
0.42785384952559996
-0.2934832306239804
0.4095054799308128
-1.7860516210767623
-1.5453765265524653
1.0017604021149882
2.067839976875344
-0.08487320803793463
-0.09283896717242218
0.4531419766948508
-1.1614155860554798
-2.216273758729021
0.3494827965902586
1.7461782482038293
0.0868941323673813
0.5115902870999198
-1.0500986246063322
-2.1007096957931766
-0.8651718873111242
1.7246303325861914
1.6455785421538558
0.0400368629367949
0.40891697634805574
0.44047992056666463
-0.6640962590661282
-0.198661397388197
1.3146847580942624
-1.6191384611454986
0.6761123764949741
2.5879270685610614
0.7660258911997296
0.9741614232480804
-0.7693105209657551
-0.8324839018147844
1.6109014188063928
-0.42247444612443247
0.36957820774205896
1.8153483585485797
0.2995941855991855
-2.746947816568036
-2.3569487063289727
0.2819650789890954
0.5270798623925315
-0.22944149475423048
-0.07456117607118029
-0.46347153040987865
-0.40579438696886405
2.807510023817541
-0.32497456972630673
-1.984993888222349
1.4558977064389436
-0.2969031096056798
-0.9346966839446941
-0.5221178808771672
0.18798519303152766
0.9485851463566091
0.36149298286964415
-1.65549128738513
0.6134871862901147
1.1895125061536636
-0.8669133819224709
0.3680157016960637
0.651528543665089
2.374005273717793
-0.4677672571830694
-1.1119671325562952
-0.18804801013168856
0.22282040906987466
0.284476416610001
1.7150236822984288
1.3435566012069182
-1.4336146509601895
-0.9563892087319572
-1.184243991658462
-1.9246788292372963
1.5287820372100593
0.6517354017013821
-1.344769155813458
1.8937638697610808
-1.5111626129073699
-2.2624283421333358
3.4388186098391404
0.33109265851795494
-1.6403839614164712
1.3634683794762719
-1.0494997879845516
-1.2340000461647758
3.12715829199274
0.2846101083067271
-0.8365479592190783
-0.29646991132796086
-2.2191225890078576
0.8311519010185544
3.234859463724878
-0.5420179108764311
-0.23808475064414247
0.9696238404526946
-1.9734305891229726
-0.08614152057130026
0.5028972794446624
-0.20399341456426248
3.3051931106533066
-0.29372262742791483
-1.7679537987663363
0.7574711111978529
-1.1783446001794604
0.746665202955516
1.40539586219202
-0.0479388869526981
-2.3943383105841023
-0.2512801193702403
1.8699850557859268
0.9628281335985072
0.26890431571594997
0.5645613451069631
-2.9119770263886346
-0.24690179867520512
1.4455938977484242
0.6069781895802819
2.778053478775573
0.7313998249008868
-2.0347226857693914
-1.8533871548310294
1.4036001938692144
0.9159034534568644
0.979593424008207
0.032894801435000454
-1.2690114909892645
-1.110769570059196
0.9221475823448873
-0.5990474515107997
0.07980416025474879
1.4663691633336096
-1.6093521289676251
-0.35939773180138207
1.309618988503498
-1.76302048334515
0.32034880969132956
1.0508616775959227
-0.19016650420787828
0.9476711297904254
0.5403890747185666
-1.8917980275994726
0.12091008810149761
-0.12906179502969728
0.6724750083882314
1.4231380948536216
1.286939180891543
-1.2940621144160445
-1.0861625623109374
0.47610327809690434
0.739836153707202
0.6164532500795915
0.03242533995108013
-2.0697298010144056
-1.0638809129151756
0.7874907073617969
1.526945763272674
1.700156179976437
0.06386582398062923
-1.17754876169944
-1.407225018392124
-0.7842495799093385
-0.6898132314122025
0.10910192878615577
0.4891472053604946
-0.614304678848955
0.2721859790328607
0.31686599765783086
-0.1461858643223571
-0.04944233852795926
0.029553844476648133
-1.2581497825660315
0.07459216989290887
2.704998115414536
-2.0330478730856716
-0.647545405099825
0.7240510194804454
-1.2929086132800216
-0.6261102975219195
1.3717850307719348
1.6821012576335712
0.3938533316483723
0.004968591703697567
-1.0247891771870252
-2.4516127833319654
-0.6632571683315414
1.1041759680064755
0.5994330660348675
-0.5326623212939365
0.22071968740422362
-1.8403816990703417
-0.5229798085522505
1.710489650225854
0.6491842802820609
-0.5668476459277519
2.3696301740061143
0.17187011895842863
-0.3283181399146182
-0.05276969320787561
-1.5473442320531658
-0.503066247227556
-0.9372519289038556
1.221217544188507
0.7644340302053731
-0.5532678230866741
0.5733116646499927
0.5978131738026695
-1.5731405842803663
0.8201611772710778
-0.07995478000124301
-0.8911730720107379
1.7888244353601093
-2.6199399550504605
-1.0946313296736978
2.813131550861673
-1.5305627115320313
0.8891097398917956
2.141061434017034
0.05087196541885208
-0.06404608624097644
-2.265044869766278
0.3758212961084213
2.9596463788893264
-1.5087745785353954
1.3590581497870033
-1.1262536351553218
-0.7150151060572343
2.1493486645832642
-1.7303436247060187
1.0724945150930392
0.5196389569103659
-2.6269708107747034
1.588023190292907
0.8131368536997845
-0.19792594933403684
-0.37591752080076757
0.09892370144496876
1.2314845106270118
0.10401537751502729
1.7182654759621212
0.8046722715248118
0.3070663201483146
0.077941107316366
-0.8365917251833971
-0.9674397919089023
1.6984942338977862
0.9727895122032322
0.13916731429515466
-1.982111728693438
-1.3487099354607728
0.349167850484174
0.8353326117778948
-0.4703634885570971
-1.6354522385471022
-1.9604487464921199
0.6325387628557976
0.8328529166452274
0.12544508256307946
-0.5529044718201983
-1.6412464942401357
0.4920735758973298
0.3242865162430723
0.09453006827994868
0.11881205123819816
0.3929913996730488
-2.063956687921779
1.8031268159555527
0.44019605614321855
-0.7961492094116736
1.4733988325249974
0.3536527716876088
-0.8681367588974737
-1.3509626867723148
0.28444363577733095
0.6542051225929764
0.4668733091333979
-0.29091965851711477
0.12766210892381802
-0.13347062283376837
-0.9645886939541493
0.3850432625307889
1.6581311154940377
-2.5732010669697507
-0.4758188342936014
0.45923304468719883
-2.1089540305615286
1.2369914805457585
0.9794815553303127
1.0318819867491915
-0.019671966601245372
-3.4549693899105947
-0.795273024880355
1.7567408224064076
0.28822543103000975
-0.43160476663008374
-0.16609769402236124
-1.711604559502613
2.547976948918307
1.2857292386298567
-1.0875819396125201
-2.1935748958055354
-0.24183849205695013
0.5306892482571216
2.242394268801648
0.03985313569276727
-0.19292900734140161
1.6435820144712787
1.1428104547671072
0.45665181126941645
-1.2289428922995573
0.2899708811938584
-0.4459774442360385
-0.11478944380156081
2.421137604149379
0.21713784664991662
-0.7228288039749194
0.5254394874305293
0.3321488782338653
1.3196357569908967
-0.5047821901212071
-0.7355781878005794
0.9218817572634251
-1.1572053073010848
0.18321972703898698
0.9602973682389321
-1.7083451932355946
0.1541776601288141
0.014610333899202299
-0.9888834291661741
1.37716647634284
0.8736714250176374
0.5688394197282874
-0.8856215304508542
-0.9918271462859608
-0.16418146246154128
-0.20822759274951058
0.5264103663239996
-0.5221748158157226
0.2709444288851395
2.5133442367592345
-0.5336015356365389
-1.1444327834398222
0.18163382779071938
-1.959855724004433
0.5351330860012814
0.8221746547392564
-1.0219111706451671
0.023071336683127996
1.7993676787552466
1.6487631333442443
1.0178999706167065
-0.2718345415966965
-2.5060847734146425
-1.4901952772025413
1.5910760948028262
1.485120761558909
1.1158882112299522
-1.498056081753672
-2.2669316636264947
0.9088761815087139
0.9971892376804878
1.640471330387825
-0.17126129230425902
-2.190024603490235
-0.42009245316841753
-0.6308152068544456
0.6081674176337528
1.876922863744916
1.7766186258175298
-1.4341057943947946
0.42946498080729767
0.8419972170313121
-1.4284373364911773
-1.872343903804828
-0.30772869644670264
0.7410121417321265
0.020907824955319287
0.04214529420856883
1.4796105720996469
-1.372189986812829
-0.8376293286302361
1.854213054553907
-1.1889082011467567
1.691946250597603
-0.4835667772341452
-2.4083803661151855
1.6800207185900513
0.022242761564948033
-0.28064631611067614
0.3571515813274929
-2.015157942424059
0.23955021714539973
2.4541487172596277
0.3119408556222253
-1.6839989052206452
-0.7724494768423285
-0.8397960751682585
-0.5982519873006489
2.209674499605889
-0.4319442919756
-1.3411155784833988
-1.4614854311792396
-1.3198704236142231
2.505475916594981
2.4356160762158305
-0.7688980660454536
-2.585267106143868
0.6081017662563211
0.7864084924088989
-0.7231865089487366
0.9530376078656093
-0.9057876580203573
0.5436170200913584
1.4034914784729908
0.7221689982414929
0.09036020576031312
-2.3481248392259366
-2.1963218196451213
1.24023849778529
-0.21227555947575194
-0.7445395261269028
3.0557362659476697
0.21237197059162893
-0.9291636972005887
1.993046881276456
-0.8458063771651598
-0.45503287419398586
2.5973232788912233
-2.506647823667917
0.31599250858993233
1.2461005811502188
-3.5421885367663744
1.1281891548197147
1.9420059959168445
-2.6472192101192764
1.3290301309817778
-1.1996377902903084
-1.0286919725820185
1.099515435909722
-0.28385534016476033
0.030704327117786326
1.3938971625752092
-0.6989272766741258
0.5772453484835423
-0.21222735932010117
-0.35846294939793966
-0.1674106750858761
-0.9185814480000155
0.6150937659893886
1.0266353499489307
0.7907926457497537
0.2677042538822929
-1.9675802411337546
0.1490987777707653
1.1849762501496623
-0.3017501821966132
0.39671778559630483
0.45617482835572487
-0.8864808496313777
-0.485120851447728
0.27981019231485843
-1.1682414857075334
0.44537565081703173
1.3175015797099128
-0.5382889117459668
0.24920861769127045
-0.3780809102557311
-0.923943466007148
0.6688207839987701
0.299453488647459
0.4945819415419303
0.5690263433260898
0.3049118007197036
0.5050044835191536
-0.6837455904665288
-0.99914418837401
-0.5600098499947618
-1.8910690503341605
-1.9236104412701147
0.6206841999822389
0.7218717683107062
1.7565276370254521
0.2094901878622214
0.7622916366053654
0.03233955984674464
-1.282264471851456
0.6419605768473629
-0.23116661461876792
-0.8241157861725525
0.06572119450033054
-1.000017636771985
-1.922827231403814
1.1599957283375357
1.9345136738840316
0.012645626035370797
0.6458314270457096
-1.5377852816615216
-0.08124586847865078
0.3671350397157366
-0.8414332834652223
0.9450839970448488
1.007157349987156
-0.33303627220545906
0.3267727900484578
0.05970992131285707
-1.2565990811382104
0.11125307534046884
0.054233418890230256
-0.753385961497944
2.8615413072669016
-1.3938806062381992
-0.699145570462012
0.6711599014482468
-1.4183550220315486
1.2356937455885
1.1925171374761636
-3.0721684258277944
0.2669901290847472
1.0549395843929346
-1.7223150938890681
-0.33253986819612846
1.8741631238699676
-0.2550094569527791
1.0163408468344501
1.693085270347632
-1.4402249690522193
-0.24121521911853844
0.8912991138068624
0.489076844756955
1.3250099759288694
0.09851059306746401
-0.517774351491368
0.20126930185407804
0.3600035452571466
0.30270058721075743
-0.598683890913894
-0.32167519485461643
1.9227097813557044
-0.09132435327312087
-0.9049863088967287
0.08588411865434799
0.5794469806758031
-0.14733885805468305
-0.20789475902773996
-1.1228239040103856
-1.663501889171923
3.7762892808782076
0.94145968479944
-1.1958685954121424
1.3420060705396701
-0.20881311919750511
-0.5797077416469182
0.1716763556367834
-0.912308709575373
0.3351257097806881
0.5865303410762844
-1.0056797943222437
-1.1757696547785432
0.43896124799817754
0.20104618172863192
1.135150330001657
1.4880939817384673
-2.64738510984839
-1.9190062222350823
1.3767510534293899
0.3030457720569907
0.061531501862083116
-0.951897310158462
-1.6757032124913622
1.0583337159517592
0.5619641341240226
-0.6805506378699854
0.8546078010495299
-2.7311247173789552
-1.9009016009410438
0.9783220618508209
0.8391731444260697
1.2091644529222534
-0.9033527780563791
-1.21173912267263
0.3041478197411092
-1.3668313048177079
-0.7769673328226655
-0.07769441699815638
0.2541089582948104
0.2594236508128715
0.3941354667056451
-0.4982813923537217
-1.063479036556526
-0.04764604505364581
0.4839290374399996
0.6358975461345926
-1.4863215703986075
0.02881107816995432
1.3077556884841939
-0.5362521718290665
-0.6772485010445813
-1.5242814943391305
-0.999842543489506
1.9815505765206176
0.6379046000998562
-0.23494607351851265
1.8622154702749991
-0.171763218765992
-0.512187132209244
0.9706287523984932
-1.0115476155320882
0.5945851915838597
0.05334474551027624
-0.2973534847841324
0.5586511513666061
-0.30766200916708725
-0.2193605484463544
0.5399552409115691
-1.8262335633597913
-0.040001763539986815
0.6249531775245464
-1.2021144497560219
0.9283047996885284
0.3773292366512886
-1.06390168431994
-0.05564067867992206
0.458235566926387
-0.32807382508148175
-0.139960366780993
-0.30963342644228187
0.5790578935818047
1.1265800206907817
-0.2024426551795842
-0.30926295081594063
-0.36836871264115756
0.5391736781067652
0.4995181106224114
0.643508324620555
-0.13463617312882364
-2.1837987173655806
0.9512246871555932
0.4540733626204345
-0.4561029636386627
2.171780727430465
-0.5292156819150566
-2.3583992769969857
1.36252888915209
-1.7031509552979127
-0.15363091553472769
3.9277385320913103
0.06643385529735668
-2.4060561128320668
-1.2900195810270458
-0.1866898713779669
-0.34699315894227056
1.2484031073635173
1.3727089352292938
-1.5559379195180874
-1.871686800910492
0.7844101451758244
2.284614641155553
1.7712904436451258
-0.5390407848998173
-1.3568304355283844
-1.0233306698909488
0.30670136930347525
1.4496521546875085
-0.02281022247458886
-1.3815998379156995
-0.7373059081501439
0.058740576205725384
0.4576121081350067
-0.13793630417291813
1.6646413497133077
-0.3094113987056984
-1.3735470072477929
0.5048940539316146
-0.487128269522042
-2.0566855480833506
0.4099875686115667
1.900795805026767
2.1994265546130762
1.5557307685403357
-1.3651611903084888
-1.4592536293002538
-0.4966935803147342
2.7839858937272366
0.17638841395027027
-0.4145820410009613
1.7118958939529934
-1.8844940407619792
-2.740715847602569
-0.3783266817428299
0.9428596790508303
0.29791341827030626
-1.8221863873168487
-0.23585142669597225
1.2874740911373492
0.3706543908145539
0.6564721942732995
-2.532470735481079
-0.5807144488107239
1.384639119971365
-0.6487392697739132
0.18297242598736096
1.480607894348359
-0.8443974917249303
0.43545878772448354
0.6177243113231774
-0.10907893503498622
0.289313635718509
-0.7108080739220111
-1.1052650257815586
0.8642049424450393
0.2206530600232703
0.8015223693194359
1.9427367819996655
-0.5618400040777951
-1.372534490017082
-0.506088849762927
-0.31698450233720604
1.2968701160402851
0.9890426386217595
0.1493976259549874
-1.503069607624866
-0.8062063470595274
1.9194869054567776
-0.9298467585395467
0.1433619403674366
0.29668147532614286
-1.4352018422668995
0.5322896208276359
-0.9785370589120687
-1.7037524840672433
1.7667411142331297
1.3482813921042538
-0.7917944115393432
1.1317353641217356
0.353720410919512
-1.8735742183325894
-1.010943373006347
1.5473801433124525
1.441884648098096
-0.3885777043844527
-1.6230388746021345
0.36247460970728984
-1.3516241636767083
0.6284376805807046
1.3411373702341427
1.2120711599666527
0.389346397419158
0.10437353422260442
0.6116325544028215
0.06529893720892865
-0.9015357216316374
-0.2893987257039657
2.2140221599365564
0.25461279337997744
0.3749651418481268
-0.38641036034797516
-1.63264586879272
0.9202693064503398
0.039022560351500424
-0.6163870614326961
0.5924124655292529
-1.0910186372925859
0.4732968852911975
1.2155770982954741
-2.099993468190236
1.0135333877002848
2.192080941912681
-1.456649035530658
1.0081382106359988
-0.6402223079795768
-1.4966462146864905
0.40876621652779965
0.8368033494505719
-0.5993812468244292
1.8622567280412843
-0.30539890203213926
-3.1384744547699563
0.3342037225452908
0.8467145678621261
-0.8846445945220954
-0.0636983273911984
-0.6131636303026762
1.686257998497029
-0.03062447588724526
-1.083354282844573
1.7004400308228915
-0.1480606844027007
-0.398883969133579
1.2638680516831164
-1.3873582802221216
-1.1133445033876397
1.7214585275043388
1.1120895617961664
0.2611695296345787
2.699095866786212
-2.253180783099134
-2.973158942098329
2.0779883689816105
-0.008708971715676861
0.3013436263240369
1.0391031905942767
-0.9320374503333967
-1.608862716232612
-0.8791537295317804
0.8157082862332695
1.2115800954358626
1.565011228703844
-0.6603481624229715
-2.200025861431405
-0.8607319214872549
0.9587580359783784
0.9327687692360019
2.437147870450274
-0.8775943415474636
-3.2816647633122242
-0.7079890751977893
-0.13254556342975754
-0.4280034275250605
0.8828053509626054
1.9326758306639746
-0.1795148754826265
-1.5301258846610202
-1.4228206350695987
-0.6926028645913591
2.550072414611973
0.6373868108414849
-1.3114510388498308
-0.14878303412159904
0.8369420799676075
-1.7880562814194378
0.8766378488039496
2.1852479362467334
-1.7690941460991079
-1.7651515665032709
0.7552109949178705
-0.14351584863865616
-0.061947346566471606
-0.9877455612188986
-2.032967159915135
-0.6087695700863344
2.876364982940596
0.9147510724380448
-0.1626011125026569
-0.5052079554515689
-1.9648209485480495
-0.1095958734277541
1.5611711297180801
-1.5653621647017508
0.031772137295452446
0.35971276561804094
-1.191519494145875
-0.566974379560077
0.5467918495926639
0.49877213227924666
-0.41391015089867694
-1.8666393934535903
-0.7682926059192646
1.102085776019396
0.8769870813512497
-0.3794582573603438
0.7295685918421173
1.6142005492101612
-0.21036987430000265
1.1450890629992077
1.7292740599915692
-2.934684615024388
-0.44825606302621795
0.7969744455150023
-1.2614724316967076
0.6029227313832778
2.4027853925350207
1.778897733668411
0.059478213844758376
-0.9073719029881115
0.8856563604616119
1.693560913334022
-0.685479163222517
-0.5833862732581409
0.9823872217760339
-2.1404183813923496
0.7317340437542798
1.734707050777433
-1.8206109931667007
0.36123307507850977
0.41264784371045676
-0.3932429850211707
0.14102715511322472
0.21123467670449186
-1.2273196259382337
1.7997258403323448
0.26631186231361853
-2.052815790461688
2.2904279010799384
-0.6706336518699284
-1.203502541751353
-0.09673908301274059
1.1950937950641465
-1.6841888733617398
0.8337822065018584
2.302223011778031
-1.3425431533475058
-0.771990691731394
-0.9879504971792201
1.4161486692933969
0.7387873755085506
0.7484379105286441
-0.8954051771520873
0.9715867369643991
-0.4205483844589353
-1.8286911267466008
0.9310320687366571
1.7293016972333082
-0.1092521787759983
-1.7187566761848565
0.11330556421323623
1.2369399581270346
-0.007098330232264182
0.7882699771495203
0.371503938101543
-0.7166581795663963
-1.3578532366598428
0.7242130828480806
2.4636109215211652
2.239516361469578
-0.8849561722678837
-3.2173206241689583
-1.9093178246192155
0.14715383976249757
0.7715199517198887
0.029588695797725384
0.2812333834543807
0.04722950936167311
-1.0624167475678883
1.60452004330098
0.28724439771714744
1.061128664298039
0.06227104769325453
-1.1847546025611522
1.2108986023520174
-0.19616231731484957
-1.0301613085976409
1.327468333356281
-0.42739538951240047
-0.8796509671531184
0.48766301186341154
-0.9058817092598743
-0.7392396003921448
1.9752767661219162
0.22397114015424058
0.79175638537666
0.4792546929287586
-1.027497924751641
-1.0146617863149707
-0.5167572829462929
0.14188492543605452
0.5396830220851562
1.6845122341598027
-0.7358594304239868
-0.9652809614282102
-0.3074569979157367
1.2394705967484247
-0.8111011204299192
1.0657807705849625
1.814597874711652
-1.4006673885843715
-0.34624008646407733
1.1319231972150958
-0.793060191031882
-0.8732044116606043
0.669477885255674
-1.1482328880572952
-2.0199510833217253
0.6486642156539046
-0.5012939050549249
1.449920143196901
1.2722243417635946
-0.4957405984124439
0.3530372525715512
-0.8567259312366764
-1.630833533062825
0.05103628777834712
1.2813621534874315
-0.5487506548333851
0.8867888248235307
0.5336733272785678
-1.9008052246813578
1.0481469999692667
-0.1638990667388931
-0.3707371935399069
1.2950598227193262
-0.41969080703661504
-1.1804706325718088
0.6005996201548034
0.31663083207113507
-0.14305006920566543
1.9801480790168948
0.46751620186565607
-2.3042257531868433
0.04675740562035227
-1.0732790780247377
0.6850670604040449
2.1328121836132556
0.35639203929021657
-0.8453701184420698
-1.5533850946489014
-0.2570112116083217
-0.2666609466560552
1.7317955929486502
1.3994892248878361
-2.340024995262262
1.2643834072001945
0.456762127341146
-1.5734715736543021
1.2693572539114462
1.7496758096126648
-0.07429898053153328
-0.18830813627201107
-1.5845928256228388
-0.9216616688304358
1.3487415430662977
1.9263217103285217
-1.7000643476608188
1.9013865851684995
-0.026921468509393143
-1.929226182063119
1.9461228869671798
1.4542221321901048
-1.1345424035743634
0.40952503350097125
-1.5038247088213126
-1.2588300361355789
0.10247109848817026
-0.5551067147176246
0.1952151620208159
2.1891189136897213
2.2434237418464233
0.5763282629744622
-2.0471718195719255
-1.0722530929334002
0.9081151034242236
-1.0505614366849954
0.49087958869486714
0.5381705927031408
-1.4247172530140428
-0.0442114069072993
0.48899715745628675
-0.036487807255728116
-0.6141176543896351
0.7664698487522607
-2.148403857684909
-0.43229218784478235
2.586087768134385
0.8823462781268293
0.3579290473955329
2.0458355259922993
0.2218818247476011
-2.1156977778741064
0.7957434820595854
1.3251394024807785
-0.5156464736697065
-0.1759319884051349
1.3384926289862618
-0.6757499996725789
0.4585570770729936
-1.6396219417151663
-1.484694943562541
1.8057571250750408
1.7428011503260428
-0.615791585361586
-2.3647297032419843
0.12600715558807218
-1.4139651219313694
-0.3707355498493689
1.634563599655549
-0.22020980184865332
-1.9810603404014953
-0.204878046027324
2.4499416280023043
1.3426517238072477
-0.04442459680837091
-1.1578142979957864
-0.4240528543861595
-2.4302498692729864
0.5618708559035335
2.0962770356297815
-0.42420216439456215
0.9568121498753026
0.021290312218365512
-1.0318559028249972
0.7037813340673085
-0.9185487836066862
-1.058269445770952
0.9778973214186495
0.02941313301454762
-1.5535283951404701
0.024392435613065422
-0.4305429669160271
-0.3897989716409862
1.1036062527938513
-1.1447332961655652
-0.09886598344166825
1.4793879969615435
-1.6772779679868575
1.5056295007412994
1.7539646095012968
0.09899801424567634
-0.361076526953899
-1.0581330855623883
-0.7918351716973496
0.5023204265999772
-0.7565417112323257
-0.3112609289552828
1.080039754937657
-0.9831279449686956
0.2954413903514207
-0.7695581388773173
0.3005543264322591
0.6196262157718839
-1.5263300498949512
0.34391105884819734
-0.22206130882978137
-0.43066685084182965
0.9901826396815712
1.1982537079618507
0.5878884167508223
0.13196263658725826
-0.010546224981515362
-0.27943328062673456
0.16552470529278485
0.2362692657584455
-0.8874009464569556
0.7392588700408825
0.45847571810547705
0.7686912458777329
2.2892521716545446
-1.9649483406063417
-0.749071269318146
1.883665481900469
0.48732226872475526
-0.51197232956694
1.7231296258945037
-0.8013611377698964
-2.9840301752692304
-0.02389360772383209
0.21348281487571857
0.17063148279556337
-0.47109219681308945
0.9100724057052285
-0.176462450472314
-2.273465057185284
-1.1496735112657002
-0.7212501259907322
2.8904113660671955
0.08018774119058114
-1.3841388712591387
1.3506962924883645
-1.2178392761636252
0.6826751639045767
1.5796776655651565
-2.513282350175623
1.130809083666822
1.830594733345865
-1.6171445909219682
-0.20254878707815382
0.06915271832938044
1.1790583244683086
0.8357833436029917
-0.22353978826567455
-1.9288105945254848
-0.07045432759296066
2.2905979537668424
0.5252740778480243
-0.7905745192210439
-1.5344068799985906
2.0213974614559262
-0.3120930990781451
-1.9346000747601455
0.13774391440217038
0.26775867084371535
-0.20275701191908913
-0.7881241840089063
-0.7906843490507545
-1.5874557855088254
1.8445348412616565
1.1261556424105787
0.8904745794804265
1.7339772960891624
-1.525142606601027
-1.617539169082582
-1.105043041988766
-1.1023938956282662
1.5817537639597539
-0.3697842733864001
-0.6623392440609881
2.9705012314962955
-0.39861644944314933
-1.305922202386505
1.1673772577320198
0.040760116929605794
-0.22654881832625806
1.1406828156225486
-1.3304828932834094
-0.23194128840280676
2.3495664830647853
-0.5557642622647857
0.997163987959705
-0.15045406749691426
-1.7242847424474232
-0.9405784930153616
-0.14362599082627836
-0.07782061743461832
0.642729445794048
1.7663571567994925
-0.9177833433960629
-0.6859094075766012
1.3826377564832262
-1.5313693204975953
1.8853375765313571
0.9549431440575246
-2.162782467022031
1.4197444077998664
0.48094840225284324
-1.2569223606971918
1.2906185366433411
-0.5063332470499273
-1.1435505679800926
1.690240311039773
-0.37211771265375726
-1.1799280376381533
1.012479520350373
-0.6458743985461206
0.33168107578045397
1.4699811623157109
-0.3546553768456943
0.4296024369046433
-1.0946250862633358
-1.7966952050001297
1.442999654486885
1.9983827163881889
0.36202007146951387
-0.5344756970376947
-1.6768665994397267
-0.7721567591313616
0.9315526218229015
1.319323249430112
1.6399288539333476
0.9290333597954412
-2.536519182705531
-0.9988383031786688
-0.4833458857466121
0.13781760790904135
0.8551328202369959
0.6748829615273298
0.3235768633949225
0.7971528685019319
-1.0201380827629944
-0.241962916439529
0.10847693049426926
-0.9120608800308859
0.850724201468867
0.12954901126065876
-1.1713638998895854
1.2350247913574732
1.0042986860523992
-0.7414093874671223
-1.3855124293469905
0.139351359312684
-1.9448435245147682
0.7292738437888171
2.250974184797764
-0.33859310155570005
0.5320641003787607
0.7083495731724883
-2.934393545640571
-0.1586840003273575
1.3507370998456794
-0.36103789295608657
0.3298842027016353
0.7256762553161461
0.1096223305720958
-0.2736003521280523
2.74245755397646
0.21303289608789563
-3.050345381872305
-0.2378954826570771
-0.7103506177559755
-1.8968110165089602
3.655428043297622
-0.04756584537416497
-0.48241097667316934
2.0532141846944842
-3.20129031623891
-1.3158667016607462
1.086501302313998
-0.8726946120899086
1.337925869675773
-1.4507567259533807
-0.20619091537595358
0.5640459775578718
-0.5474659383416217
0.0761998702770611
0.1970139171132435
-1.8559815437288862
1.5300483592236724
1.449303406187872
-0.9149478628096026
-0.0706294862353874
0.2216998644761119
-0.7629522277620077
0.2304623447654766
0.3933272659481781
-1.5433544181228385
-0.8457574317945841
0.19839454022823105
-1.788420886048306
1.5106234695354135
1.2849425584335399
0.09211225921031552
-0.27717977832470597
-1.3050880079900162
-0.34826028017865907
-1.1229789418932665
-0.4033912086069128
2.1666889827008933
-1.0790667900072353
-1.2447148846351122
-0.6349524879330493
0.0733605930116632
0.5983447101617642
-0.40313107173122276
0.7411578159207055
-0.5802915894679561
-1.6024971943522925
0.4647552745338458
-0.877036296806684
0.4088722525825194
1.5689679449752272
0.36685872644544204
0.4738525427855216
-1.4882147589508632
-0.17759165822944922
-1.6294716949771022
0.10821996936560141
1.0717556680201605
0.20753898638971652
0.6924594348779101
0.9940242741501911
-3.3686441702140426
-0.17593076115388173
0.6697720233086456
-0.8240358767254106
-1.1467114520411035
0.3895931372717285
-0.26963945867074984
2.3360066512108943
-0.15128992064437785
-1.3467121075320347
-0.1875871899493506
0.2931138283095974
-0.12622962544099614
2.905960136151061
-0.1224277217668664
-1.642962825898704
-0.48912606871456
0.2564026937036391
0.2674249810111252
-0.08755073218673426
0.6357840074184964
-1.7353691610937556
-0.9592414132422571
0.2898838493440088
0.4765731424922334
0.7175500353937234
0.7389294312704869
-2.732761201335931
1.5325805520352238
0.886123119891771
-1.7120337665065128
1.1458964224316224
-1.6514579913223972
-1.4024948999095987
1.219745016684135
1.3640944338888352
-1.7659563643382519
-0.5054301916695003
-0.1906852367063107
-1.1664274914850568
1.339718840064708
-0.06615429741256484
0.07648415299424571
1.8483472529380176
0.89281425492814
-1.245350091146698
-1.6730401343265726
-0.01406161304188086
-1.648712508491826
1.2542510671462377
2.707848973358593
-1.179087088811415
0.2739008502748468
-0.01737267667212353
-0.8203788294237089
1.0030205729632784
0.730032396635155
-0.25446048206343974
1.8683995076144235
-0.04042900295584484
-1.6706648889845832
0.21602748357755674
1.2340427287010267
0.40956173573983845
-1.5223077890269872
2.0447627919960807
0.38713464330869607
-2.8928634812370686
-1.9407902374483095
-0.5063451681503608
1.4724534702831904
1.5707943477789832
1.7230218968012752
-0.8023125122808252
-2.226268277173118
-1.2293114671539476
0.3946962018385828
0.3554116733422603
1.0321445271326666
-1.0366623535021813
-0.6537745347204177
0.8053216906941936
-1.9300182388918437
-0.10511216626744008
0.33366686029305614
-1.66960495002636
1.4983443115270094
1.0675047348390887
-0.738735326293757
-0.27361256052161154
-2.326127785919074
-1.3547824826092283
2.1911786639461375
-0.22287300874490723
-0.46671951209048756
0.7572715425070694
-1.7268711612430176
-1.0898255127340173
1.4741176516217327
-0.7658586110840302
-0.6292332212160918
0.4643411927825909
-1.1152421266064168
0.18816785631251515
1.739918380694283
-0.6298293705713818
0.1640876561234329
0.2661834564152564
1.4861445494161258
-0.4348302265678971
-0.6991982582554724
-0.7779401895218052
-0.0670847503775257
2.0346472084231597
1.2056801876630905
-2.1116014176026274
-1.8082633498914948
1.421947021406767
1.4134688951781471
-0.16534451625220192
1.1549566606308739
-0.6318546372307707
-0.7135292071335079
-0.619724608091885
-0.18678736998675474
1.8136671571880956
-0.44804604684542515
-1.0393813206776743
0.8713100341947675
-0.3088887554970966
-0.09026405704085128
0.4451406976765424
-1.1218871903629093
-1.8063269271771287
0.7133452259129601
0.2489681752209546
1.2718248788863065
-0.9703985059855873
-0.8543568558896649
0.4031101945479877
0.4360416873716218
-0.17220960367014004
-0.41416100242326426
0.4696239739963205
1.2522427283003597
1.259709180615653
-0.9914963493581027
-1.2628459605920404
-1.8943267146239062
0.07447205881237251
2.921965623956618
2.0207152695662765
0.2093390930870237
-2.2452428886708207
0.14440821215265043
-0.2505984142830618
-0.3409172572550373
1.7427628924155714
-1.7168802405288757
-0.19181844170088402
1.0731577315395928
-0.6341550923102389
1.5261243908901423
-0.0002491325517306464
-2.016892154025923
0.2677152357754039
-0.22441013306888502
0.35860429149751805
1.361678466645056
0.0650200527987907
-0.8741310158898153
-1.7894833955296283
0.5556277104440586
0.6306857918072584
-0.1322877931981572
0.5784768032305025
-0.29513808539795716
0.07709719866156062
0.44620895243524406
-1.2101744880429313
-0.37161383453065944
1.4234004104297202
0.5900386386317686
0.8020621440698406
0.07756488312683421
0.592564097203401
0.5163687865577231
0.3712539412550573
-1.1610266556186661
-1.743557607183726
-1.1388431312770186
0.3900301435018235
2.3607754559350997
0.7159072602807979
0.19058304657666025
0.09153281517263356
-1.857780860167206
-0.9064831197491733
0.6781386940110938
-0.04825962636223191
2.886100583005393
0.29733950850977914
-1.5694017772869862
-1.2916738901735947
-0.9226277172178228
0.07291204655112038
1.9764424594210699
1.8083378751284782
-0.3093913692712471
-1.8508163515770968
-1.1189427566095245
-0.22321488448974874
0.9408729400305504
1.3218031301920534
-0.5626865445517348
-0.10027892778262648
-0.6078950517984414
-0.479617106328463
0.08702413762014966
-0.11716731847231426
2.243279500279271
0.24731902914133957
-1.0900295856757147
-0.43126216064311523
-0.9049565560696211
0.038186322507504186
2.5598488952080993
0.3847068325370016
-2.2417796236209875
0.6809128188773714
-0.7663648312265793
-1.7613774889162463
2.1157178103802194
0.011268335338902813
-1.1664936277872824
1.7557542078416608
0.07956670801626387
-1.1062717713692525
1.2502197316080057
0.6981876647602758
-0.07762136706331912
0.22615468881982437
-0.4854278480091938
-1.1247065495838244
0.4983870445940284
2.739200324456474
-0.5425683029097881
0.7605261637076097
-1.021863064585557
-1.8474573259895493
1.5124365578157126
2.67330573524075
-1.4627697546180007
-0.1495568660894886
0.6330074122455539
-1.9849186373219192
0.981780444989997
-0.04051266242819063
-1.2513253295468818
2.4992460431593297
-0.9299430542818286
-0.2274563692836542
1.3148670022021278
0.03293515600374519
-0.5951010101028819
0.19123048810885604
2.367324725140838
-1.9163842477285067
-0.8413071797706282
1.6997051679271173
0.2705640661840145
0.4848784900206916
0.4317251033517646
-1.3807316822266715
0.8104751813122724
1.703451615212159
0.8951014749583001
-0.721778136544902
-0.5583785452411905
-1.229796078581383
-0.6067024840006223
1.8406316956822413
-0.29179499792034436
-1.20607995093593
-0.6008294056775789
-0.8354472551768182
1.8379398910447213
0.23669538854481964
-1.9598306366262181
0.44612612754110376
-0.7005955187968554
0.20849022783494153
2.062883572865165
-0.3132281425986328
-0.39368076582089845
-0.4793540014600456
0.19941384146392327
0.034738651819568866
2.3742688885256054
-0.24153168141478606
-1.0324819106216474
-0.8727689802253287
-0.7820923825973254
2.0271958552758322
2.245678451639612
-0.27069063601281573
-0.45987269499634836
-1.7103880182851432
-1.5314823104318955
0.899453076351575
0.6217628962886121
0.9264037513756156
-0.32449414108410746
-1.2844075914186366
-1.358637548757861
1.1986398007356387
0.13548782987302221
-2.906517915131996
1.9446047037823444
2.534497424279887
-1.4387304225403756
0.33139465792370737
-1.676022323345089
0.31106460894827603
2.540724843351093
-0.6745710638305213
-1.8456657346015721
0.05931612111509493
-1.5986124761977738
-1.8337331527899525
1.8915817893809155
-0.39939556615439176
0.5282123170134511
-1.4608087009808577
-0.5570633364951508
-1.5947743423040124
1.2385506556749106
0.33899585510512353
-0.02699966540344262
0.18612719978416936
-1.3203231232357786
0.3518012095469968
1.6710045644391784
-2.7127649137859695
0.9847866282300073
1.859094540727689
-0.686903845488936
-0.19909745707830573
-0.6680648297497499
-0.7058719622559009
0.9961382546389852
0.9347899200724277
-0.7974997748903101
-0.8691413459252645
-1.4849602824447983
-0.4221270043936885
0.7963270107126081
0.08304274259920819
0.13186406840866857
0.7092459198205298
0.6827130971180426
-0.7897810703228181
-0.22046699760373292
-1.0641347710797915
-0.8753003045059835
3.208115333393029
-0.1891329421361152
-2.9604384667679824
0.5840970542373375
0.49784662979000927
-0.3390833428111629
1.2089555745314504
-0.02466887326869041
-3.3097526423552783
0.15266305900034718
0.6911675433088962
0.7070667666309047
1.277821457209983
-0.7767435940757441
-1.1373860568544343
-0.15748017334188716
-0.12119010138760822
0.8690188696189618
0.12386439834537799
0.46946402117351915
-2.368888903951686
-3.10760759027307
0.4700913432902516
0.9445612452395591
0.5978608821426799
-1.3710193812986209
-0.2822879308897619
1.1674277600456286
0.20207533711543352
0.057952796234702376
-0.20797747163295965
-0.3675757845164057
-0.2914278163540003
2.067282170504526
-1.1793691461553277
-1.1508851113198635
2.1905604202438824
1.342749284180988
-0.7981913477420514
-0.5382430909007684
-2.30304863388023
-1.0649194777215039
1.0869525738216517
1.5201187865603534
1.7610445878516856
-0.4669267383446295
-1.7190380512013796
-0.18645380136590473
-0.23362022800958582
-0.2510047362444972
2.432561506934626
-0.1430061720230588
-0.3555444948577767
-0.852124305965295
-3.3990452846293966
-0.1128477230096025
2.9683033883317744
-0.24095015240276008
1.5595330714381919
-1.1533422213703388
-1.6069398098771264
0.857132262223952
-1.071563974970371
0.6859320751005251
2.428135620153155
-2.4345849720144495
-1.3915101817058813
0.1370703083430953
-0.7664728488185041
1.673887499278016
0.7017929544404073
-0.48098204344689993
1.7484972577413365
-0.760076121894295
0.4930767931780806
1.1931561875475594
-0.39451495191902697
-1.9947199903240431
0.8046830461137237
2.8425520751165774
-0.6579866019207061
1.1755081665419111
-0.2532246205055583
-1.8853874370948884
1.533320913621789
-0.09330422158372048
-1.6129986872164785
1.2430293404024864
0.9511456441062844
-1.0667437399031587
1.1430119186610472
0.6701990301965661
0.060572871957240704
1.2224889489024928
-0.12253780068555625
0.2090892439548625
-0.9008330962455524
-1.1656579272045242
1.3808069565660213
1.5080746607231286
-0.43622440679928076
-1.9537257103947145
1.164893315496916
-0.31788243693841023
-1.1156820457725638
2.389337051701622
0.6756826493710906
-0.9672000071498527
-1.5932637119730086
-1.157355108211045
0.2806673531819138
0.14359104728324446
-0.12815213957401728
1.4844142131616427
-1.0860022653499104
-1.2779364367125525
0.33154442829409153
1.1461615029977676
0.1036957863299191
-0.3227165997010435
-0.3721888730296575
-1.5013114178534552
-0.43882072060565747
-1.3562029171362857
-1.063194237419097
2.2277488502851255
-0.3969264579306344
0.4720159024810774
1.4026275752745867
-1.3638856897094624
-1.151118962719905
-0.0017765227131610328
-0.30961634267790683
0.34425545631438065
0.389253359912295
-0.3358468953466206
-0.10553009383839962
0.988662069696648
0.012701101452182673
-1.020387460210502
1.0977606620175824
0.08014192906814514
-0.36025299985016834
0.6415981620082769
-1.180511051484239
-1.8880190300143667
0.5077379133757955
-1.8642209674324821
-0.6074696531659708
1.3596726503762313
0.798698776664936
-2.2388266864669752
-1.077468622667503
0.45932912215832983
-0.37975572672183777
0.5913642463801156
-0.3769180979850939
-0.016703955873865972
0.7807265708532638
0.11475459949082611
-0.9612778744528236
1.1870512686717265
0.2608737978088743
0.5862727496566921
-0.43632044627728345
-2.1666504558784077
1.2827161222742929
-0.1733786505061704
-1.739513988045689
1.313568579301437
0.6937277881451585
-1.3104063548111724
1.5484612075584483
-1.017391153273163
-2.8034471950027693
0.4996681094967602
0.6673373634308546
-0.7123446385122711
0.7193773775804999
-0.142019395415332
0.22537245546428675
0.9056038030862199
-0.624760555779448
-0.44110303132835027
0.01046402414611014
-0.14722165919066188
0.8762108507425959
-0.11735021195045908
-0.24057237271495593
0.6621867538041675
1.6364942900723698
-1.870983425039281
-2.9314658219705385
-0.26633595924405695
-1.2204762463615024
0.5136270090057876
1.5912077247142413
-1.011333495845494
1.336802412771189
0.09041890104103043
-1.4167623929844864
-0.3339031133109927
-1.3121380546743917
-0.20979428270417616
0.30339569528360055
-0.6759150589601142
0.7564143837658157
0.17265435314031413
-0.0956240863299932
0.07759690353607429
0.18221853903203528
-0.6247361102666198
0.8561377958634406
1.747162667266535
-1.2665682893078882
-3.3218867206978615
1.3386028935438872
0.2539780992190662
-0.2285592809424112
2.441636943902051
-0.8882045523901082
-1.0934406320506178
0.5307071287277315
-1.0192473730068776
0.2233192267705431
1.431354564823121
-1.2394382853586223
-0.38948716249842796
1.203933355272142
-0.4400009818630165
-0.9179682127584238
0.4069941467015455
0.3350343989740359
-2.1508180557675556
0.743215497777282
1.4282634412701514
-0.847969846926893
0.36989356722642586
0.6825092647125889
-1.8346497029691395
1.3347966229699642
0.2684368895444438
-1.0030846130212534
2.188001592984076
0.6793673014891642
-1.0194344939877402
-0.8362892202363492
-3.109683859970599
0.20973094914923254
1.874941996409884
1.1879631478695114
0.2178649372693463
-0.6765882510164016
-0.9560386626771492
0.4153320041401254
1.0215339575580156
-0.6899625557008464
-1.9211235785082903
-0.5510422326964135
0.2641802541257946
1.5150961633475055
-1.4064877798887767
1.2121698894119497
1.9339525226957797
-2.222839936923971
0.9955218834213463
-1.9375290052416743
-2.3155296150606057
1.8568182990381907
0.558936188297511
2.537548635338311
-0.33718187969228075
-3.638616143697712
-0.02308172152163776
1.3872894041707038
-0.3760343035016475
-1.563958972309309
-0.9855255883589958
1.4395204761635099
1.0656666591886965
-0.4583074288042812
-0.6972227685788315
0.9076916548129134
1.8287569710823592
0.009792687348534196
1.0920858359653804
0.735464698460937
-0.35323054099614537
-1.0097177598114329
-1.1611106763508166
0.28366904514160485
0.9366427284159351
-1.2485638584364604
1.5043063323085162
0.8893542905571046
-1.402037133846037
0.22667689541449387
0.4682654804401909
0.9745824962897829
-1.365493897503577
-0.06096787732034681
0.02046703163077107
-1.0016341970408753
-0.2787463249766725
1.2172684944937755
-1.2103757968244846
0.29718216966797534
0.4125504937376598
-0.25541647045173055
0.5585128303417859
0.10551283593033836
-0.921328647330165
-0.2518905908658652
-1.105100882882333
-0.07911377482466535
-0.001560862770271454
-0.8210993900712416
0.8098395073804507
-0.4142468224286574
-0.5605795472391515
0.6061721940183817
-1.305608027483445
0.5602567954904307
0.7213310570095482
-2.044598842526227
0.0814831326423569
-1.0751054431107998
-0.3551327110337913
2.4851112907745243
0.06097742872067825
-0.4735755980827769
1.7517343357059296
-1.7229648818791379
-0.56179489418054
1.756409045787147
-0.8786188877564953
0.9062527436259147
-0.6108271185332145
-0.634383599018139
0.7696954697078385
0.4442960089078646
0.9180407983632515
-0.9050326421241748
1.2483101894638011
0.40012290242536686
0.22775660869757797
0.07527612593373462
-2.004338027612248
1.6243767984819053
0.32557675774607586
-0.572595241092536
2.677807023871102
-2.124317655272133
-1.5036845656958053
2.4956769807556274
-0.13020832517650055
0.2823042327048326
1.2109709865461677
-1.2917845305250235
-0.8320385833132138
1.7810570672348107
-0.7341588791304313
2.5012932979002835
1.3510756904046635
-4.252758972959191
0.02197003977101225
0.45828343981077857
-1.288065747562698
1.9420421082579173
0.30126589961920097
-1.4804636475303679
3.0128480478893
-0.29183288401878327
-1.411046257826258
-0.8007100105924323
-1.6392110094605528
0.20433128119409522
1.7546187889498235
0.8176721659898023
0.4324283898337104
0.14916820512492235
-1.859287890366374
-1.9436738833851253
0.14880116248236763
1.023685961090022
-0.46021177299485716
0.48560034046466183
0.3163518690926922
-0.018901705996631435
0.9711260877768493
-1.1110380992718352
2.0902897341546574
0.8237882387729851
-2.395312869817795
-0.9215702625447073
0.17518323537803768
-0.494152211217438
1.718131734192632
1.7381677242362619
-0.20702083633209145
-0.6118181999777805
-0.8154969562588767
0.5427538096035023
2.7769745783207282
-0.308609815609119
-0.12992593463091284
-0.46355949983492517
-3.30888569226218
0.9088828699378106
0.7514180337466158
0.45688263179842054
0.8410383772932367
-1.2486706059724706
0.03552313220894143
-0.9844962841829776
-0.2698545309396019
1.918009010189006
-1.1657765319208873
-1.2056207866086182
1.5994103147208838
-1.5318061602795179
0.15139944862800675
2.3588014523114262
-0.9685484386217783
-0.8300184762275903
-0.9170737775461181
0.4100977899758709
1.2190331083550634
0.25422490426107097
-0.7836858546387744
-1.43987894764919
-1.256264660408047
-0.4475315652794246
0.16511944330787764
0.5253224510475891
1.3346979644738122
0.24582991830343293
-0.48864528587459277
-0.3524009390326927
-0.04360215758136754
-0.47858518227556346
0.38251152753429474
1.186008121057178
-1.7571196618442895
1.6879433639225248
-0.21342024882197452
-1.3051524983628326
0.22685290296808314
-0.5286372000310625
-0.668004360257429
-0.006469979965698092
0.5644130453938037
1.4561821955738328
-0.3928473412124844
-0.3376884106769321
-0.23042490602331359
-1.4523127306731238
1.0627688049480115
0.3027778709040069
-0.9741926779664485
-0.10173278556983645
-0.14603086098645773
0.7145513925250404
1.1121963304860694
-0.8710682656502134
-1.073017712781716
-1.8370890448746269
0.35832877451743395
1.768448485162751
1.3328893938908872
-1.0917097238308051
-1.9047373503238234
-0.2683574918260473
1.1004092594801005
-0.1938292398321808
-2.1266853650072663
0.10539252089293166
0.2653526201307348
-0.5302328432593468
0.8996437704632678
-1.3245124492469016
-1.7691265056438215
0.3733733251059791
0.0040325658956174015
1.8393888691174956
2.9709025545080587
-0.9069360449427731
1.330824899014534
-0.22003389843882737
-1.6961193107860508
-0.08395699332721451
0.2882321694898103
0.7836418736350497
0.4708519376002376
1.7820512108653035
0.17925181821534597
-0.28486484482228047
-1.3792094504839805
-1.4633563547727684
-0.12031227892682705
-0.7227300591576804
-0.5630464388578478
-1.1778051838562003
0.4270032767931435
0.5626727687877453
-0.5214454077738204
1.1341985521069944
0.3249642533931131
0.3128049094481392
-0.4787154460295541
-1.4026961384298016
-1.200508199837122
1.0348808400648073
1.1130000189049583
0.3978021491069179
-0.6425571015779433
-1.0307962821233887
-1.4853749508498961
-0.3288201286299135
2.1429351895746755
0.7545346849576271
-0.42746322396756864
-0.5853028817487325
-1.157719611227575
-0.5210787281006708
2.5114478559373485
-0.013004692315821131
1.0365290123303197
0.9925217621613697
-1.0759640985265784
-1.2088574198312687
0.255832223269589
-0.4690773866264642
0.8763756255696619
0.02613286458749775
0.9809824052373416
-0.5809947625991496
0.34042922399095843
1.218688564833649
-1.6204992075916298
1.1898353422373722
1.237185652252609
-1.4046234677784357
1.0574827201973966
1.0056842608755374
0.48776415561066666
0.9087159049776496
-1.7670631832952144
-1.3834090728796182
0.4347239850375154
-0.14337505986566423
-0.8106014788588636
-1.681760628361674
-0.8501745767377342
2.0282284197930043
1.7288294123740635
0.49326542888730673
-0.5629785690541881
-2.8175889040627657
-0.7129758163203662
-0.10483758939330645
1.6106536613904257
0.5096634500365557
0.21031844098858282
-1.4184576882669406
-0.3530910810187824
-0.10604545311761798
0.6867775623403899
2.011801545240958
0.1772381978922144
-1.1255383952067581
-1.2301717436722122
-0.21624749788858913
-1.1376313248261174
2.475082704606625
1.079968198190443
-0.6431173495760509
-0.38646764573645864
0.14951779661732734
-0.914933244294424
1.1784952335470011
0.2381441931812332
0.39262671318854603
1.3418191832618727
-0.7961795455472374
0.3507552198293775
1.47849588819954
-1.2263664442176851
-0.7175985843510153
1.4567455828478149
0.6893914473040615
-0.35277957228038015
-0.1120068279975821
-0.14945378384894292
-0.3322167071705943
0.10680455514967008
0.021107287956831283
0.43337460903135083
0.5678462380322364
-1.8575874930462786
-0.7194767162376996
0.9035627417827572
-1.7301133225363075
-1.4091990767387896
1.0014648448804369
-0.11976984812852137
1.0988971998524513
1.83664365817787
-1.8744972582135224
-1.1989922194957445
0.6150067347048666
-0.7892392608984737
0.6100252126840375
1.01160593104649
-0.8186058886164039
0.6725659667664645
1.5013935167686652
0.3892024358648031
0.6469535793764747
-1.1927451405213798
-1.681754343647607
0.06374527678908581
0.15961909307705252
1.6804788160464832
1.7230387037139585
0.48474822219309543
-0.7989604788408649
-0.4489858925508904
0.690700642588157
1.443701570602095
-0.28430746996762724
-1.1462238142028165
-0.6107037698140508
-0.8815964539635469
1.0623872438937112
0.3814405743039706
0.13689485062214346
0.8447819104341661
-1.0324683285997494
-0.26480736501416446
0.412490507763629
0.732126778609993
-0.18759659940603096
1.6724301243948612
-1.022640682965445
-1.781987935018349
1.0686711927183694
-0.6278648726796648
-0.16464446485575954
1.9571661212391511
-1.8412916516637559
1.2505675003194139
2.132150844648896
-0.8227259162762347
-0.2627480300622555
3.4658329834977626
0.4317716436705348
0.364812724295164
-1.629419058147634
-3.6334166383835558
-0.14496373860983303
0.8977524857870604
-1.0301878799321638
0.902720776335912
1.2828143734557749
-2.664852252727304
-0.23607655190812327
-1.1075284710250828
-0.0769055809726471
1.159726687576729
-0.6658627676713813
0.1890084631392795
-0.8809163397698508
-0.06806144418223992
-0.38479956675371874
2.3694238966454244
0.7685864972339361
-0.6803769401021796
-0.6839814393246724
-1.2591592734072419
0.43653865036799333
2.6361943622252544
-2.5306922003156473
-1.257058048207875
1.2654247314802325
0.11531878493603132
2.3617420847331085
-1.7615800016041927
-2.114663390829241
0.6698908567429545
-0.29875746405502646
2.1421903172772643
0.8798203631896115
-1.7760028456172836
-0.8720171716957743
-0.3782628746778837
-0.42851116795923827
1.4181351884229239
0.7501584214314969
-1.0831493797511993
0.14831532086771243
0.5428047610692427
0.02479994363195559
0.5815537606362059
0.7539385304275203
-1.3355471634096197
-1.1550659985721998
-0.09804723909708918
1.3474828314824476
-1.240680556583655
1.2572734813087667
-0.20502343867649075
-0.6793240354565515
0.09293435216122459
0.331218968411091
-0.21428194010387203
0.21134688346583835
-0.42856133655710976
1.447782584334277
-0.15291529069150972
0.1762049871832566
-1.0970300659372378
-0.753623908605017
1.4513787676218475
-0.6717957790444227
-1.5812249212920158
-0.279085967710893
-0.28771148583353523
1.040806713822283
0.6358196949576248
-1.8273524595693877
-0.9971982315121819
0.49992363727107936
0.9774604425754272
-0.4308701322423354
0.2291619355204492
1.7180145074375899
-1.8682103862136699
-2.4579349042586744
0.7605645888888268
0.005779749649352628
0.43029537554043074
0.9880577152652467
0.5970299416633587
-1.864780808667873
-0.2710379237019447
1.3298268159776592
-0.9432607856099241
0.828582004392381
0.8609615815364264
-1.4510219920311724
-0.7493737552697481
0.10293095145728015
0.04673929395997434
-0.6947796892643583
0.5975905562996682
-0.2801066657185553
-0.44256160854375604
-1.1715087682041303
1.4304648784284986
-1.2095471124201203
-1.2507240787031495
1.743116271407641
1.2896511935514527
0.20649837211147098
-0.5882858380948915
-0.8566496683934138
0.5568243617975257
0.1254711985446577
2.4043697024088275
1.058288229173277
-3.3499364968778576
0.440091153307965
-0.17149236099202125
-0.8722818057929478
3.00168486191218
-1.833581220015612
-0.9717564297697028
0.7214983758501949
0.6263122673474302
-0.12276950625430882
-1.348067057869041
-0.5907060800038217
0.7756897708982031
2.0036594314655582
1.0399484530387615
-0.4542549633048861
-0.7135442574260848
0.4701892427557518
-0.9012201785065539
1.677745050716882
0.6129606978980202
-0.4196100220227731
-2.0798608960101737
-0.5576283141395514
0.686274716562022
-0.28871648654100524
0.09094683000667603
2.026317312649335
-0.2440902164179218
-0.45225656213568377
0.5883768950424232
-2.5032925823283136
-0.5430803906206685
2.221091834933282
0.24363719473356832
-0.576525559404893
-1.6313001856087699
-2.0846393444107627
1.102340070612162
2.47118284469053
1.1224129880296938
-0.7758489897123025
-1.0948474492053526
0.9424617121873811
-1.2978500386961382
-0.3725660473979773
1.7020195439496943
1.0319556602265072
-1.7290853084025608
0.6620354847454606
-1.2578535900310936
0.4217032258893716
0.7115452634813251
0.020843788822898168
-0.7073834019333097
-0.10635924558567104
-1.2620911204283227
1.0859416137338715
1.397735681293258
-1.7407680721009524
-0.0870731578309624
0.1204689998752326
-0.7954545132062869
-0.5418758355412403
0.9107900612022478
-1.160427960805589
-0.22777571605369887
-0.9955905082176483
-0.7844451726822601
-0.23134472949442042
-1.8580774873616854
1.3547339388324904
1.471416623029421
-0.4032831879209561
0.21336242495616844
-1.0137142475276606
-0.047259937544499975
-0.20807182904913724
-0.44218032319007067
-0.49533355548189417
-0.24476804797706422
-0.42769104152327025
0.33121566763980365
2.8257182632121682
0.15415571734479683
-1.1169311935903083
0.7759587560016321
-1.7941726765269777
-1.8233100724345264
2.4458492933341773
0.893230101576481
-0.2378241067828885
1.052735019791409
0.2362628097077908
-1.0929746292139568
-1.7114035428609096
-0.6784696590088815
1.509717201141429
0.14634523172233727
0.029739291108431057
1.258675795742346
0.47550189453079106
-0.5181015692006786
1.0763505257172463
0.0918155669880355
-0.8473579447928479
-1.3638016181328483
0.3199742401697819
0.2658087162840886
0.818365195551588
0.08251527675170173
-1.015685828559887
-0.5027673049511658
1.0008031636917254
-0.574383805880193
-0.1423385819675824
1.0261627019847217
0.8227216125961511
0.8369271367229871
0.3017331521990954
-0.3785648459764135
-1.0784907589005623
-0.4609471917527073
1.5609421466462883
0.07914061974093783
1.4537250072021666
-0.9692321753819564
-3.145660838028876
0.6652720192816906
1.4572467547316847
-0.9680456832093308
0.6832847525723772
0.2510941700476794
-1.2874885244213994
-0.252801789135975
1.977439825330317
-0.12424369234785082
-0.4756972054924866
-0.5773215553219131
-1.9895018412223666
0.29224673637756304
2.38442397528049
0.08221503557469251
-1.634364552340366
-1.7295835786996903
-0.17914290979975855
0.9570438788921437
-0.3291663147191245
0.23889803999007944
0.9195845411104673
-0.623920278677053
-0.8542976571486594
0.8797715611192674
0.1401083067517368
-2.780669511583079
2.817212111936114
1.4996394196644736
-1.5978956040593417
0.10158346572589017
-1.3855078519723678
-1.675401827130985
1.3273240231845467
0.1640497523611566
-0.09221256681932508
0.7242435504778133
0.7236843674338079
-1.356306421274689
-1.4603863449600683
-0.39612252333971454
-0.13000004344828653
-0.5968175316110279
0.818723131615051
-0.6826833154046152
-1.497912047935971
-0.06728591144884943
1.0344442482133696
0.8145438062657853
-0.8470252959131088
0.9502638637455654
-0.9028399274092304
0.37170873871061416
1.6903969949167017
-1.1073461567258032
0.9962226860054195
-0.13201225559266822
0.6989055822636658
1.3505075573903476
0.08981037298184802
-0.09338823510364447
0.0002584356965014689
0.20475166844333093
-1.6868533179872578
-0.1344100429732761
1.5155243789397537
0.9894850010888807
0.03929947550132662
-0.29971409355297285
-0.20694138058666955
0.204001973239679
-0.03478287224147032
-0.25144915365940024
0.677581560184175
-0.2819840291118063
1.1236376022321972
-0.44003604417783976
-0.8289379393154361
1.4643833695815456
0.8748971468509881
-0.37704241885065126
0.7867843907994798
0.606398687607488
-1.5452666231280077
-0.619714388762602
-0.03341581626419665
0.2895326543517579
-0.38530329690891285
2.2058631378800073
-0.459507713745743
-0.7037526895653881
-0.29580772006646683
-1.1170932782380087
0.16636775899025477
-0.8803646516595622
0.6983849602494789
1.8749799200532706
1.3534300899621312
-0.33439431550148757
-1.0917289049026522
-1.2617881147045555
0.8941264814494089
0.625446793924082
1.319423434847898
-1.463714230666193
0.25727891118027135
0.4751677613237412
1.4790856876910408
-0.27749766514301777
-0.3378807935728779
-1.16651183259765
-1.2517071126110568
1.7504245196887684
0.7742227516942431
-1.9688136644343806
1.9522896591491352
-0.23011917797902254
-0.2120823983800071
0.7551867242215333
-0.6962524113579481
1.080916171844704
-1.3272250492223003
-0.8065371261219757
1.2599649702246625
-0.7118056671974564
0.6082590851895222
-0.6898676857384429
0.07552407078770706
1.8951852981207167
-1.1019991123499595
-1.2125824685958615
1.1995880674631954
-1.0274051602979486
-0.833748663761007
0.5812363610923558
-2.318341667179714
-0.048311864257955583
1.1829743077749488
-1.1832570132376445
0.4818423585285968
1.7881926213349173
-0.5527408314971567
-1.4778768943231255
0.3097036156793065
-0.5927601764563428
0.579132521855839
0.4733955846567519
-1.0126162624765627
-0.6202460269185869
0.3193738590226912
-2.4014445248102163
0.6549429494294157
0.6230977110081903
0.5439492420066567
-1.8060446163006314
-3.0888973450270854
0.9925464983469491
0.09873367892333462
0.15590529547810017
1.292434972344498
-1.8449594587858658
-2.4214893786499045
2.2624205362715193
2.221907517986585
-0.7103862954704485
-0.3590196278028315
-1.7690617226672551
-0.29097189660120104
-0.05653047665343891
-0.3036487716890934
0.8611422249405818
1.0536112421771882
-1.0622602990466037
-0.48754881494599556
1.5801815876295626
-1.2519335442318515
-0.4099331906586646
-0.45085182702280635
-0.6660235898010352
-0.7613404524201789
1.1546117397570859
-0.30557276711158377
0.49695548268328327
1.3318402122337134
-1.7538846279413387
0.3184002602972752
0.11091301159774791
-1.2271226336235592
0.7159066013446199
-0.3855191645740576
-0.2856884179261153
-0.7554333668278568
-0.025735827415316687
0.3021566668726682
-0.6314673131482855
-0.31688408096336035
-1.2067804846060608
-0.9246163589729162
0.8509773472696016
-0.32547499439382355
0.3752960279036729
1.1722892617008904
-0.4802133512383912
-0.8279990411010875
-0.5287449106898596
-0.7475374308085947
-0.7782396758655423
1.1021830052934825
0.8106379308430992
0.46133192210544216
-0.1183942630471091
-1.4029762525565395
-2.156948321090221
0.19962250926226205
1.1369685264863763
-1.053567726739499
1.3377074119922412
2.114094117694839
-1.1199956111880667
-1.562981826898226
-1.7804958671007258
0.4891135994430543
1.5320403472298203
1.2700789656518097
1.5192375124700663
-3.242360781000723
-2.3928398525198733
1.506283550624103
-0.3461280317319787
0.40818097694602445
3.516081315941034
0.022310049937910637
0.1621959213659976
0.4480768773603908
-3.288320409650397
-3.192208619481807
4.283703102287258
1.0180407027175364
-0.7863496666763734
4.111586397662837
-3.1346340736241673
-3.67186985213868
2.105356151578444
0.1444873160987455
-0.46750528391388047
1.6657078838599064
-2.3761021982032293
-0.3593262611447783
0.9608126881012354
-1.8478410091906232
0.7587311046161976
3.33370594289399
-1.1520871878871493
1.5686053077383384
1.3618602755189022
-3.1202525485600336
0.7794437620330096
1.9782074093870854
-0.5399920739489057
0.37449949315603376
-0.2877452568274632
-1.674327995668574
0.2864524352192247
0.7098118492817489
0.7244697420096036
1.5618950450294402
-0.03327918966291371
-1.6392947112740153
-2.1312722050339703
2.6918799555922606
2.6823105538830205
-0.15628921334516888
-0.5811856545538654
-1.2326907717879907
-1.3047611468079354
0.7524702277304202
-0.18425262388488817
0.23719127088090255
0.2634155552445823
0.6173781078251057
-0.45269279369630144
-0.9853451646743473
0.6117051255537566
1.095812066096241
1.1630419203028444
0.02080924659878465
-0.724654602037607
-1.2113962672415552
-1.9706094532548344
0.8797874470973893
2.1684021744601134
-0.9565420735804502
0.20763410964641615
1.3655009372651725
0.4785530568274945
0.8140549769652942
1.645051064577236
-0.07582512561934585
-0.6860709230589626
-1.3220513090090242
-0.9149191874805996
1.2064707276166986
0.8972622693390039
-1.5223292112095659
0.9127990000376038
-1.7501929667098444
-1.8146514419735147
0.8010971307338386
-2.0526047071106683
0.7115588420112686
3.707612893781663
0.8578889271199186
-0.0669045804578513
-1.4532870495435932
-1.8289108244675074
1.5250986670200382
1.971114560686385
0.6948541953700519
-1.3121832949573728
-0.8602621479134711
0.6415517482017274
1.0905718625986602
-0.07171152735382763
0.2720741152399015
1.1371320677233099
-0.3265627128711761
-0.7831809368811776
-1.3296932842601021
0.6987104019733166
2.5377299560798234
-0.6439745678297335
-2.198665577938051
-0.17567298191258976
-0.7059947451406156
-1.5672075174581908
0.9226822844550304
0.7298119986375571
0.4148945877316557
0.2022941246102655
-0.02047422129592147
0.507415856173959
0.4934218237018453
0.49917748955381774
-0.44949749490201957
1.2373386548269514
0.9190324834740781
-2.359123754130719
1.2824884718785685
1.739170903823028
-0.811931827597642
1.1615461073658833
-0.42290836116778974
0.9278592451316614
0.8394144315160736
-2.2892933046369466
-0.19376053090712136
0.16177566715953506
1.93118266429344
0.5385540035140919
-1.3401770992838908
0.4190439418087912
0.7716141251033971
-1.0107130114015883
1.3104436715474777
-0.5118443726582642
-1.7717613570320758
-1.3546610865395765
2.6050231121372405
-0.039183139153203816
0.23737416860450755
0.570248944520027
-1.3179954023631364
-0.23785716211776983
-0.6006965470721339
3.1662748842293
0.9906319492997548
-0.24520421345559495
-0.07073455421263691
-1.9380201126817722
-1.301284031189506
-0.7900374346831314
1.1278949232004998
2.440782198771064
0.7757539961106171
-2.6883987951953823
-1.5642496026803805
1.0684506835898064
-0.05448583224502529
0.8024790081900756
1.5192574962891765
0.44769529690151644
-0.11044388490584844
-1.0326068193030922
0.42394560877041265
1.1208798262101638
0.9101500883430385
0.33362368876371706
0.28884614095817496
0.15350450041863073
-0.31516699510893076
-1.0514654293629273
1.7719677637893216
2.062799571655471
-1.1106362692140552
0.031243376471479567
-3.968699616353514
-1.7214277679145633
1.963062826059168
0.3409137696327542
0.20334843103829603
0.028150651893901646
-3.0697776094002807
-1.0536917365864988
1.873479693391592
-0.24646660600816195
-1.2137016291607514
0.8521499801800934
-0.7858810535507921
-0.7438325104144652
1.868955674984382
-0.034436366415328795
0.4251158891603156
1.8143243212255504
-1.6969314950577337
-0.20145802988341166
2.413674325943485
-0.41048792048975796
0.745382972173166
0.706213986399929
-1.6383699432962568
0.4482625949855794
1.0322517591756335
0.4614716588047494
0.263134952231232
0.835784674272095
-1.7002094485511465
-0.7196009169470379
1.787981501048204
1.0232265316277505
-0.33970382417132344
-0.5870124386738522
0.25502733767752095
-1.6006419966369063
0.2613520612579552
1.8152510295906399
-0.012924292237442125
-1.2974748889151173
-0.37265350712220724
0.04003983059066918
0.5232495517531577
1.0554520212233576
0.3485420392758914
-0.14068333268599625
-0.810226041401553
-0.5469239470175121
0.25614007439761327
-0.22125052473487739
0.9890771892581105
-0.6009052182828508
-0.13397605572012172
1.3598630417441004
-0.9343002620029927
-1.8643729172086903
1.8072450629277346
-0.9591790089964825
-0.7329756963138938
0.6565369268228556
-0.5438423655980562
1.1772741884625817
1.0648684931293322
-1.2042112889329115
0.1981342731135386
-1.1756146278713775
0.12821268499691052
0.5204836246468526
0.4780338967063889
0.5916077043228298
-0.46276059626178384
-2.9494189076263124
-0.704388306666619
1.539010028553137
0.5717517116566041
0.968292252873145
-0.6865654406658839
-0.2067282452935233
1.6075521300909434
-1.532223091764502
-0.6836217993475293
2.65520388838918
-0.29192177448746437
-2.6947887171469063
1.3286717390106948
0.14321009086919384
-0.4481314465974974
0.7949345647137953
0.13481486477936983
0.30228251356576386
-0.4857220612989852
-0.4926582182840215
-0.06472891075824186
-0.47447979665301887
0.7656309991484431
-0.6898966374147608
1.8212186675369657
0.6700799250843379
-0.9402407068460491
0.2578517359587015
-0.3682382226027866
-3.0041803392225765
0.6347486599938724
0.14879648370393905
1.3286518552933269
0.4900854282565691
-1.5959059107167048
-0.33959017323506924
1.1919713526252038
-1.8509901828489128
0.6901006687546276
2.1847570531974965
-2.7404241654655177
0.6266928699888953
2.1432170386481983
-0.652756761719459
0.6497882954207066
0.4044910331791025
0.0007010859512071033
0.5347528812148811
-0.6456383354386038
0.4490144622109113
0.2756038525964017
0.9330130433388634
-0.4904500835327784
-1.1764492386712655
-0.444001356963621
1.1324262454645384
0.509652652239394
-0.7612444754493954
-0.01801017505603693
1.7779398451394846
0.35245189573769986
-0.6063240331383206
0.0060454892161259655
-0.9258907001532232
-0.9581670925698119
-0.05246915918019568
-0.15113994504656392
1.2281919341797927
0.6882505664521842
-1.1023682914576174
0.35682902774273406
-0.8437157481046158
-0.2582480365926329
0.7347177383981267
0.2605771114510492
-0.34183890080623514
0.5769536876008978
0.5926493892123825
-0.22833271608371725
0.33206310213340723
0.5477634653715666
-0.47785032920092996
-0.1271691920821398
0.14610831843801347
-0.6004239778203353
0.9101769230108185
0.3784209066942782
1.2680758246327632
0.6964696547330467
-2.170690492915569
-0.8888410479871407
0.7409342079167275
-1.365071309615412
1.647448491386693
-0.24901971612965457
0.3373825364565808
1.6756441182323873
-1.4346135383955203
-0.4564264010370855
0.39502122322078803
-0.7269255756339341
1.0085096975587282
0.9087440519619243
0.03439152208801044
-0.16927435417132833
-1.156514728028227
0.8397877382274341
2.2596647477436522
-1.91761498913464
-1.5613913829800972
-0.12654472332648303
-1.3816199569989172
0.6903752591045802
0.4551042534701566
0.014312530600793905
2.157728037336555
0.5565587053004233
-0.8686719049651435
-1.9481389612024855
-0.9095400205155584
3.1744882082867316
-0.7157993270870823
-0.21512043386077057
0.5973471103859757
-0.889247452170776
-1.8805377189338977
0.823132408324539
1.5711876402620095
1.2756330362871777
-1.3356248145189724
-2.625082848139053
-1.1142239424871112
1.2186207913009564
1.0340581769218222
-1.2177364376558086
-0.26679158370948713
-0.8405495239145161
-0.40951510575129535
-1.0140270666063655
-0.19172658030296474
3.1162580953924524
1.4855565186895832
-1.4584516488636292
-0.2044176775591217
-0.8715799474786226
0.5492341447534516
0.09369097826847428
0.1619729833723029
0.11929400645629601
-1.1196582861596978
0.23912211781793888
0.02924890457723217
-1.3404332004298338
0.19414694169606794
1.35887857422395
-0.46231633181419396
0.22093095838475565
-0.41199578761076255
-1.2902301341261317
-0.1503075037950632
0.1897228518920548
-1.1177440275932262
1.9708659082649242
-0.10732793083567926
-0.047312478622522525
0.49856626200555454
0.03587080741501825
-0.5404892125205725
0.7056409730982272
-0.5701377743190206
-0.465997908511422
1.5592059012202089
0.6036439942839349
-0.46968329363664596
0.3529628026915953
0.022119908371216912
0.9152595463431181
1.7584858072691987
-0.8549952164227179
-2.656551972784454
-0.05572006921379172
-0.5907883638705363
0.4029028683093351
2.642104968803932
0.011449218662177602
0.20569414531585162
-0.6205129569754027
-1.4943294723537799
1.2934753596806334
0.30687368048786634
1.0806668106006612
-0.82506924564854
-1.0374424196980767
-1.3870949824707413
-0.0444391044199868
-0.9413898724761665
1.2124797762446513
1.0962810779041339
-2.0294320080707458
-0.1535001663363631
0.2556381204306112
-1.660174235916302
1.5411151999754056
0.745187081574741
-1.0764824702580396
-0.4395095741263112
-1.2444353371372259
-0.15790350414589954
2.5746698336895264
-0.587431613975511
0.49977798351948177
2.6451651855811322
-1.7720890868339096
-0.6161145715566343
-0.1782027713215073
-0.7274805089131896
-0.6171690312257827
0.5792683732556639
1.077010743634606
-0.8646905211613356
0.07983018802580094
0.7741448329004954
-0.1514903526625057
-0.9737731260995369
-0.6756325404724945
1.3671032403918533
-1.3309506335905146
0.2945456945853088
1.4104347032960665
-0.747600988512911
0.3244144114052088
0.49320038817283274
-1.309934286881976
-0.436959694396148
1.4395743793975733
1.1601058329271556
-0.5688919074948938
1.8152003335847011
-1.4478837313134747
-0.25997906803031845
0.5081250208429394
0.020742072771073428
0.42857364968217404
-0.673303804826136
0.07629558161715855
-1.447240783057472
-1.5918474352716978
0.11669230695475552
0.7050395189747752
0.7302007241738064
-0.2486410613361027
-1.4667904799737357
-0.5707579057724823
1.375381229263017
0.43170291471466926
-1.799532280050176
0.2583945201807464
-0.7291431044493072
1.3400107227821039
1.4772151425745577
-1.9269134521933966
-0.1852108487024745
0.4907788202524134
0.20071362112983293
0.6264842313388833
0.1282535263552825
0.5556738594087475
-0.8188096568299186
-1.9782445325400309
1.0786222742457279
1.8549315351088356
0.335743452739665
-2.0567858721837773
-1.3354897009761257
-0.19454988088901015
1.1443847676652392
2.8806718778910585
0.025123676516569438
-1.6245926693596315
-1.1174666661910853
-1.0545465216484484
-0.011959980445786056
1.3571972761627515
1.004916551708651
-0.7736569637732152
0.4830421707933407
0.4350211144247768
-0.4752658549378968
1.0934102047631253
-1.045345159797286
0.8723973596651333
1.000581207980207
-1.471488064224647
1.7296693750259935
2.852396288818926
-2.512123342947432
0.1269814626069281
0.9379245472647879
-2.8771395923777607
-0.3003754300338266
0.357446616327902
0.26956507763437665
1.676822086658148
-0.32549550618711576
-0.824968300637078
1.500652046939274
-2.7470747511511027
-0.6805031192494052
1.7944132617619744
0.6826560646219009
0.7659753943266112
2.0222638647896716
1.6144412995115451
-1.752077733816138
-0.6543668227751126
0.7661841633381359
-1.3001073897019682
0.502098670869067
0.4141020303884324
-1.2068498823559168
0.4409720544926497
-0.5653619449018117
-1.4078217385784066
0.07958356094843921
1.8452659820415644
1.2659149664908251
-2.5316679677600957
0.22674732342895143
0.638974313964533
-1.289309030309582
1.8200923896577432
-1.2824299162801833
-1.8930044527626007
0.9799982595184609
0.06900008242694833
1.3926508083354134
0.705359057746795
-0.2623474453925234
-0.9996766750961708
-0.7069448281337811
0.13654343141160036
-0.15144460548740812
-0.2811464746280429
-0.1357530125156563
1.8595294581329793
-0.4377372049491902
-1.7338073406537262
1.4678783873933343
0.10264558924173223
-0.22236838367652323
1.211720732014721
-1.6053338860896114
-1.512267812213395
0.8638985674557996
-0.1927705539334939
0.2311315981134746
0.12805060483129194
-2.544308039980513
1.253699022957933
3.186734903414828
0.0690652237528332
-0.7729546754358697
1.0640372852373794
-0.8289789842082487
-1.9716214091822293
0.1653400968268135
1.6438103248241511
0.6182389825223562
-0.5947176662015503
1.6351681544658114
-0.06177957138358037
-1.5772486266228034
1.7867343275711227
-0.6282826896514814
0.5961094415710033
2.280796357755402
-2.1347488953040825
0.06198217394594041
0.8523574213075233
-0.937671122126686
1.6632626107073443
2.34272547606158
-0.3374338102146336
0.13837570791354947
-0.9073424997998614
-1.9103416275977692
-0.36391865323834804
0.4983846654094225
0.5582223953195382
0.5611923821223599
2.0149446763867864
-0.981722433813941
-2.27238523939148
1.6398522210218571
-0.7440484127633069
0.7700321171607233
2.605613429010324
-0.8686984152806825
-0.8363158184543031
2.138805107044179
-0.6910960815498419
-2.7423637156549154
-0.34607735082502133
0.9214006491548357
-1.2454907775174986
0.8887413428024377
-1.2575459139329037
-3.191160711909018
2.7844814513537246
0.42312035703465667
0.463103202776043
1.4902163146534428
-1.74925659016551
-2.627301114498059
1.8644995088537577
1.910198115963147
0.8267599458373412
1.2592862612257785
-2.0633063138725953
-1.5242633999466553
-1.3836570821160004
0.9842493730428079
0.7093729747811275
0.40403565431996513
-0.5077574316616142
-0.14988259041447272
1.4495909009819519
0.994536773290158
0.29160086036474764
-1.1316290575389756
0.005506002296250756
0.2765430384481508
-0.2805036275190471
0.7288773331504405
0.8321876510400896
-1.834153269575753
-0.8657589910734148
0.7593090371748081
2.0217546273228115
2.819708033551138
-2.8262386962257082
-3.40593204198745
0.07407925528395648
3.2452891608403465
1.4544661555647078
1.5214122531472845
-0.8255954675762159
-2.5745748269941116
0.36167642459930455
0.9544071241265819
1.4909685774333352
0.26872133321514147
-0.3211537236714229
0.09883650970440316
-2.181051041209106
0.04127345249123726
1.6137955980655803
-0.5269551483677491
1.6051253567335273
-0.24126158626247185
-1.3807616319531253
1.100846096368924
-0.03010789547946019
-0.35112640397413925
-0.6528853606687444
-1.294459873434614
1.2795108872213654
0.367529720078383
-0.43950670326550206
-0.934351791220019
-1.7101459421614749
-0.022198644849881488
0.822637265555853
1.0986201578406916
-0.7296153369431313
0.8537384657618086
-1.0786871255550075
-0.6283549588616233
-0.9019627158049197
1.4965094447151277
1.4812751312844166
-1.347450504586551
-2.317638683194227
0.35021475824442005
-0.3056974213776934
0.23486999944885223
0.19236561070192826
-0.28642694581893474
-0.3828593813983193
-1.0032029721739126
0.737384801498874
-1.5047949652664885
-0.5538824420061952
1.2214761711109126
0.9437062314728989
0.3350247933742479
0.9325815245443687
-1.3112289084414437
-0.27877533130853516
1.4735461320974028
1.7205967603835106
-0.40167449887634465
-1.7220826444315331
-0.470782777828056
-0.036148457389708094
-0.5968526979022994
0.5280271211427009
-1.3463052291861328
0.8304393405164829
1.1677390852979945
-0.1904056517611935
-0.812362273473691
-2.076921635298225
1.0916842622613605
0.052862857571108535
0.24978086401602217
-0.42131125716522
-0.7273073156153288
0.21306271406894423
0.041737335657043934
-1.7936373570703925
-0.09207959528015186
0.4348878331668349
-0.41800420127223925
-1.2271591457049489
-0.746382792718832
0.08307851262139754
1.0713186504229173
-0.3349617077141369
0.06374709351800256
0.25906690112373154
0.703448122085774
0.1199511593789295
0.36194128516115137
-0.818855165737626
-2.4062603490251897
2.0065880087924866
0.9993855724547115
-0.6235934438645376
0.8570596499378125
-1.8348098945026687
-1.587157947091047
2.716485070573855
0.22236474212970472
-2.550716308492217
2.4111582735635357
0.3974614724147011
-2.26883882548058
2.0124682000014813
0.3289287460424346
-0.3910340064057167
0.7302952922731255
-1.643164106373869
0.1546864064104012
1.812347887996847
0.11893014465151847
-1.5546674277761288
-0.35201529603235043
-0.988165611765496
-1.1751507527282254
0.5773931068863134
0.6980748824556334
0.4352789677610232
-0.30555806095206756
0.3712114933939781
1.246580523045849
-0.46660574769724283
-0.24708785979644318
-1.0604280442407106
0.6965027925166994
0.2308389522212826
0.8783154417072343
-0.11040966042968281
-0.7892634194957984
1.695243868475318
-0.7492188460525738
-1.8438352409078977
1.8413841749506596
-0.3699853431291902
-0.6731417393160216
1.459612941524873
-0.985404419883697
-0.31586026450196414
1.422860281093326
-1.8137916887873673
-0.6133272316254678
0.4980249894498786
-0.2794220990477586
1.5237560071126657
-1.04280510677855
-0.9722081620035471
2.5458666633104734
0.5277475491388564
0.8148185763437625
0.07500117528858719
-2.399307537557094
0.6939829808169637
-0.12040518361323638
-0.5243389393771231
1.6976048361119653
-0.4615228187201429
-0.8153931266776413
0.46865321547310085
0.7870064890264759
0.7311616093110106
-0.2814183903753385
2.9884056784322635
0.3315523353427643
-0.8894209081221844
-0.21478942971409068
-2.2603069989700204
-0.5379820952801357
2.3872555302521854
-1.4211681961129148
-0.39775592948859617
0.34868079303561794
-1.3290425787598876
0.42869512930030007
-0.5564453436413137
0.22558311135260378
-0.6885320206010507
-0.9120941967168195
0.2577889537448361
-1.0433328515734976
0.8327368286399626
2.058726093023857
-1.2335686060162814
0.05579586761098254
0.9172034578774155
-2.0358739079872956
-1.0400306461615787
-0.16698734716595443
1.0734204617255845
0.8995899561564857
-0.4655356312501169
-0.31828750888040774
-1.6277577545270514
-0.2016625762838703
1.3352638368907706
-0.19399569429035862
0.6607809719399551
-0.5152922525557062
0.12062724660708246
-0.29022056451718337
-0.9187124652651149
0.6697661980130286
-0.3468897070846599
0.7941437772525191
1.2198831143600333
-0.18661384692875616
-0.32498901869033014
-1.2969136626190996
0.6631085191544301
1.357014162521935
-0.21103453641791975
-0.8316002389005737
-0.36611518001318666
-0.566735194684854
-0.6076293431570562
-0.11578267090168826
-0.5570418270541143
0.009699681880200983
1.5667688396514272
1.2126687595521461
-1.2937039904726442
-1.0575237551947902
-1.5613404472471828
1.2926645282759484
0.5026604512643684
-0.262774457169869
0.48770409028094047
-1.0378043451010512
-0.6939358630790478
0.8594003508707253
1.7080512151066412
-1.3799675978183024
-1.7088732062667806
-0.03718822110248199
-2.0518603421962283
-0.34717173713946226
3.523443297574599
1.92615530374489
-1.3212989512767006
0.11320919998376433
-0.7673719276097482
-1.0343824243146036
0.09958459835940214
-0.8889961373754811
-1.2194446613882306
1.1800054884193045
0.5050047049099581
0.15849582235597276
0.8530021225334081
-2.5711832622888964
0.03635714217227648
1.3752945918731032
0.40745207102038766
-0.07884046322711702
0.33616507543007856
0.003930789765913545
0.782583684960973
-0.38522294713180766
1.3637538072295707
1.0430739318845492
-1.5714540885539758
-1.3685902530680818
1.2138223959656442
-0.3328998871356838
0.03540764293887394
2.0621576601917186
0.2517695210499866
-1.1019053193500405
2.1329066102288436
0.05882676571149137
-1.1210229848664643
0.7475349286149428
0.4265671464042975
0.9265951258137024
-1.2195497235566828
-1.791609047447806
-1.4460267583355866
1.901094599078051
1.6392680498980758
0.2598255760985489
-0.2651983749441295
0.10931954161324309
-0.6095340865564824
0.9880763514156998
0.5322511975685337
-0.15520652391034184
-0.3296098821225913
-0.6383497486851984
-0.5326307145663948
0.15101147426979195
2.406321031145173
-1.3069788080995273
0.1943417779649126
0.6028454239198497
-0.28937335880140647
0.710307670402985
1.0413642323955798
-0.6836356413396566
-2.611539330154971
-0.3855408508045063
-0.07633130617855444
0.5370684791932766
2.229722028304294
-0.5167834170182112
-1.5108422087784112
0.6406275754234815
-0.1272929425058549
-0.24540672322394405
0.49744915344795343
-0.23534213549164573
0.17886832021661636
0.7912323247495199
-2.0581965752741644
-1.2631656588638387
3.0627608493707843
0.012222923544022407
-0.691912981869117
-0.2764386691676676
-2.613890011813781
0.5465930787916333
0.25483657247699965
-0.6041487159199468
0.5547778968592468
-0.5055884852498022
0.16949522453138716
0.6482852352220426
-0.12724302187326553
2.5274307796702336
-0.6989301756055764
-1.6450091188613902
1.109279272217174
-1.2554921923044273
-0.7035282266390908
2.9271492969194677
1.6810448107825482
-0.16775161894819668
-0.8521804742129577
-0.8251045010522331
-0.4837432636179373
-0.9968039766019858
2.042977464003619
0.5991144885442252
-0.7847989916818285
0.5124321520769892
-0.39496895425521616
0.920228681150477
0.1026285646054364
-1.767160191920301
0.7817370144902058
2.482759690434116
0.15678730110153039
1.7144459338018632
1.2782645765063845
-1.6175114001608644
-0.9780485714928158
0.6243575850297837
0.16877507676666015
2.3693570086527402
0.7243730400822552
-1.2748349913112318
-0.1338367352561417
-1.6817838583526208
-1.2374159975828154
2.8617303723640592
0.9182887485770611
-1.1337540886316617
0.3112777890475099
-1.9256810262437132
-0.7832941169744222
0.5245689794926476
0.9973312215686965
1.3949007053532556
0.7379746784646755
-0.41626299074024053
-0.006100888069828558
-0.3069158699231935
-1.3861500704033727
-0.8049475970469367
0.8318239350163631
2.061726956795175
1.087881744309517
-0.765182372299164
0.2413738319831824
-0.12361135485990016
-1.9599035449525135
1.21263461661647
0.3017900225458596
-0.8834047083524834
1.1869752508309175
0.9841461164395814
0.08805617297223511
0.4246195346095398
0.01744273042953326
0.8860475163820787
-1.9842386098773537
-1.14168829115764
1.245390133934419
0.1037045836529311
-0.49074879356062817
-1.219285394384105
-1.4632142116139308
0.07062518167594323
2.4216182247348073
-0.49615878349078857
-1.6525640565752324
-0.05587156869982296
-0.23483226497889592
3.584222239152285
1.0015244970293993
-2.48720692912599
-1.4375111561427083
-1.431668142658506
0.32208643433453243
1.3505415191576562
0.16630956539754904
-0.18150483729932942
-0.44305165395566753
-0.4183110757219088
0.10956470676440697
0.9613167027560137
-0.0630003217028007
-2.158397929172743
-1.6392996621745655
1.4324396923037446
0.09953631120732043
0.9751865378169328
0.2335612072815989
-0.6093009025577685
0.3385865702351385
-0.2807589428678778
0.45815570364876457
0.27497472359182773
0.126917266122413
-1.386203703533991
-0.3978563928017939
0.49481786913616094
1.0325565036375788
-2.1159262009228543
-1.2448121532605199
1.2797853341797152
-0.0028614786764931815
1.4671764749854246
-1.477764383290911
-0.7764923128445502
0.31528230281218883
-0.7282143152131142
-0.2556109044564484
1.0043323144459775
1.2652186013406577
-0.2441941813957733
-0.9137089239986032
-2.9820390484370485
0.7705725504730117
3.3347071016785463
-0.38592816961906734
0.5444856961114989
0.08965567387605625
-2.6570568622194353
-1.1585697907683703
1.827591790651615
-0.8210451147812323
1.3107795805789195
0.42677325327782456
-1.1023147221821932
1.8805580373302133
-0.2648221741240349
-1.3205440849743901
0.31939477538816125
0.008759244818895673
-0.2793212549001787
-0.10214289546564548
-0.6990034824555986
1.5027883201093708
-1.2385935311359706
-1.458951303983659
0.18241319277389467
-0.5027064936561769
1.437704317358784
2.302688560965221
-0.6565136679211249
-2.5234800914575164
0.5023433997644151
0.9081463219659922
0.49743399580154163
1.4025523840265213
-0.3415140595203604
0.31506561353518414
1.4403028956785964
-2.5344234999370467
1.1774524908480892
3.0655564213721718
-0.7758786030297505
-0.32827299656645514
-1.4323452986840182
-1.5671443278006179
0.8947807562327484
1.7581038256272907
1.3568517451562498
0.36750467684046756
0.5086539265926919
-2.104014997731305
-3.415308205414405
-1.168516918532088
1.3591838041102167
1.6934755700774742
0.7138802106633073
-0.5545600243912933
-0.8894095414146557
-0.4781605150748059
0.567098973557302
0.9298102256343834
-0.495137179175258
-0.9053425330312262
-0.5457804532753745
-0.45007108105618104
0.5120110171755703
-0.5779526902327984
-1.3575613462024123
2.194449671214036
0.1554297592573754
0.029184016593712614
-0.0775621318768911
-0.10212108892781968
-0.889322431459374
0.21808516159168786
1.3920474892002535
-2.2247115478085475
-1.2064577179876452
1.0692573713699374
-0.7756026934476884
-0.07829269744649714
-0.6823932019563699
0.7526290873446584
0.3973803182440296
-0.6200378930459881
0.4744377200785286
-0.14681727571026226
0.7003845743039732
0.16242669250271755
-1.135320641104859
-0.0340025000169072
1.4401630958943081
0.37334562394644644
0.9545363080837534
-0.9579547177210698
-0.07224028215189104
0.8484385388783705
-0.12536064016090626
-2.161767732510687
0.2841413032284549
1.0427009780907361
-0.7019943668319916
-0.3353469504588451
0.8638575470501012
0.5278854752963579
-0.7948725362731739
-1.0753759357569057
1.3922044046100948
-0.009815133395926545
0.3686726331124256
0.733701399810302
-1.5876888925819472
-3.3932367011938553
0.10788958374671997
0.7065832691043047
1.9124607402089073
0.2684181352229331
0.1236045966961592
-1.6519656543029932
-0.01972684158662419
0.03776751404483203
0.06188296662395537
-2.2790989110443514
-1.1602161289483297
0.5058687006951605
0.4198438062616663
2.3735319289866785
-0.6168606292422645
-2.371180855507215
-1.1997535413146307
-0.03801959292887452
1.1708107328039936
1.4648631183990397
0.22565476681918079
-2.1976915634668277
-2.9414368840205034
-0.10973751108866442
1.754626100623543
3.113198525745202
2.390339306194488
-0.20538751780868747
-1.3838160502010353
0.6143967156313577
-3.0799727202563676
-0.13311828679385757
2.479436568824088
-0.7631346128927987
0.6361341348808006
0.1412818950263527
-1.0150244693205517
1.2214632295025785
0.1451727133745988
-0.32467340736855976
-0.7064516047925767
0.458369386538957
-0.9199576882846205
1.2797685650568764
1.6582195731305058
0.1267368461011279
0.8480400354379377
0.49915926539976674
-0.8574898902337228
0.5569000711022347
-0.34260115919551665
-1.7704161384646198
-0.4369519281566807
0.4164836936097428
0.7029963165241289
1.9367503830906696
-0.22165811244599834
-3.0280314025017647
0.3637879830302712
-0.6177448731333407
-0.36078931333445774
2.144974976493114
-0.4571265180101679
-2.6061870191775047
-0.2702802569764234
-0.6271349827824778
-0.4800946914195645
2.403983432135212
-0.05754605072714186
0.2876408416583631
-0.009868952491394356
-0.8717833508465993
0.3270883179727073
-0.5061867198634545
-2.1269078571067386
-0.4044142531556827
1.305509963354114
0.22791020504527845
0.7625303300144526
-0.09223059447486544
-1.1942403114365634
0.5024715106800894
1.245657348726124
0.8465055100945484
-0.36781009658455954
-2.2317898365464206
-1.9106991213151465
-1.116378174028128
0.5898840857328848
-0.033567519134581
1.6768834795679586
0.4659078920875214
-2.028834602382569
-2.113178868847306
0.39922928340799113
1.035811238462168
1.5551170881612686
-0.11054186006925026
-0.17575811387871398
-0.11818741813198136
1.1614234701896744
0.2954074250083615
1.8368592522507763
0.31740042278201386
-1.3590247426311763
0.16003084425678343
-0.5009966162475854
-0.36511375699476745
1.5179902961038383
-0.08564787574505747
-1.3060487294354122
1.4558145364347501
-0.06891002553317968
-1.070253712699467
-0.011923942268249554
-0.07233572466813229
-0.43483527734494243
0.2381490564552659
0.9500567766741025
1.6109431530353102
0.15396465534052195
0.09069131113215789
-0.6814022898996144
-1.1615742308159926
-2.2102829344867447
0.25573648322585485
2.290651649822926
1.8671225102720332
1.5979817013415731
-2.025271115178139
-2.036309545900393
0.8483296367998913
0.22156867883892167
-0.44269253721351287
0.632262130096084
-1.3511036794450202
0.602675612016529
1.303827690981798
-1.1974567085176997
0.13649702176740067
0.34714901627297745
-0.9329465866833802
1.2782395044987567
0.7687168738485606
-2.155104657420511
-0.011332202580672537
-0.36471419504321523
-0.265915151872078
1.3746509463322445
0.19337675768322074
-0.12903133373427905
-1.2523440085855388
-0.4822197749514583
0.27904308045335824
1.1327284421196588
-0.5920214976108755
-1.0961268539833044
1.6704770147545043
-1.3050606485739962
-0.7598476263357856
1.889807766288754
-0.10267080836880715
0.36325987129876525
-0.2408560488901212
-1.111924532347664
-0.06004002197891181
-0.49459850101660346
-0.8259017582187853
0.5947033237649129
1.0457368510420297
-0.963270832056344
1.6152573019240488
-2.237460427130745
-0.45154701173067313
0.41669394526174575
-2.6854410138098537
2.6497370833361957
1.0258727777924093
-2.707695961273234
0.4005334950052676
0.6278712952888919
-0.42369416678654037
-0.3085363073262031
-0.5947404546066297
0.36002547477330393
2.3875001281195702
0.2548469217731989
-1.9114139755203667
-0.9710121299403346
0.3307317721491413
0.4185093062831739
2.1400310445084223
0.7486233093891663
-1.4271492912620036
-0.6057117112951502
-0.8030339766595027
-0.8968184059010563
-0.326211163576398
1.529475185298172
0.01492128955767813
-1.797775550615862
-0.4595906985123142
-0.7983152068026913
-0.0195683963240596
1.3833856561990854
0.5461159204242336
-0.032671843034876524
0.6935998588275247
-0.11821007507327275
-0.5128873258810476
-0.18125055967433953
1.6318599748636453
0.7404210064110812
-0.3219686625817311
-0.2844527812379997
-1.728319857516658
0.5511375668641104
0.6571024749816534
-0.13609559098988522
0.6619238958775338
-2.1156467773167074
1.2666920373416373
2.0130995983839033
-1.8110990411981471
-0.0933114022472123
-1.3871381644997927
0.6037625565829958
2.965503108976691
-1.470947450114579
-1.3712263080047349
1.3810616023472169
-1.1854466800166994
-0.2292704961185889
1.1012222430545788
-1.6079542006910041
0.7880662770930427
2.278843041107999
-2.082453279870846
-0.1541334680858537
0.11791798108223794
-0.9688748497836253
1.161372082460081
0.9936667529378728
-1.5104535253440388
-1.8108533386836452
0.003694312869316846
2.22353661479363
0.026414032674540677
-2.511119611993847
-0.26738557639461696
-0.7842094717067828
1.357316070328479
0.22841626447507957
-0.2456646237551494
-1.8164727566087926
-1.4152202872115962
2.432029416594965
0.009703023999496407
-0.9404516844017552
-0.6670324336692961
0.029423390127400695
1.9787373165305044
0.3915863836829403
-1.0658904022922158
-0.6012024463191159
-0.9225859513181861
1.1759507898676689
0.6939365994817659
-0.18252234192633449
0.35737172925829896
0.36040275722843684
-1.0673897350522243
-1.7481828713833136
1.7861281703739356
1.251234676131162
-1.2439770684684297
0.9886043323447542
-0.529786982726346
-3.3634759659561344
0.8391566240948986
0.3251279975042648
2.2739014477376536
2.4775230857378303
-1.8986261405204516
-2.39058322912077
0.39258424610275033
-1.0645162862373108
0.8989704961225424
1.0243188406294732
-1.1011705147070583
-1.8038881550599273
-0.8804824732989123
1.825634853640957
1.91183366597543
1.5326503191315253
-1.624586145955525
-0.30695385501008876
-0.5956145144371212
-2.395269252203172
1.6035134903901482
-0.775560657605149
1.4920142002186427
1.8693528089851554
-3.8542906770171785
-0.00511159210033707
1.7602165175618225
1.139275565875507
0.879319721711293
0.14509676846811692
-1.0983856263258793
0.6878245220049908
-0.014534870628907529
0.4190175446145566
-1.1626548455732792
2.0231371226202484
1.650038694302269
-0.45508856076615667
0.23733850785684374
-0.7111295344906238
0.050337710863850416
1.6047262852636117
0.275764447350922
-1.315218060033077
1.2560979916072958
-0.027605886853742725
-1.0889433564882918
0.8048640667941728
-0.3572052409232176
0.38996513858788745
1.475129488849541
-0.1132887128904661
-1.2688915324465004
-0.6473488520992865
-0.6254853677006447
-1.3434958975554028
-0.07708816918125039
0.556415634187882
-0.6952618057247035
-0.5612344636351911
1.5016174185549755
0.17573327037230307
-1.710718936887679
1.4428486463463959
0.24361001604114435
-0.9117504956227219
0.9017938418633566
-0.5481822550535713
-1.0833262176829037
1.9010700732879047
0.3943553131117348
-0.6929925283753517
0.4646709137772983
0.27411414151826274
-1.721425707662384
0.5931768876982012
0.2791900228868077
-1.2937396112525086
0.4887876725057555
0.2547513804830568
-1.4751379972522334
-0.2841432275933723
-0.09644893805851712
-0.31803496836211803
1.0819034448443237
-0.4288798962555882
0.8124651492949684
0.32170826900242266
-1.8602258418396307
0.8678430327465116
-0.35738139691711857
-1.8955463570263773
0.38303813677655185
-0.9449323266640423
1.348612489471167
-0.17083963535681135
-0.4615724706771513
-0.8719447398101905
1.6218262615249066
0.5106256492309055
-0.02541001768305884
-0.14591877059748215
-1.8821990000008069
-0.44329084499640214
0.5498100821810854
0.47874699366838097
-1.0160014740684136
0.26930977044479365
0.1614160324301493
-0.071969784998267
2.508225483631276
-1.200517433466525
-1.7946881572766886
0.5354994573155137
0.7761527757815879
0.13168906658355328
1.044662991930904
-0.923924762733551
0.05418148925334165
1.0295596688880602
-0.6147115487947028
-0.6087324393749767
-0.836306601167758
-1.1794953568963225
1.6428325544445181
1.4122202128612371
-0.47611931707858474
0.5225450378874131
-0.2654124943984335
-2.147449866367856
-0.8211684278604068
0.5878189242426437
0.31136962045623884
-2.518198664448132
-0.12173378677194202
1.0693784613680595
0.4534522590129468
0.12143330041239553
-0.5045591469488031
-0.9286574477615877
2.340959314189696
1.3793743553758628
-1.0080035111518666
-0.7374055219188387
-1.7477943797111648
-0.015006709919355543
1.343626276048611
0.5600701411539558
0.3732963993740217
-0.6751776298533587
-0.21558650519125877
0.2682914131877463
0.2276726566341461
1.3333995808806351
0.2600946503747542
-1.6484231546736843
-0.03708473946646526
0.041401679396987814
-1.1352564455625296
0.0947772572966703
0.30410111112563043
0.9072294756008183
0.26077581757566476
-1.729603222218652
1.5988297189712837
0.7045698861036005
0.5920919587591185
1.9703915757151373
-2.7021985539569155
-1.2401981694472877
1.1657029172288356
0.7593267373428473
0.08635132537389212
-0.6697303100190737
-0.7708398753569965
0.4947766606628194
0.818361541598735
2.0927764859743356
-0.8022411876969087
0.8724506242533387
1.11602270106781
-0.9171819750520365
0.6168721031563343
0.3154519597624298
0.3128628814754
-0.27580464594921367
-2.8056980600985586
0.8699361635531853
0.6195140987747016
-0.43921259371928734
0.8782234897989852
-0.6668497705377973
-1.1745291452767925
0.8056965646445797
0.29956843004560013
-0.4227732370792669
0.4640117803896006
-0.930472887101924
0.2319034465901202
-0.15424451930865624
0.39815013892546225
0.3643292112375166
-0.7952916574175984
-1.5790275066866557
1.1969337502487787
1.1869694674654228
-0.7237288814460994
0.051123991929359514
-1.2021239295712915
-0.9982314056518459
-0.12552756177930924
-0.08924031338219174
-1.0538069614622176
1.5972851097298026
0.9899898991685365
0.629031982589362
-0.0795800871750881
-1.9120546019157705
0.35493786493262397
1.3534442998088418
0.6355374181077842
1.7810032865601908
1.8975332661196411
-1.9703638416733702
-0.13768577959473438
-1.3878727097062376
-1.46306382016169
2.46088198624179
1.4314099936202613
0.11112561596018045
0.922882644872442
-0.5919684448979536
0.0426209237770836
-0.5735966018122542
-0.7515389829969414
1.2380731891443175
2.3610341272328923
1.6126042343788218
0.6159144570008258
-2.2368335671117054
-0.1939963096549726
0.8183434135343558
-0.9490022424565663
0.3151033643063193
-1.0027488807737233
0.9415806242512992
1.628519785822492
0.41891666116695425
-0.049560596380163524
-0.5147587958007831
-0.928182062737902
1.2203152250088076
1.2581414142264955
-0.9019377899213166
-1.1763711873948013
0.4388285508831783
-1.325461280667244
-0.14794535904208728
0.5811476893659316
0.024716392914305857
3.14550817727158
-0.3431602047631249
-3.1648392999168466
1.8779098798924139
1.2013814787820838
-2.6803482077162557
1.2164492981912827
-0.31301841720731927
-1.1641739889109437
1.5848546749983778
0.5964811501365558
-2.510528674456185
0.7684031683429178
0.46933312653963405
-0.7304763574554034
1.2885217307939953
-0.20733212958947767
-1.9488851793479613
-1.5637323284680908
-0.5651060553656813
2.2402905411306513
2.00622729993063
1.0771407840085059
-0.9526857563649003
-0.8202492026233771
0.8851227927087366
1.189740280652125
-3.0274764078932885
1.391477951793912
0.1678579013509861
-3.167469143556592
2.1652565012930065
1.1836098332180078
-1.8202921669873007
-0.8774983339372783
-1.6863071343834892
-0.03578893168201237
1.8760671821074382
0.6465709130554445
0.19725859823876213
0.055795478554908906
-3.2489072299304462
1.1521476956002128
3.113390898517687
-1.1994168599537716
0.6868306858574267
0.27130297901877043
-2.2818955141878425
1.4281444801442205
2.4270001208762477
-2.674570142503448
0.8760731683074249
0.3852053228712265
-2.696085512391183
1.0018433120436914
0.7787072630469688
-0.12264697512785916
0.9583694214903782
0.020998271176019823
-0.36576675980079254
-0.6219816601016119
-0.13446327891954157
0.13341090313822007
-1.026812414550388
0.6298578883292106
0.02853936694391146
-1.4582270937178683
0.44918193828783015
0.6823831801934301
0.45607933443298937
0.9014072561571219
0.27936405857404856
-1.772954596391079
-1.2224045932234793
0.23571955625122157
0.06921261124844202
0.6621808297372779
3.1226163765856567
-0.6449714713807145
-0.678580551402953
-1.6610452161170801
-0.5341024035560094
1.2874039028865214
0.47016146169408146
-0.44578504172103506
-2.480546365861625
-1.4535627193660217
-0.49228097887126676
0.37876854701426965
2.121965906010493
1.166115677369833
0.026472173718323777
-2.207655940904373
-0.6764170093997988
0.8584694349707348
0.7323978521158045
0.8672073831635609
0.38362461534817144
-0.7801048165050395
-1.2972677630248772
-1.4994841109708221
0.008627915647382578
1.4326566919830952
0.736060084285667
0.5381889072116807
-0.6575396785963588
-1.3489363801285887
-1.4388560931356933
1.1574073294617802
-0.26124379337836046
-1.038972343350476
2.124726272699506
0.7798736654236369
-0.9836187675892618
-0.8235393503756782
-0.42860834931763214
-1.841695601053778
-0.07220711434856453
1.1694960818734237
0.6101651715153911
1.1000800390832683
0.9175573950792784
-1.6011372331277924
-0.09428963834033954
0.1789146269273792
0.37285579198143237
3.3413450766374777
0.896938680594046
-3.197696190017651
-0.6707080437457807
0.08047704417756377
-0.8005903686698137
0.28612635205663084
0.5952417016114463
-1.3725752064696368
1.258560947197977
0.05522290829242754
-2.8274821167565527
-2.016735277343847
0.6507726444597011
-0.6517111957097843
2.4175091284023544
-0.4069107253291231
-0.4286183375499244
-0.8446871610746685
-1.624365650435926
0.47334036332035884
0.581684843594386
1.2557486129107067
0.8839024251404395
-1.5824434815763273
-1.236369921448687
-0.8322820705853599
0.029891883072066
1.357307904930995
1.2588272724683973
-0.4347227894407814
-0.10287744407191735
0.8661230348106594
0.9910457650940876
-0.16681201791957267
-0.43409026072412893
-1.4396243455260516
-2.5215276606351065
2.721065658504599
-1.4649655492613527
-0.6888015288638134
0.9839344196985196
-1.2534689458178074
-0.6471695524949964
2.244692942566512
0.44609393916924006
-0.6301372702560519
-0.1254752636969364
-2.1357725201741733
0.8245674752406781
3.949362735279031
-0.18759778066813468
-3.5179043445800087
-1.966659402508991
0.7500345094377007
2.2824944996105447
1.573100048784398
-0.565726422075401
1.1081013057623503
-0.6676385302259893
-2.101171397416033
1.1819287683362778
0.7935043935130921
-1.2687224588147186
-0.8350208410204166
-0.7075187256685007
0.08542609751702411
1.2661244382493084
0.37480509675495643
-1.2920026068139878
-0.50857044363645
0.9356219832279168
-1.5618092562856465
0.2810782399005749
1.0166339048054485
-0.9128917979122602
-0.8458833157859701
-0.3382941272424487
0.6390911298905964
-1.2773450912938356
0.2625668403160012
-0.3211564419716092
-1.545581831710211
1.1696634331797315
1.4777512849102403
-1.4279763468601414
-0.640555297689613
0.9680186685748778
-0.02473375739946987
1.6814645352923194
-0.47959414403529543
-0.8276118254242368
0.979516037806234
-2.8045719031698417
-0.7158097730620123
1.8475974788721319
0.1969058988422161
0.0858872793636003
1.6000084948746212
-1.5957224135755168
-0.058059097663051284
1.1162090265463334
-2.0171766012516086
0.2234056096922131
2.0412237307391097
-1.4624956501493878
0.25647557163740325
0.1373547497458944
-0.5230655709944045
1.3694798867841809
-1.5610626906336966
-2.1517900837241477
1.311352854279637
0.00219607612707845
-0.9693653459167673
1.7098570022220945
-1.0707043684376023
-0.3712712456141079
0.6350120628402828
-1.3646461694948342
1.5477173156882051
0.1283526173237145
-1.4548047523845127
1.9006318057820155
0.7948792754671932
-1.4973099653673354
1.9735331331857213
0.6403876757584462
-0.700433539655221
-0.347540610978396
-1.6260442414227838
-0.8916578017622535
1.537459329686919
-0.3133541503103955
-0.12169844063939289
-0.3373948554676828
-0.1876198306921577
-1.815601153521601
0.5254269252964983
1.546661523561642
0.1957371874860978
-1.435480303817337
0.2899171679121785
-0.12136528310784306
1.3265734857859794
2.0899618157505104
-1.358439282526764
-1.0492658751726291
-1.4073350733343735
-0.373725128530097
1.2911024691396769
0.2847839734972031
0.8638861399976191
0.959383963824286
-0.6089536771002273
0.9606035826553013
1.526435737718762
-0.11963371525194222
-1.4215939330528327
0.12050678144704557
-0.04559373962661274
0.06573301412313558
0.7445979816507587
-0.33816041260630125
1.0521737079382085
-1.085083592088565
-1.5674089927151567
-1.2507240346584672
0.3321156137055567
3.3717452113460213
0.37093026953397146
2.134404365205136
-2.539838256153905
-1.9830367145944559
2.358397398842982
0.5127325327554636
-0.13250012915956777
1.0566973343681618
-2.4630302157587263
0.5284770884047023
0.9205189094561848
0.20849094060224838
1.9327809873249193
-0.1945862394125212
-0.2198478323193307
0.10706214259754643
0.3368892823461239
-0.29152098431983403
0.8072682809918654
0.2837425496341205
-1.9400858856912275
0.1338956198882736
-0.6629477785741628
-0.13685226696250036
-0.5224056778574762
-0.09882594471258431
0.11936208746631427
0.4074417371565676
-0.3576483647339626
0.03028659884220916
-0.3324020912697344
0.23243496650148654
-0.12101668326058079
1.4925482564078791
-0.2611917657614679
-0.4601972805048324
0.2761065796634743
-0.24588021424808476
0.28344681105611635
0.6979440556099838
-1.9562626058367278
0.287254820893892
0.30895168438665666
0.01189826016760348
1.6283593690088054
-0.8980343187407228
-0.33235150739424846
-0.9719782697056474
-3.540910677765997
1.4011541429619312
0.9742022868232337
-0.5002427197714207
1.3499483096498113
0.41587943955989487
-1.8727748977870138
1.0720202952623163
0.8512319052206923
-0.6571774099205978
2.3460583697145427
1.8948819453635553
-1.6109095477270026
-0.19861242086208392
0.2989016763174118
0.5973356062354839
0.8775752292649335
0.9936418959971972
-0.8759703066170786
-0.087314960108415
1.3204393298481323
1.0222128686454646
0.9971339932306553
-0.02631468276416593
-1.5853070752681653
0.7041121398987058
0.220138991024795
-3.27695939522978
1.0043710463968787
0.7997445379411087
-2.425698587624236
0.47704674291329996
-0.39691933995012785
-0.5461312913219482
1.7420961418864538
-0.09142554030520525
0.19984395669436028
-0.7846288492368976
1.0014196805815427
0.7983240722160281
1.3252299704860844
-0.20649203221415316
-0.9413033586701852
-1.0384659527607016
0.5116172044310505
1.5362364098418593
0.051168218574291824
-1.0469581290557888
1.0728835795806737
0.7558227237933126
-0.28060403891098157
-0.4749256473975293
0.6450212371904539
-0.06662576238966143
-0.282218771691393
0.516209452507376
0.3932480579060236
0.10348045452633359
-0.7184378008063632
0.5095680331479472
-0.5083460541904065
0.0390645918617466
-0.4640480535713054
1.3256945603053008
-0.11748121802630834
-1.3479890200338045
-0.7346791622806897
-1.4516472212899625
0.3664179982394516
1.0841133984211535
1.5992847972243016
-0.7434634969305577
-1.0923087633436563
0.907821969456805
-0.24449957582128287
-1.6878710031395239
0.5160142664071065
-0.19589401008016938
1.2945115626069104
-0.43300551132711806
0.3346928849434041
0.8263059668860863
-1.1459162517749402
-1.2102707749611847
1.3728504806510764
0.24872608835948123
-0.654412516662669
-0.05927601187767573
0.7159853947743176
0.11495151186164995
-1.3053884619213394
-0.09491793788971559
-0.45507222750432674
0.873246918058724
-0.21041593914491674
0.353424307395303
0.21617744125811306
0.48006396395868856
0.4028684602045639
-0.22293390934755952
0.41249892352093664
-0.250691351212765
-1.6087811488618853
3.057165244600834
1.8625779586368187
-1.5415285334199031
-1.4316214587076992
0.03466786401952282
1.4429612001653616
0.570621447618477
-0.018160536650624122
-2.15263462125031
-1.1415575712140942
1.563846765182709
0.6927600347502847
-1.8232822794200652
-1.5828246398564736
0.6743755263713375
0.5141491861432499
1.3527533689044162
0.3992615581198373
-1.310519994626445
-0.4986247381098978
0.5962064388855003
0.0015745107912318451
1.1849586269430412
1.9555005767222957
-1.1911451153515689
-2.1789719768927647
-0.1158789622435378
-0.1521663705336535
1.2253568029953041
2.1962965083560477
-0.7288567542009367
-1.9742413408727102
0.2598024470667471
1.63970813306896
-0.020568408452633108
0.7314109529095293
0.6673379560785194
-0.4229672504974954
-0.5033721507977041
0.43999410277889817
0.17663688732468058
0.35545440506627424
0.8346789601940043
0.11740842004540125
-1.2917216813005004
-0.09578610425173995
0.1614546272641626
0.18285558752836886
1.2722641591018202
0.8971355938339635
-1.3081346344502633
1.7208410197446564
0.9355802048216748
0.6514204822877312
1.1205924736104655
-1.039410221555565
-1.1853993004248737
0.6969018052133386
-1.0680723079278076
0.35735269455329816
1.9522813015863147
1.327415100586681
-0.3298635470720775
-0.8728399363951159
-0.20470695098921776
-0.20216470835078426
-0.25894067995489223
0.5863623969485637
0.5074918260747441
0.3917387249652466
0.009239060596391235
-1.5702056951439334
0.05693299595354245
1.288552432634809
0.1326059716782328
0.20649677876017145
-0.33513978402817124
-0.46486750710155916
1.1145000475765676
-0.5161923587592572
-0.9911405084695837
1.4759262755444333
-0.34955967665076365
-0.6448297770697835
0.12697796687683605
-0.2743367225057276
0.3168818841342712
2.0268036358302406
0.19504093911652537
-1.2294682963509087
-0.0326114369284049
-0.7484635433655431
-0.33990444285367677
0.04817513709505239
0.8729438872689519
-1.474591213773929
-0.07006370183132699
1.3929427237216587
-0.3906809066069815
2.2090275909143693
1.5452966986564063
-0.31674189192775426
-2.1881546222059294
-1.8394330520691855
2.1136325950235744
0.7188640285613721
0.8145795406714659
1.3072857173031007
-1.8737072436202165
-0.8890204248711522
0.5255715793559378
-0.9612816083503308
1.7678306705505291
1.427112306339366
-0.943374434056994
-0.9331564118678963
-4.1009370153414295
-1.993743342202468
1.836486570784756
-0.016688848761886588
0.333840347153776
-0.9390709593723996
-0.5624827415977286
0.9626097438136592
1.2741050821738544
-1.1655349128026304
0.6147843700514721
1.0708209716755697
-1.4086170676401493
1.8366832889109623
1.610352190217875
-2.1411056285592567
0.6493361040010589
1.4024201385573023
-0.883310815105905
0.24052566908678916
-0.8779841972454243
-0.9551770641168702
1.9909611961428364
0.2714117382368658
-0.2904947684386604
0.6428784819838715
-0.37280149287360315
-0.23659404589685024
0.8991510130668902
-0.9439643372105383
1.839896302564422
1.1943399060728406
-0.8265285473894818
-0.7192276529571289
-0.5889905659256225
-1.6402042899076021
-0.14574272146697353
1.2396058234451997
0.8311650150585883
0.9325584034237703
-0.5556009447973823
-1.01713936944284
0.8432067799533969
-0.015252070062494641
0.5189312818964869
-0.020645866718220662
-0.7224642370632665
-0.13523048554626263
-0.4610378123718842
-0.3831436009651342
0.9932604081871753
-0.7179138657267055
-0.42205245539763037
-0.4387058654564103
1.7139034357784535
-1.1882459324037682
0.27660928218307557
0.5173481064891573
-0.8852545737263889
-1.7112872263480952
1.839896560792015
3.1267679338006724
0.61213819832616
-0.1937740048511254
-1.7808790121746698
-1.2986047591791334
1.0641611622962062
1.4026719878151352
-1.4634963989429723
-0.6466271379460091
-0.3854340215251536
-0.7967896499825364
0.9121957396426453
1.0993532536090727
-0.18678180147798318
0.26384013871775874
-1.1800225821697627
-0.506292261889153
1.17977875987454
0.8389383121601933
0.22009817346807012
-1.2471635090638518
-0.6783215673842785
-0.23896371872512445
1.6032684749944481
2.3182534967734183
0.27769109716905255
1.4532003346428148
-0.8502474621553535
-0.7969124893184367
-0.411805306286537
0.3564196129055428
-0.7129278534560802
1.0569619929028637
0.4525504225575504
-1.0383405682463527
1.3816133469780947
-0.1176595168287593
-0.5337473611951911
0.6547311031939176
-0.1967736099442247
-1.3133104100105042
0.45332445974123636
0.3950512221942791
0.19123498882289114
-0.2685462951155829
0.5355586426426906
-0.1950514709086144
0.03940737704803032
1.453770759659026
-0.6912265217670037
-1.4553095882611546
0.31251693985288886
-0.0031340797917217282
0.5712170390899451
0.2389867113120266
0.1312489421078341
-0.957515929329952
-0.7471863028891275
1.971293121416835
0.5501858916958751
0.656345783588415
0.72170588152836
-1.2354331720779392
-0.4720288243327315
0.5049414651624029
-1.2446212853730345
0.15061268941704214
-0.1516921368035612
-1.4373760202510675
0.022158873279397806
0.931479428828899
0.5498514228548474
1.2449384507407846
0.48804457973979265
0.36057466144027894
-0.47320313541130227
-1.5081273214866855
-0.02695344508243022
0.4963120957130166
-1.674987217752041
0.02102942953132947
0.6379392721414259
-0.2407705698374902
-0.09215431326609991
0.5927409327934802
0.5235252036825653
-1.4849777638922936
0.7419500289827288
1.2398428107338102
-0.6844072571311176
1.3995365375483524
2.2707875367770054
-1.260317330334233
1.2308084386490465
-0.3834751031685263
-2.3390495609418123
-1.0763231461918883
0.09757940734808007
2.0805853073614236
1.2418375857148511
-0.47247089549223253
0.29037657166004094
-0.17391913030340178
-1.8976000218240747
-0.29887434845731475
1.4743190460531452
1.4251359861459967
-0.5454690834755421
-0.5535122819008524
-1.2124676931946239
-0.17019064081368912
2.052005415261264
1.5685867679414496
-0.5074065068230691
-1.3389366753488954
-1.277919560374233
-1.2064854205209676
1.3070006577965483
2.5996884230795363
0.22229581408023857
-2.188900845132231
-0.5308153662440842
-1.02649903931929
1.6449594046603437
2.1242487112558948
0.005185939220291869
-0.6085284631605917
-1.704858315750999
-0.531556398354345
0.06315054916175611
2.2004144114526065
0.9835119486385837
-0.18030483617246718
-0.34460624958483077
-1.1172488404114598
-1.723941447998854
0.9792995501508823
1.469117514030608
-0.3367674100889666
1.291332777876763
0.034172100702616115
-1.8263559678449672
-0.6059913574876604
1.806026871293429
0.15679167320852172
1.2221734872278298
1.2571037622669545
-1.1314634842662479
-0.36214645323657085
0.7890017900168279
-0.5594889176738427
2.107090244854831
0.2418990800362239
-1.4658965476021208
0.9771913316754124
0.0029529418937438434
-0.015158950274781535
1.871899732517312
-0.7720619471596267
-0.8448838036243164
0.6905753493815409
-0.7846429999847344
-0.4580247327159276
2.12343020201084
-0.2040762215915398
0.6697595247477601
-0.39259544989494666
-1.1760888409370325
1.307019935728979
0.1953316559584805
-0.39580608186455735
1.4085597773993588
-1.6962166323496402
-2.940573973377235
-0.5948089291959413
0.18330475427806536
1.5742077788777902
1.3945576268899644
-1.4329194005549635
0.0844750451778874
1.265373381538319
-0.2920744514559439
-0.6811875127144589
-0.9384898205431325
0.0087990030021598
0.7376711978359434
2.405861916075562
-1.708499759643742
-0.6914824716229465
1.785080424796346
-1.9931959789284865
0.25968654535279057
3.4320411747684902
-3.6328850736173486
-1.5082153461209051
2.417664629427441
-0.8396738781445292
1.4906039051362687
2.4774352003528586
-0.9358551297917881
0.15555844609959502
-0.0038577853678882223
-0.9493076025342045
0.28675710124258924
0.2768568447214047
-0.41939064455197894
0.5403881660426787
0.8224934043074564
-0.6553202514054635
1.5301013149318066
1.0594813401255063
-1.8672399444200158
0.17888451200201355
0.41482553262935906
-0.39362174188908916
-1.2340854321533363
-0.8733964974632635
2.428160793127586
1.3653325867896138
-0.37594729076929756
-1.327531012975123
-1.6040234820137136
-0.7386958442688817
2.655042587368646
1.5065331119650152
0.6932880819751508
-1.1083970347171654
-1.6412493139394644
-1.7690517979731326
-0.0967069246954323
1.8254268336884047
-0.0018601665608171114
-0.11250727480757175
0.1334039382654272
-0.013956877785915145
-0.5996313397593374
-1.1424530191866886
0.11667702897995728
0.4265510567826871
0.49461920177764973
1.1434224310193333
-0.1193404443458253
-0.8414158724598673
-0.9248639422774574
-1.3015315843345379
0.453936123398839
2.4308829897493682
-0.1706707406460569
1.5130310606212363
0.7875695350671332
-1.5063440433302535
0.43471499219001347
1.321143693795603
-0.29761439016506963
-1.1739418439906608
-0.9146834182526886
0.5565819693119215
1.304667875465333
0.3204709035272099
-0.24012145877183144
0.579401914973093
-1.8228169270648995
1.2305050629362513
1.1818572939401837
-0.24070427607327904
1.0844908717292367
0.06604601378976177
-2.575335608608544
0.6258757338749849
1.271328699391482
-1.4737828383665161
0.12433361036265755
1.3163844719024016
-0.11782189043068114
-1.0521961776687934
0.5043040684440911
-0.11430522403984875
-0.6560573263297221
0.8325185073275777
1.1395285588632253
-0.14613518628846267
0.2268045006650311
-1.9146158001592313
-0.8569811212812528
1.3633835649615036
-1.4591591961982109
2.221849734082409
1.6900353016999432
-1.5877964010757184
1.3420882401013956
-1.6304095082962193
-2.5256264687438543
1.5590340806684941
-0.3023195402844726
0.39854812403603435
2.268469663654165
0.14875898090554718
-1.2840905386327197
-0.19346942523468308
-0.5734765044449667
-0.6584732756795828
2.218866663841493
2.203788918469223
-0.9662996934238315
0.17447500321747544
-0.3995090848516691
-0.1184250314298918
0.7799889657970129
-1.517012235233609
0.1658035904820729
1.3712936608164088
0.7417443641652295
0.843803812122074
0.5763724762824113
-2.626541572968451
-0.39180109368941296
-0.41864215337755395
0.6825702026687182
1.7104481715853963
-1.9147581800948572
-1.7399087312146162
-0.6876681702445336
-0.7181119053913261
0.8496791929768546
0.4428544322544794
0.4396621457592839
0.2514464480911865
-0.5782681893670524
0.508977311646829
-0.5977985286636127
0.4870930869829634
-0.6607031359584172
-2.34015991480508
0.5708067779665218
1.7287293045772598
1.03464056542585
-0.3734840714193055
-0.5106174398385205
-0.06622024493353862
-0.1879281709301637
-0.7940274987349312
0.45730801123437786
3.116404862823623
-1.6773699516035383
-0.16612239367558634
0.3425721876751877
-3.011683353196659
0.038940996946018824
1.277033620282525
0.4894045816321164
-0.052902981388112114
0.6261191504071059
0.6313190237961203
-0.9345356041467672
-0.8099694194753106
0.9919584262873575
2.032831379313703
0.6685280526200714
-0.19683436010569166
0.1704782235875113
-1.3937737233071623
-1.6266541287356993
1.9969111130989232
-0.5517126977293962
-1.4426503321105535
0.12159251756905087
-0.31164780686018534
0.4884748939945723
1.9262715831255246
0.6491288448128836
-0.9298017386873244
-0.8244305468319922
0.3342466504452271
-0.828414416362053
0.9201661850263506
1.7414256291308967
-1.5263326395136487
-0.7198861479133026
0.6916748438979443
-0.15233201688380948
1.1649080466695483
-0.7898136822383099
-2.6228095269519685
1.5592616406491573
1.6157270810411806
-1.1545764917250967
1.015881949935841
-1.9997163796930635
-1.4269751732573703
0.5261107015484687
0.005567410188468069
-0.3482217972408297
1.563001541987101
1.3642073598035558
0.4541141110135416
-0.5484481314536898
-1.1481762924089793
0.6024980798871236
1.6094705941409524
0.4907749432043472
0.23453217931048298
-1.310858346013141
-2.624249084766064
-1.0363066362432378
0.9174896346879309
-0.40045038919260634
0.13052178823419058
-0.9549707496118525
0.3428676469736395
-1.9936814861613785
0.9453958732744973
1.7699721460386262
-1.6957914339870372
-0.2536306781041671
0.2433687926848325
0.5123850135697808
0.2568959004037341
0.33916474625279847
-0.6833208928061429
-0.6187635115184634
0.5844928881104213
-0.3899426660314124
0.6506967056352335
0.23582743260527572
-1.6310012825103086
0.4327844659441701
0.7745300010322704
-1.5871391455970525
-0.7098046240085718
0.4535475410678939
2.7694162631487704
0.9122465168917704
1.7464941793159148
0.3469299147840794
-2.1742212015148916
-1.3838242655249688
0.41971431363374856
0.00543407283452968
0.13812679334907485
0.3206364410534508
-0.8127351580148003
0.5399827075711774
0.5311424012917292
-0.9651569816797433
1.0009807199474618
-0.5272728686974211
-0.20532748897400377
0.3941802721964392
-0.6073485305211934
0.14449436899027981
0.514428726780675
-1.0553805890605363
0.8509067878002383
-0.28702939444925246
-2.2777891846784684
1.715662328370385
1.6678909708215066
0.08402299591274887
1.3965406299087868
-1.3755142728432677
-2.6999256395686624
0.9466353069862727
1.070130429424251
-0.469738176117916
2.426183650432649
0.8261753013844322
-1.785241090696569
0.5326996774741708
-1.2557827944165059
0.029158558617295327
-0.16161885999359127
-0.7098474631812098
0.3077483093518354
1.4324677036927944
-0.304051108830523
-1.7240723258759236
-0.6640573332585795
-0.31907157124894964
0.9971121562997531
1.552861731934844
-0.19214031412751506
-2.30332177230283
-0.7619468104908397
0.056155594821662325
1.516201345692099
0.8145207307780005
-0.9962489715724936
-0.8303861564868131
0.3998824744502337
0.3126026814178402
-0.6048100684812259
-0.5361549382750543
0.226767801012723
1.6687886976787283
0.8548629135142929
-0.7135785672312873
-0.1469857388521824
-0.415536933710157
-1.3064131650380135
0.3487780952128746
0.15460772294332303
0.22788845560952403
1.2567996233696865
1.9329066421434278
-0.3554768863059644
-1.8621288969135885
0.4141474266094369
0.11957437658209588
-1.6002031405296735
0.7950541422359618
-0.3830793434142533
-0.20257632586746027
0.5493887751053506
-0.4161951806868011
1.6447880493565408
0.3796446999553277
-2.0853677302987994
-0.6164675218451218
-1.3915915209890835
-0.029107514099440096
3.669859825531309
0.18633383441557827
-0.22914778354432863
-2.101404198419116
-0.5761793664726269
1.1668751597677285
0.6221095019503712
2.522793842093999
-0.03498140754692557
-1.9514075522732635
0.11602079274800392
-0.8947391829723276
-0.8354086654820765
2.44149430679644
1.7696877644162292
-0.4631233153020889
-1.122578091299823
-0.7343724259975041
1.0740919903214208
1.8600924104371375
-0.11117493810582701
-1.3316965455149097
-0.4078629012442472
1.3803662578621791
0.6575692315897016
-1.4362847923473983
-1.395709027972718
-0.8339697925808445
0.3145688764303644
0.07741099042150368
2.0093113957899886
-0.7617666356502744
-0.8902463478553662
0.2573453677192779
-0.4516721625801037
-0.8089637833513598
0.13761219164632765
-2.0827774754142685
-0.2605854014013599
1.22089891043224
-0.48957769363741777
2.8258270791100046
-0.7132173759455634
-2.6213997295877656
3.325022893822859
0.45318735338931615
-2.0236662103236083
1.2061319350093096
-0.010423226588808787
-0.5610589963066925
-0.4490959135349626
0.37333098038603385
0.9892271777183967
0.3096406314339669
1.0297201433958598
0.45708320003460595
-0.8598736793697873
1.2934885211522256
0.30134406190933544
-0.8976990787195326
0.6901912421237733
-0.8976741442202154
-1.6497818139990097
1.3048058451720286
0.9790992705545135
-0.7540963539138961
2.0354478690131694
-0.6275838627830064
-1.3103811741847196
-1.0490762593801037
-0.23124348328032268
0.41388734127165044
-0.016488763726977163
1.999404830620679
0.23174087899320422
-2.5344881373597055
0.9391693457380325
-0.7460791925351253
-0.34251702005324236
2.3246661881773383
-0.3985902182030866
-0.35677349052448754
0.18877156628326655
-1.075022259877329
1.2512995286479025
1.481199522657739
0.02768388844516556
-0.7402337251077006
-0.7194890171009692
-0.41701488304303513
1.3727751440583837
0.22042562629003604
-0.48714511302758323
-1.725059673004747
-0.18789244242934583
1.7787871473316095
0.5147115580056456
-0.7820466026520869
-0.4620082310060196
-0.19449663765760178
0.40437151044876546
0.581869852398217
0.8216264788943352
0.2696511591588626
-0.17501747874943585
-1.1852813645077944
-0.3672545177955036
0.48206101327021467
0.9465786348889406
-0.5372421571138002
-0.9205457065075643
1.035085447391017
0.6990359089715946
0.9082547123414345
-0.9191520932781648
-1.5347884715701139
0.7071966236853098
1.2289987326259881
0.5588801096059869
-1.3494297642761341
-0.052571540629675395
0.5352629567439126
-0.5137645502309195
1.093572018016821
-0.8403785857166843
-1.3496037910586447
-1.143934106936733
-0.4124850089545309
0.12008659709952663
0.7277992754843436
-0.3566829008247103
-1.2326312588176354
-0.2329556316169481
-1.2330936095411857
-1.2173762742983447
1.3500494672901475
-0.18425451939860016
1.220543045063141
0.36262016399292707
-0.5723777727606462
0.36129117988492093
-1.0824310400926898
0.168216681009981
2.269007611254616
1.962936641275152
-2.055189265339843
-1.8081262561433922
-1.2092707072374747
-0.3263965195941569
3.760161692522518
0.6009439369991416
-1.0115730786030188
2.1061232277010187
-1.3574256518071013
-2.696259640715058
0.4417777401084678
-1.1371875265968738
-1.423677781347731
-0.5166121572893765
-0.08327817910716179
0.03287051836299093
0.2783742832437499
0.33375466513256685
0.759661199433889
0.4492609231268737
-2.083354698263963
-0.06137357382392866
1.1915238100792793
-1.7802976739580252
0.3328828470282019
0.6235942377472763
-0.6151380757637868
-0.9957367024995624
1.14653912273907
0.3715550527787703
-0.148825326856105
-1.0101906800728484
-1.7586728577507704
-0.4608795973872013
0.7990828956776799
0.16930220255531492
-0.041840935122802625
0.23052358120781016
-1.5070139551544006
0.11848879395643624
1.5633689019896324
1.0785289048220041
-0.3705299673644704
-2.448174915793838
0.08502442071990968
-0.3590892466653123
0.17188367893292433
0.46987631802254215
-1.799110145962815
0.19510579552557544
-0.2234096896735338
-0.6218126729909117
1.5927104975821726
1.1442968544280934
-0.5338397377341906
-1.5884370611393217
-1.6350684236218878
-0.8433985119198729
-0.015865277482516316
1.8050517453219581
0.06039670220593807
0.6366589408682641
0.4159788571664682
-0.8347920539063028
-2.0767102571538216
0.7019459745908139
0.009135350519163477
0.3631459797916541
-0.06236221162286526
-0.1010016910184327
0.4310734796936483
0.15631505101332577
0.18235730581685783
-0.7403714489519702
-0.19459099800888413
0.14051870400628863
2.4027421113666465
0.2676492270825489
-1.9583214131422197
-1.3219452958589817
-1.5584512223218592
0.3470451367357976
2.195698141679676
-0.5757728876466387
0.8172196481037105
-0.7191710284122044
-2.657297247908765
3.1398534029174114
0.41962562199101616
-1.5212744306426087
2.2060416422698514
0.12350025860193647
-1.9422876016007833
-0.4490665704350153
1.030814298495465
-1.5218803409172525
1.0809626081548598
3.9506004373241543
-2.4625516657744897
-0.9869689135567903
2.5428829714077343
-3.8200932523345603
0.7697606784032809
2.551783222911
-0.5407957502729352
1.178895199617327
-1.4982036475629168
-0.8453731347043427
1.0909791276551917
-1.050603993042328
0.03548811013683156
0.827114134546501
0.3376799439603214
-1.27721334887974
-0.9820665571578502
-0.3211295664046422
-0.37268343103816876
1.0745644004534813
-0.6659504236143327
-0.7199288699284643
1.4848438695838824
0.7475077807726205
-1.784362966154512
-0.0037678270375642153
0.42241617584188984
-0.6377168247596796
0.1604699248658109
2.7224912492287636
-0.11886687496263423
0.4449670272938906
0.473040017469422
-2.4387100420492946
0.1347677403906617
0.6664895192099054
0.1724481522801538
0.9460119990392928
-0.4316517625873928
-0.6396325409878971
-0.3742158127718237
-0.9982226217961625
-0.47690282811899837
2.020919476683844
0.6425275276345688
0.03534687961755645
1.3667005838892967
-1.928751388110662
-2.997458301601947
-0.000961398549346848
1.0902373525831628
-0.18849124428908992
1.8400951675717958
0.9326440830652787
-2.2143721426468486
1.191680651661348
-0.7851431972812989
-0.8059889355021022
0.8400855176901408
-1.545002992412261
0.9014039454925626
1.0486105949767697
-0.5650188363460469
-0.7162932078514697
-0.3713413319262722
-1.3190342339002794
0.10164394193810539
-0.49638964553832343
0.6357858312074438
1.173309637639991
-1.1736859257027783
-0.22493659633392438
0.21770939182237134
-2.1465772822086366
1.013836632601383
2.0903830336672096
-1.0061515754658317
-0.19225367117812356
-0.14829057858566647
-1.3571884432934218
-0.24826942614543357
-1.4778388362778485
0.9503038061676007
0.9321500650312555
-1.294199784185266
1.0757582770602108
0.05458821616743541
-2.695693080286629
0.9297192961121331
0.38665334276352564
-1.4124641821561692
-0.9119785345577589
0.8750813764738539
0.3720979951817695
0.70853141814324
1.6027035190354428
-1.7191168812588407
-0.990082689543236
0.6752050046473108
-0.5880800793478285
-0.4003718139404556
1.3391351370153286
0.18657712887564193
0.10836322567445716
-1.3241358030337156
0.4084473690997308
-1.6584629534969233
-0.36148048146825845
1.9916268241295088
0.24477045878042478
-0.3894752351266305
0.32870210976789577
-0.8251462430474233
0.10716651232458474
-0.3899723072447845
1.5273438713234397
-0.13292782744556753
-1.1364369923954976
-0.7724538065620863
0.0436940353568985
-0.4954098731266235
0.8367268138432922
0.3844139876928995
-1.0763950506896178
0.9054635246394163
2.516713363275233
-1.179251568908641
-0.532525023298182
1.3970723780506806
-0.5511620971632094
0.9861392055440761
-0.5768304847595305
-1.9579675002416579
1.0190142550970018
0.2706565379523175
-1.1706518297003181
-0.43112827321287917
-0.79927261708503
0.6686521776624132
2.474856797569447
-0.5889465414682868
-0.7683011327802155
0.9120923459503352
-2.042462996729867
0.6266458742622038
1.4511725526351138
-2.3701242173789137
1.4598398363376504
0.8028850662925464
-1.1408291545428655
0.37180824702496745
0.45289341503890235
-2.1015354570772162
1.3896585986255006
2.349565374256859
-0.6757418658312864
1.4511794723705924
-0.49451873634372
-0.9457516313990199
0.5062795374272085
-0.14627616263886511
-0.10441121363377888
0.9327783740528109
-0.8222174726547176
-0.01415341976284068
1.0730167121337963
0.3055965657674762
0.1670863184510759
-0.48021086333375984
0.42620490576309744
0.4402003441048024
0.29368408637249505
-0.334688604653267
-0.5404568216473742
1.7215084490005554
0.8820248811433339
-0.5653989943948379
-0.14574822004852078
-0.9906734381665111
-0.46920012034716
0.381960597414431
-0.8098027079146203
-0.05694369053681858
0.508922753289206
-2.403498320406443
1.7548377517373972
0.9918497068627475
-0.41135412225053947
-0.40373769080154687
-1.9162414274032604
0.0035192764203829108
-0.4800836498247565
-0.04707085785956561
2.016454794771267
-0.7895276049585427
-0.06044060171411725
1.0564070266870274
0.8552429618749896
0.8584912174856102
-1.0605033451783088
-0.47300416569157094
1.6541785115335426
-0.8967963396239783
0.6474600232521827
0.9659543274669642
-0.7209331535078576
-1.1484148154123004
1.1650612786111871
-0.8880168400147282
-0.17259004315111892
1.4719980246154218
-0.7569012060957552
1.5030300198838633
1.1273968977607223
-2.508804775551498
-1.7814997452012342
0.2055539271323616
0.25190816955188433
1.685176629404355
-0.5605349231288148
-3.4783556450007054
-0.5355376847916735
1.2198214064763215
0.27487567124857015
2.223569294086272
1.050323647174227
-2.1298977639127674
-0.016032537259388246
0.5873096361685339
-0.11312340971986196
-0.487418002501124
0.21489061035072468
-0.1371130882374168
-0.11233605579670862
0.1284665588651365
-0.7214384277036628
-1.5708177065923177
2.213300855547724
0.9544979415344929
1.2553646397527622
0.31884250722877383
0.8759638571565307
-2.0121059390872027
-1.9272124233696186
-0.30801941146884126
1.9514244937992697
2.516895157136243
-0.39758254379826646
-0.4236965207116593
0.6686188823650955
-0.04961535556708574
-0.11656965213753662
-0.6500243332988374
0.8548747291618953
-0.4855805973924422
0.12442871878738387
0.3039166075800527
1.0193924641453598
-0.7358873360611371
-0.2799244625759729
2.076495199510311
-0.9004399299588706
-1.1011817831242647
-0.09336867067872967
1.332534806730366
1.1232427828430134
-0.35489602031315026
-1.3029954604001375
-1.3856593932146506
-1.4137530300191048
1.347791029166199
1.598085013303146
-0.9687334769424474
0.12077263803228541
0.7301062309407516
-0.32408024450844475
0.6019709784400216
0.4136597832634262
-1.8329924602150074
-0.7137013424236458
1.8602888114371332
-0.3715012535198349
1.336263548661122
-0.5680876762500036
-1.4356917731460719
1.2622648369513796
0.9545977755505163
-0.38757635982250926
0.9009787356890313
-0.4881212679929187
1.4195417108998645
-1.1602109925454607
-1.0414945205678312
0.7595552598595339
-0.5766831036838977
0.13577486210666412
0.26100591991179434
-0.6485747482099629
0.7621928607963309
0.5867088252805127
0.5524309658251372
1.4777909957850137
0.07394866353936347
-1.2519216363281254
-1.2796837275978226
-0.9356767382532852
-1.6037254490917145
0.038291352959930025
1.5103512134729897
1.3531930983464973
0.7979972432471086
-1.9676104491632596
-1.3737191578334336
1.5480743270856734
-0.14433274566757592
0.1702962853380935
2.8495460997578785
-2.00408422721071
-0.605097080222453
0.0027185292297642327
-1.4889114896553384
1.8628392958153455
1.316421844238815
0.4057130440030886
1.0151094225907027
-1.276373876860302
-1.9210986649910506
0.004907145732879203
0.1732702342977981
2.5481520483032742
0.7116172321179445
-1.0571298240928892
-0.642418763013265
-1.2521920228693066
0.057566667712840205
1.7462975821449376
-0.1878231010512787
0.20906212540705305
0.45941579226731816
-0.044008680851038706
0.5113005025607709
-0.4875503362859867
0.11588624767191724
1.2628507836878116
-0.5190942332655942
0.9913857312615869
0.7249863798938687
-1.9367403649624553
-0.051303383317878544
0.7872594215504402
0.5867184359152422
-0.5086344849529183
0.18470052882299254
0.6112002827755567
0.9319613644550633
1.2434748089721825
-1.9483886922943192
-2.9892816395168387
0.005011384388782347
0.2221062739163081
0.26823475093826177
0.7939748114658709
0.12149022472159726
-1.3190783015484047
-0.475907942293882
-1.0431930469566406
1.1656733978940121
0.9353087120195442
0.8650402360023439
-0.09249859735102553
0.3412273249804263
1.282299533500502
0.8488678883494384
-1.344719541062303
-0.8828826978677176
0.5107220951970475
-0.5142725533482906
0.5956813497721418
-0.700037531004629
-0.7648108818602781
0.6900706971125278
-0.5134110769147843
-0.5543922486661188
-0.773189883934732
-0.10920102940133763
0.07935106571170958
-0.12334489709723878
0.024691593637541087
0.265201097684849
0.9284870019499353
0.12015279920728653
0.280205403371091
-0.2972887006204653
-1.663946347161518
1.7421747093182363
1.5711287844517976
-2.5985374009056166
0.9466780433813756
-1.4431335851751492
-0.24755169662038612
0.6934650683449703
-2.169897175783091
0.9369441235083037
0.12256195030555128
0.546501134714173
1.1795689359977397
-0.18797944010222523
0.20527296176265775
-0.8433335686045976
-1.808581290673309
-0.5353186089214028
0.09466587903733292
0.013382104566196706
0.2763239161594877
1.4295591188791343
-0.3873313250688244
0.24330416005170885
-0.8711656719297387
0.34707580404599336
-1.3354877201762174
0.2960913700307171
1.0569848347358481
-0.6722642208539089
0.7947020647387986
1.6267909742802384
-1.7901688271868368
0.8632145869108682
0.06194161200501325
-1.7451547733623922
1.2357837710879742
1.9027433366376982
1.2481319592825213
0.26048261415435503
-0.8498378631532728
-0.22497395085874927
0.609667061362295
2.1888423355624895
0.3949422625933144
-0.782178929949808
-0.11830809268837916
-0.9715281350882878
0.6196535552619186
0.3207903777116392
-1.2473852656292732
0.000901893654882191
-1.1861558175287639
-0.13110250846685764
0.20087089213662157
-1.6350169299195587
0.24294356375631723
0.8111201673123459
-1.4588232266450623
0.6508904840052405
-0.4940193342499084
-2.471971455601408
0.7651008011043576
0.25015498560642657
1.0065275414169519
-0.6590147063302523
-1.048166750789604
-0.10886289529949
-1.0362182422303796
-0.1307256724744435
0.3725404335378545
-0.353456086551843
1.1597288383361424
0.9476494157191155
-0.2985250713460253
0.008817934811417572
0.5346988430841615
-0.07149354417498333
0.09447827200969167
0.13077125174203094
1.0737000529646221
-1.1519552726486502
-0.8609101571882056
1.9881253883431036
0.8798915411079894
-1.2621803416120105
0.7592737850291396
-0.5834570811298205
0.07707173095730202
1.1138391284989206
0.4671032337759537
-0.17025224752966128
-0.2564837555045585
-0.4980846799387596
0.9257837355841911
2.2010157136982134
-1.1394062676894239
0.27653569077889784
0.32092259230237574
1.180247252044821
0.8607600779682562
-0.7639047072130422
-1.044449186754426
-0.1381728889586108
-0.43426953612324287
-0.1368862239485179
1.020121750276046
-0.04982096871910219
0.20006477671628525
-0.9213658525459
-0.8459288570160707
-0.3524436329725644
-0.4608277292225823
2.858338451528169
1.6026040351593522
-0.3889636716138207
-1.3595224775897408
-1.0149438386806326
-1.873257791597113
-0.04017456838696998
1.7630961786812593
1.1229368411417888
0.6348994491036486
-0.2221464013005045
-0.6390465891109781
0.30843016131339474
-0.8497161533728037
0.32057540248631
1.1296108743882662
-0.8611853044369657
-1.7862587936898884
0.41499023233998
-0.7730304447937183
1.0165833351385933
1.1458917634547208
0.4819127146195248
-0.7761457436035051
-1.0946247057986738
0.685683958031227
1.809062373162095
0.13361486585400378
-0.983186130512436
-2.0881622092482486
-0.21549975989921627
1.0216686941946624
-0.15587108508947245
1.5193909523592768
-0.8075925360237828
-0.7921353287018036
1.2149070423966635
-0.44583501962051897
-0.3745792731989742
0.12175964693621139
-0.9989496591539244
-0.06907264928472057
1.1770538599412765
0.10374692410113959
-0.501708936594515
0.21942493768578736
-0.45784681711122827
0.35417460564359765
1.308160810315436
-0.4092328104027303
-1.6365718943098617
0.267612048792254
0.8329259653613701
0.5332995683800033
1.4054647097969237
-1.2342168115454601
-0.801712858695123
1.5483627536801698
1.3689867336259565
0.3414055699625856
-0.3510777719324818
0.24148406741454398
-0.6462482027246739
0.5446350067577075
-0.13187317703204027
-0.10168755923804584
1.0463854468400569
-0.8883286230380163
-0.9855184789440596
1.5650378113030137
0.8256929167142
0.9532512876802927
-0.2777567126233969
-2.102371757972977
-0.7019040172853573
0.20770890279395804
-0.3988076558136624
0.9076418001517123
0.2412491705663678
-1.492060632079803
-0.5116035735475204
-2.110476613498935
0.6482581825522103
3.1365555042528768
0.0025860849080119874
0.9402362744218673
-2.3565342672277203
-1.0120115405692047
1.9166411979357134
0.040701623108058055
-0.00483080963097432
-0.5666554704409175
-2.6311968470644094
-0.11918663697558679
-0.34444354100523333
-0.26126912629258825
1.2862550520163962
-0.03808967256353224
-0.9747678942536996
1.3651389207875573
-0.4329281259262939
-0.39447507429139445
1.8167156759773389
-1.4025065634788518
-1.4831712076463341
0.30437829898204327
-0.5730330437581601
0.4201233171646114
1.2890588750998804
-0.29043722699783414
-0.39441763181233214
0.928073004693919
0.15247536596808048
-2.495556245646877
1.205553089309801
2.1497083451670904
0.34072270622223855
0.0761600219722223
-0.636563588955253
-2.671205489908596
1.0779905388334414
2.389801970296903
-0.6090088191582272
-0.3199843767594633
0.2503216684744039
0.7754486841941814
-0.06628607512427792
0.34854269665999393
-0.15180173957710347
0.5193259685741496
1.0106269679892055
-0.3071979701543019
1.3894229656989459
0.08948260945698541
-0.2430876715189646
0.3446091736559705
0.2674506974049934
-1.39373643729138
0.9273192565290105
0.9445808441503243
-0.6405760931043099
0.44758089017140534
1.0130003976578759
-2.1764527094968185
0.04658866044816329
-0.09433423141681985
-2.0359811790851685
0.921991391314652
1.5274885705796475
-1.65725793773705
0.33581943230269895
-2.0366384539574294
0.4980554360661016
2.244707196496428
-1.5048867497412337
-0.2984545193437973
-0.2609785191382362
-2.01203584007664
0.7757956289519196
0.19149433130440174
-1.0633856699553066
1.6018365007733213
0.4392927556340674
1.232160530712778
0.02669756985781996
-1.2715997440106697
-1.978460222344786
-0.2801803420347115
2.61815946240212
1.0642224220156924
1.0747261872968106
1.185292826286445
-2.3396142028973608
0.20178266506827947
-1.0987389839505122
-2.082010585816745
2.279295840641867
2.5363978511035525
-1.5562777270385753
0.5930800339397656
0.038989869074095906
-1.8540164475956074
2.2833405789436463
1.1808530836938316
-1.587961553372859
-1.4955537289638432
-0.7771213818218821
-0.9763748857253446
0.05933277457856101
1.6993392770996727
-1.6912377703337813
-0.1471138359247229
0.14692661257270923
0.6849146313739232
-0.11410440769878905
-1.1467033201125552
-0.4343789903214587
1.2503675224902322
0.8048449952800397
-0.6985336062704699
1.945710100518794
-0.6615218772166731
0.6805718105466185
0.7322823687090226
-3.0102435997377275
-0.8087437937228223
-0.2557347065760591
0.6445152408464632
2.4278217393692705
0.7758662554476576
-0.8499566983345906
-1.4135014660924303
-0.2026431678138504
-1.395887049913676
0.5853319453770383
0.5755186602105333
-0.5338469539663058
1.1023970597162616
-1.2255408659788278
-2.098284509510106
1.7848791438333569
1.7531705204798451
-0.5516530800614055
-0.036997963594911504
-1.9410927260187647
-1.6130548228436732
-0.3484353696782505
1.7539273572728984
1.3738421171805169
-0.7858129663360746
-0.5822215550041931
-0.042368081100076005
1.5965112753158264
0.342665755595813
-0.9721075269743205
2.0750024938538703
-1.1595089724948693
0.8472073122959798
0.08757305385948921
-2.311629317231877
-0.4013234924635357
1.5870676965942998
-2.3295477714753035
0.7355985642005833
-2.238620181887959
-2.5734445150292493
0.3782480643458581
1.0724829994893161
-0.14652641489334162
-0.6940817302201023
0.19554947998120448
0.6650471931940357
0.0009093253675161554
0.5826187216016812
0.6139332304187892
-0.9874333991708498
1.8760214481400839
-0.9877360192198066
-2.5606198498213697
1.292104683155889
2.290360896755736
1.2825961990072547
0.16593189008331552
-0.04926689878791146
-1.7652469981505823
-0.49823589779900423
0.53795578659798
0.5164210932228868
-0.41027287218340325
0.9596063093797553
-0.9954469259395033
-0.3210291248074695
-0.4712939737734595
-0.3244298527849846
-1.3112794863610098
0.3615776045818852
1.2798722609089128
1.4975420109449222
2.462464178257199
-1.8637517990378991
-2.9448399722363536
-1.2232051887064097
1.863575514005122
1.3908904135544646
1.3634121491134499
-0.5232989763116713
-1.8154007852818845
-1.2379827521698519
-0.41499265105193406
-0.4868759537045634
2.9328700692701304
1.2632402780243925
-2.9443010373391543
-1.3917364260283895
-0.1566049494633264
0.4004546113818285
2.390491972914404
1.59794508024553
-3.7088591842923933
-1.0162523693619767
0.7340453112426276
0.572384982363207
-0.7830848668056809
0.7402257628772997
0.6839883813440879
-1.982025917753849
0.4460771697186131
1.331299318556753
-0.9196679851865532
0.07538166709985436
-0.20458976540974255
-1.7823974391791046
0.4263363299542777
0.46737940166830616
0.13527671093956434
0.8938327418604192
-1.475401566441729
-0.9227993862068103
-0.24605423371221424
0.6649441612965292
-0.050412779102617544
0.1702576646195046
0.2131886078890079
-1.1664127792786365
-0.029154183849606323
0.6169088685188256
-0.9038140076666863
-0.06705072512184412
-1.7235569446597379
0.42756479339207154
0.8061969880738498
0.7561649858873245
1.3284131918305526
-1.0394153204388819
-1.2381111942329497
1.2333894563222383
0.5388971580300942
-0.39464164547779396
0.7141487183614792
0.20092274592640724
1.5585844660045447
-0.7944040168803813
0.4220525311668393
-0.033708440794460115
-1.9760108378073475
1.1925948713284387
0.7830510835046149
-0.8858996164002948
0.471009989663586
-0.057792108001974846
-1.2042651319969435
1.8597344320763092
2.00836598188099
-1.460537583348409
-0.2539192277932395
0.9382031017327298
-1.1424142802381563
1.541367184477894
0.6684399546248633
-1.3690282615505511
0.5744701886259228
-1.9774383374792088
0.5082711253206382
1.7286859302560003
-0.10552721563925987
-2.1464208401736222
-0.8246905835644005
-0.12225028113871128
1.4816447661807437
1.294214815129541
0.4078361094267722
-1.1383986543532378
-0.5982040769559906
0.2804702238526116
0.3411350012723603
0.04965785788930338
-0.6613559517809273
-0.8686665258008706
2.4552558561699405
-0.6894111710244535
-1.3543486918042813
-0.12267085837068592
0.50587177743012
0.26461886744793367
1.2504214197661931
0.8566020925783587
-0.5265614037183068
-0.5155459523862874
-0.6845224565693564
-1.861698053562287
1.6643528425787686
2.334868712885974
0.3770311621617277
-1.1511341852726733
-3.2909167732963702
2.007626164704354
2.1401845374478463
1.2670975723573146
1.181910621566367
0.3550668043864589
-1.1867717339361996
-2.4096092606996753
-0.6466750993930597
-0.6638771301496809
1.0189722920173172
0.7750367230070123
2.1850475735208192
-0.06563507428765036
-1.6679753286451484
0.7758302952495686
0.29345389964104085
-0.9095960986272545
0.3713684269072636
0.6683686488608662
-1.525442231936656
-2.0856680289041303
2.4664860398740016
-0.44009315615406697
-1.180031771099477
3.5022016975346655
0.4965505941366771
-0.24402973007207684
-0.47172885921830493
-2.386770858922439
0.33481925598408213
-0.4332297913460166
1.2599781547408007
0.9729977054967294
0.2823374342158609
-0.980291620698235
-0.5223020341000647
1.0458689257361957
-0.195794559524623
0.05139632380463585
0.06955380710704923
0.6268080603947833
-0.7783833783469392
-2.6823280082852903
2.612244697314641
0.8072520288368792
0.4971099791463417
-0.006622180664284438
-1.006066672526912
-2.2646853753373817
-0.49846988616050175
2.8764820545509773
-0.6895718578363349
-0.26015513150221836
1.7767629865770886
-0.5912835283155764
0.36580180573113097
0.6299940108694055
-0.7498936131838602
0.10657400689407065
0.300035466015889
-1.513058927019896
0.8603201252680696
0.3104736687596264
-1.61527155069323
0.625511768806774
0.7424270788960571
0.16931658711528974
0.5606522593861497
0.46291644109243235
-3.3959257832215726
0.7586354927618377
2.0965317120845497
0.6167030697175235
-0.4849623976445079
-0.5770005592285452
0.6403824671313569
0.9431237658897107
-2.4749217049554755
-0.29718197132822227
1.5622796830286156
1.0153617890750444
-0.5728286063533325
-2.3143521895549894
-0.8531133768712422
1.9850428074286275
0.18611551857289477
0.5707274528798316
0.7565704044790338
-0.43245706554702945
-0.9726100579182118
2.6319839343062625
0.2230288906074231
0.5608946820622633
2.460910374852399
0.8840663923276224
-0.4234896722752234
-0.21626522000045523
-0.5342267322535597
0.4446030731360408
0.13109515999488458
-0.21571318888999852
-0.024746196980755975
-0.654384994622437
0.5065647329510317
0.585604702289596
0.5905199754898289
1.3073431626790386
-0.35355384552360214
-0.4549903958510137
0.10841260535400615
-0.05978566025681736
1.4691771523492403
0.9178572600782073
-1.6380491115678582
-1.0266853931451143
-1.8386990352378674
0.21128420999121286
0.7011488908161525
-1.6037997390995065
0.5230852217989799
-0.4757087092298171
-2.6145861056682356
1.1122799031443775
0.49251519002136157
-0.3525431004790644
0.9829726272643708
-0.9596657499662271
-2.0005006996292605
0.34020108991018
1.1682398215995975
-0.5007579021836724
-0.8476785466460597
-0.5385230199368823
-0.023026918785041706
-0.5005499281909478
-0.4481962499010192
-0.19931752085572896
1.129175418712023
0.8092008184105234
-0.19492859165537613
0.5193474632555872
-3.1323886029767234
1.583631198161772
1.579089934035132
-0.3758687871578792
1.8619584769955226
-1.5808208185265982
-1.9489931221856258
1.666044481174284
-0.3008970495755443
-0.5521030580734048
0.5747881302623914
-1.814902019274067
1.0237024828301133
0.7809824464228916
0.22589506702205586
0.5142135820213334
-0.7284592477408056
-0.5361759228087455
-0.593758349016774
-0.6428278102015378
0.9457873592645725
2.428291920590968
-0.741513152252969
-0.5790521258805361
1.2932723758208553
-1.5283738244304401
-0.8671363078168903
1.0197348436896085
-0.7919118535048617
1.4867692710574996
0.25856697062898915
-2.8209784523800225
0.5552852083194795
0.7998748547833051
-1.2721754299572976
1.0661569510988502
-0.7551932519778894
-1.0344193822525292
0.7620578706786625
-0.4224396603667683
0.7797614658572736
0.20671190352030056
0.3447290393851804
1.699672890948889
0.13724157020201466
-0.7930813435279123
1.6724070585057518
-1.5650143123520595
-2.7882143191261797
0.7154227735629572
0.4694130516209924
1.2039820621488655
1.3796522328807752
-0.939817155701917
-0.20039835604329226
1.3632606558627782
0.47134231439841423
2.050861300969
-0.04919356399500742
-2.118598123242864
0.6373048769691887
0.7975018483476289
-0.16721660179264694
0.6421674268460442
-0.05751590484736291
-0.7835037706533596
-0.4772959604687762
0.24253882319640016
2.0377892232986152
-0.9979298242122709
-1.260346965500677
0.9105952302741811
0.8907242234918302
0.33573347349766636
0.5716426055162139
0.848891708403881
0.6192906784771699
-2.314748918225747
-0.7174276752715671
0.355457918512727
-0.8135953530980337
1.57789839835276
2.9948202248300575
-0.7014330074885127
-2.3057691139647334
-0.9694253413295993
0.8799524539421315
1.2008543800653464
-0.23799755251413168
-0.4531011333913933
0.14253774748111475
-0.8060137995728522
0.5513975951843253
0.9502882980350282
-0.9476920087075732
-0.6439701571266941
-0.7991283242873986
0.5496438587347492
1.013162496958452
0.12386707595719511
-0.25694139469293065
-0.486049855850063
-0.3912948533011914
2.7060567581794888
-0.19434462838729044
-0.31029417687342586
-0.38158152023649805
-1.5652520296903187
1.0598502183446181
0.1127258424461377
-0.45035786764947594
-1.4572575678127722
-1.0340849697415697
0.735885883809016
1.7250498437101442
-0.5726973350749369
-0.6870071883237181
-1.0648550696081587
-2.207681060584222
0.05734148963209673
2.169221347939074
0.08502359868287551
0.3078705712792622
-2.515332587754767
-1.6458273049669283
0.9506800396261479
0.9568873351786888
1.295430971586501
1.1148072060075966
-0.6833017507846506
-0.824636066595992
-1.363518234092739
0.10786861413553095
-0.5104292721324868
0.07627105534108841
3.058907655356731
-0.6471004305753002
-0.391594102125872
-0.21140685466407166
-1.6085473917685331
0.5847180439177027
3.0560987412396576
1.2695590997659247
0.05938426624069104
-0.3558742942827722
-0.5200892451735104
0.4442018075786255
-0.42026293291135847
-0.6887464387514182
1.5931278836628797
-0.8655708986476516
0.0534313418650586
-1.141062172516466
-0.00409308664075847
1.8852441057208875
-0.5378113340557176
-2.1050686531116347
1.0516565579903299
0.6862371802102889
0.9715957570632366
0.49476626264165957
-3.865635200839727
-0.11663560874506396
1.556262910865656
-0.47205460943675626
1.8924542146575067
-0.5544073290718676
-1.3018037187208693
-0.5750213699889641
0.45721598116460516
0.504207190026292
0.41655024881786856
-0.9283841109131239
0.45362118657409134
1.5114641311680805
-2.0660101601200687
-0.08675755551918851
1.9354694244148272
0.2613699648650032
-1.2933067429124012
0.2911087327622192
0.9033755274418516
0.521534642914019
-1.1846369941857318
-1.5755172963790887
0.9527564405090109
1.0496403044290898
1.0926065532417328
-0.7003128494043922
-1.558150907669563
0.923157172423035
-2.4910974031779496
-0.3933124488666267
2.2983846982224687
-0.25699911876095655
0.8719445195549093
1.4018230756830703
-0.44796269532372723
-1.4091127778240984
-1.3705455586198492
0.1912127348938864
-1.074301292570922
0.7500512670800028
1.5788477888765269
-1.684457177388523
-0.4342442720678149
-0.011420356233177553
-1.40453629841985
0.9697886601617952
2.627274069380027
-2.105863658481784
0.573699022943625
0.8261086220466668
0.3452243912538482
-0.47085792166530926
-1.149338026291804
1.954948896951181
-0.009544274774248684
0.34299875896088916
1.7372461109547839
-1.167022730702393
-0.9983123941633001
2.043708746409443
-0.6813267005031902
-2.062422963840024
1.5226853003860634
0.42873509757768685
-0.4495969082491016
0.9506376510743115
-0.3215032608465927
-2.461380842368501
0.15182535177947099
0.43528556867887086
2.024036121017946
1.092537992784476
-0.9423129517113967
-0.4755825207493119
-1.3040555282679982
-2.698003879842913
1.0543394862116888
0.46946935486893815
-2.04907079200364
1.5890798082360098
0.7996675488564569
-1.1430158047319776
2.1331731949535833
0.23886482515857915
-0.5271808918426479
-0.9466193535493996
-0.8095697038461949
0.6691039448483154
0.12358839513911357
-0.2282393030011171
-0.47720533582092844
0.3489181159798094
0.8230791626243297
0.15136263558184196
-0.4317999487034221
-0.6145668929807493
1.2449934247395757
0.7589479765637437
-0.4684550140671871
-2.736958723224313
0.45781088277791937
1.9129322780656226
0.7174220071015525
0.6919172082227958
-1.1075136434214419
-1.8672593794367236
1.7108986384278344
1.7237609279598174
-1.2634662281246458
0.8439406329511904
-2.2545853357371306
0.5699944075713799
1.3014267485177473
0.6774429959074937
-0.20117638184052156
-0.8508790328615914
-1.1494512449798893
1.1632209987295017
1.1285186569547752
-0.45001928787244716
-1.6702956706368204
0.1318088227005737
0.4754493388402028
1.3254976781664234
-1.8853780125291757
-2.326182240252614
2.260930302851726
-0.7806065808310803
-0.43561897593880927
2.487218022643467
-3.440094392817425
-1.5349253937549925
0.9854976562011879
0.41792581635562565
-0.5970445072223614
-2.1449193167952583
-0.37818804374284626
0.021748623210812612
-0.003812128441863627
1.19939691901255
0.7940180131812696
-0.7673496612363557
-0.5279211479738058
1.1060753649979298
-3.339457750250197
0.09487047564395701
2.161347924252035
-1.3203827102793637
0.31619023002109203
1.162645760096018
-1.7564234874229296
0.2195631666431195
1.605027189309115
-0.30652736233494476
0.16795999917487747
-0.6039250901036393
-0.46013688808298664
0.027519929020856815
0.23275698392037641
0.9737310149125219
1.8324819728930497
0.7814615862486747
-1.5626122614065205
-2.124704087679674
-0.9568950803021631
1.423568348054955
2.0388439308925186
-1.3178923413968653
0.0035863679681454874
1.6971094585523714
-1.8922776663769356
-2.1858797963951018
-0.762507820763682
0.9044075980869641
0.8380748399144013
0.6440142449918439
-1.3952477409042414
-0.8868902277267696
-0.03612593783284512
0.16316116011876197
2.3221010808640203
1.0523463329146794
-1.3150824536882844
-1.2696720461553064
-2.704863304016755
-0.7895459120928167
2.7020895618288696
-0.23977128828281802
1.874856098673284
-0.913096711921032
-0.6292567627360655
-0.5120105120102785
-1.5742220071700375
-0.5515076852036485
2.778530462589348
0.5382070290288233
-3.158396447380618
-0.6507332376724666
-1.5081723401792952
0.32596955994458005
3.4953239542297725
1.1858417148495046
-0.04875067345786299
-0.3318778645782588
-0.1747073365761489
-0.12431647337377782
-1.996635439771417
0.9836523451450411
0.7879531515512381
-1.7901297355938384
-0.4922566555096861
0.9010045724960918
-1.6323940606444833
0.6618187990464165
2.0300226422285954
-1.5176256982877236
-1.4774174259036699
0.27234975524911426
-0.9014645510994066
0.7661508482796483
-0.4284988192453725
-1.5950741114456826
-1.735823196103762
0.7379902823224963
1.0843161689385779
1.601919589791234
0.2738884399447054
-0.82938728662875
-0.5696945116074569
0.044094270908652644
-1.1431873954125884
-0.2516956629456547
0.4283127667868217
0.4341447945987811
-2.2948021337400117
1.7119293121570973
2.887197545853557
-1.6026046392086744
0.6946770011459876
0.9755791134253099
-2.9443413753029173
0.8881677114962161
1.8122806399095237
-0.45287200707416075
0.8288585097141541
0.9989267256145715
-4.279559448518453
0.6157682351409848
2.9060420526898083
-0.6668566737706652
0.5966316410375799
-0.6305397723177918
-1.1266026988812052
-0.3453834385472847
0.2688610303638964
0.38673262078359477
1.291896483217995
0.06089793099805774
-2.2464251588628117
-0.6620173213431366
-0.7726400785749291
-1.1958966831247366
1.5341165757326498
-1.8926648662841892
-0.4191942056176252
1.275845846748902
0.6076204985139911
-1.4486579666542676
-1.9805489162742442
1.4860104816814983
0.5639594952051203
-1.5013176586587225
0.07135617318322118
1.1592970535852314
-0.5111588707589627
0.10433033988277172
1.081996520160487
-1.511035460590103
0.7545598350456063
1.941313238243713
-1.8948648771424301
0.534937686031399
0.6887784649449553
-0.42744357941608446
-0.35678083767131075
0.01479851361932355
0.18855784285903204
0.32423340822159374
0.7205178061780655
-1.2045939470654705
-0.3680280768808474
1.1033948093785666
0.27010658290983575
1.5374382650958254
0.42444488488024734
-2.255849298220593
-1.065817674678038
0.5760838108300328
-0.07979811779181561
-0.05918475898279574
-0.9645112399984646
-0.5519768873233728
0.5846913802289821
1.4474941290516985
-0.8521449079712519
-0.32376576050722256
-0.12550852926275968
-0.40593281994946884
-2.0738719856431604
0.8539041529817235
2.2376701718447722
-0.8127283993965992
0.9644547111481305
-0.4309303123331831
-3.2470348899461547
-0.2572413711032471
1.042858376790309
1.1594312017082107
0.7412619140564745
-0.561126480869549
-1.3516230589589093
0.0051957067028718384
0.5385070000944212
0.17341029206805594
1.1547120481400899
0.049536075392778114
-1.1930429462276266
0.16399515209385146
-1.7686585296981412
0.4338408441089468
1.766733352884891
-0.4544213539011331
-0.2731574466633237
-0.31356411566618897
-1.5466041352876065
1.3918630558930367
1.1907811926855572
-2.1217822367891963
-0.2489264725967733
1.4561892353283876
-1.6144765104195153
1.7179421369469028
0.43245887875706746
-1.8873848864589464
0.8868674099944225
0.7479609832044332
0.3585676222085299
-0.1362156929732684
-1.260624603748198
0.5656277966992955
0.8931210146155244
-1.2447166387030852
-0.8392400801529653
2.5248271727192275
-1.2162280443188898
-0.6558800822156567
0.7876056377482147
0.7028924120749025
0.04955918608633719
1.1688136772927236
-0.2965796635445469
-1.42196367299534
1.5693796309510526
-0.9371817769090469
-1.2992726804102501
1.1701314938376182
1.1248854427323778
-1.1979581139514113
0.5018564619368993
0.38119374855186194
-1.6660370014737702
0.33541785105075916
2.1322841435731172
-2.9157326026609502
0.25106923938161724
0.6157971197438062
-1.331649714430775
0.5653163900565328
0.235827724303739
-0.9317473506383014
-0.7726418869670791
-0.012508318619000536
0.1032597327944772
0.96396069076941
-0.08524193830269422
1.1129691028797568
0.7706637031867299
-2.608416674663354
-1.4058302367632622
0.9682650111393833
-0.17909997204806627
0.9683263389318392
1.1468351628875224
-0.44166205606498865
-0.8749804422866729
-1.4615827920524
-0.8785597576387837
0.6418000137639011
1.1692371539152129
1.0174494460076748
-1.2073020002995565
-2.307913871631424
0.08452330670796811
0.6882330762613525
2.5989830322168723
1.2889829204183125
-0.42909517991478097
0.8470699297384074
-0.3893490844751568
-1.3213376510012889
1.2282995907543077
0.7271379698737757
0.14094701251194963
-0.1629922959523371
-1.0408723563520637
-1.3059648960700407
0.76080522982015
0.9008382335655716
0.42522193108199624
0.9082679479132661
-1.4478559996200455
-2.0898728775839572
0.942825738343906
2.083052899279084
0.06430713793090972
-0.9285767419393353
-1.0203959102074913
0.2618069345426568
-0.6357087151687133
1.6252247615656192
0.58487266154265
-0.3914198885456496
2.2479335282171076
-2.2480770842095534
-1.5335413344911961
1.8772703981060657
-0.34457991881857847
-0.5720208267213155
0.522351209193524
0.8097677579965659
-0.7136796425327802
1.3790322356153615
-0.1925372937576615
-1.705985353103331
0.03676703072470172
2.081563990048248
0.43948615703543226
0.053182645069041634
1.7385698457376375
-0.8320696066984522
-3.640969921040788
0.43245226396120723
0.9516973447449779
-1.1036142888621159
1.7223802549163012
-1.833247185814182
-0.7889437030883344
0.9913631728034539
0.30620251343315863
2.9031411011788215
-0.9010970221103574
-3.0008349400425773
-0.6184181235859685
1.4223064741351192
1.1648012764066045
0.9908481454787867
1.926405318443018
-0.5947426303948739
-1.3768626484747104
-0.39650733934312876
-1.9026907846798367
3.6278424489437118
1.6513730420944437
-1.44030864368028
-0.45811077617588136
-0.8471445856805585
-0.45312133979545954
1.0505822388863038
0.08305178707180622
-0.6612057194787895
-0.12000961434463528
1.7500128826440242
-1.441154308083415
1.1885660283363764
1.8209094678226951
-1.6928043367325332
-0.8256291505502391
-0.12174896852704348
1.5661193813561833
0.8919209443440616
-1.062254348171087
-1.7287857902865835
1.1931343407720527
-0.012616919425622763
-0.476351574383273
1.9452368029135365
-2.089100033547134
0.43340304829417553
1.7536969560469569
-0.8232246070378398
-1.3558200914156153
-0.951661307990469
-1.7136789628412878
1.02352945248521
1.6326182451629587
0.8792088632625551
-0.4496419511801758
-1.4194115896459263
-1.2484573396269492
-0.7654867222022004
1.5283765618593907
1.0779864179792469
-1.4228836538703202
0.9126577720197893
1.1000583499253473
-0.18321159130188625
-0.0079057067710947
-0.8760219151828708
-1.9097790126800314
1.418043016841454
-1.316652540363666
0.07125328040124851
1.1753796940041827
0.31121974983088396
0.5414019277270694
-0.8055787087331372
-0.30072646914449896
-0.2313240635675694
1.8182478968675992
-0.2911695549133282
-0.3091492474168372
1.0540625409247941
-1.6002941670928452
1.077700894067004
0.7254799955303225
-0.6619542390481168
1.0809965758202171
-1.7247202711796454
-1.7984481337671459
3.353967280583002
1.864200090760343
-1.7086190486132997
-0.17122400798325393
-0.3637936297892687
-1.5988083269722637
0.8024986956286091
0.03258115584957688
-0.2880809484474254
1.8226244375231022
-0.25383339400618116
-0.22453831765881993
0.02731951231598037
-1.1045156757618044
-0.8164924202174966
3.0504819426968837
0.6772562555555756
-0.5994960569111145
-2.53138843152659
-1.3588109180761678
-1.26326943935564
1.4335656363508376
1.2386515180396884
0.6569380471573082
-0.2825118408178954
-1.2256270458466847
0.136339317190387
-0.675070651774051
0.5972994382093837
0.06088796243651018
0.716039226434334
-0.909536077437054
-2.655039722746298
1.1910470396497268
1.5552207645124843
-0.4450521579181459
-0.42584470491089976
-1.1318100357299001
0.06720779622227324
-1.3973071204800145
-0.36804358197682463
1.643313628720947
1.0724139481326396
-1.3689226920420419
-1.0226045180198207
1.048400414379286
-0.2671770879012858
-0.9488265925237618
-0.10257429421575315
-0.08740667069436005
-0.09045782173430472
0.39826568427006115
-0.2409127161471295
-0.9699362234848568
0.45804603501067587
-0.039181286006921945
0.29653007436407336
0.2857886691122994
0.6468328311120629
0.781180081454654
-0.6064559334280625
-0.16351011155274348
1.0864905917694854
0.4460860069731344
1.259005283810815
-1.0090125293612622
-0.9731330034835066
0.6555513305301259
-0.5504035653644224
0.8006609777203992
1.2672693059674918
0.6163715240013677
0.8332818017294938
-2.6752830393965104
-1.3725040039855367
0.10016596349807316
-1.182484536828151
0.3317403759297868
2.0584472590472345
-0.9350252086568505
0.967185530988852
-0.4529404363215639
-2.330502026554279
0.506559534094798
1.96966825467464
0.3792746500123508
0.08804968575833796
-1.452159451387275
-2.3429382365284646
0.5089507475922431
1.4936164799963487
0.4311116249522136
-1.5647585020291872
0.5755635126524017
2.2616561173183714
1.3331499775807596
1.2839462207745775
-0.5946613046748039
-2.7288260418543
0.16867399352341006
1.410327632357971
-0.8372638790243906
1.0627583531346558
-0.44689856382986365
-1.3425705408267703
1.2508099990011845
0.30176127303782135
1.1085296222555021
-0.5456374475831826
1.1663559554682945
-0.7413345681850756
-1.0740810260844906
0.013304372221149996
0.8987785353866524
0.8852190071115775
0.9004585377519156
-1.6935595203748877
-0.4173046486130398
-0.9596940843622775
-1.4876664436312992
1.2713893416613133
1.2480007609713886
0.5981115431695809
1.6293677552449743
-2.0276051764677865
-1.1059847459278433
0.3783221058065095
-0.5838810097169443
0.6579406786061327
1.2354836112082301
0.2525110626783824
-0.994941395359485
-0.7231958719124036
1.004862191110937
-0.2994551969974407
1.019506881013446
0.9867386678072734
-1.191249304131992
-0.0067664643998372465
1.6099997262904453
-0.9325265551152963
-0.27738054740644014
0.03539975641684984
-1.3726918696133967
-0.4710913000862711
1.0585024650262858
1.3668556902504092
-0.21035247613115804
1.595074981710178
-2.2707093478078195
-0.7983438150507428
1.3485001036623845
0.034841124777069354
0.8121183002306165
-1.2393035076658845
0.3853822032123946
0.8170757699209583
0.25314988825884954
0.6384051112018161
-1.8316940376335673
-1.167087344425601
0.6486931376172457
1.557450137622506
-1.1275165162126235
-0.8831290999213004
-0.2614408967727501
-0.6155688944346732
1.7157635065855321
1.7635954536548986
-1.1698746357755763
-0.29242468759559365
-0.4889738275638472
-3.2597338639711637
1.5648937004463772
2.1740825636818313
-1.693685560838865
1.4550618856119772
1.961584738301985
-0.5603559070751538
1.0897380782801167
0.2656604712019057
-1.2893216800267202
0.2718601863235744
-0.6966770763767065
-1.0256008551628262
1.7391206426062211
1.8753773666589493
1.4189260463070896
-1.1114035112084273
-1.7204369935963488
-0.24815809989496634
-0.277184054148428
0.7655074469793722
-0.23987844886621212
-0.048626611979918105
-0.3586699533185751
0.01545638397743665
-0.76916625173719
0.7760810291155499
-0.4282799104164442
-0.44877523397995434
0.0527997948362432
-2.049678400546103
0.31139960810358375
0.33458887263640635
-0.1318825615779156
0.7982325414557452
-0.7874131375716491
0.46752191067031723
1.1183720583076964
-1.5376824502721615
-1.753940957963673
0.3463228055229522
-0.4182729236801167
0.7422041820102249
-0.014185839034522418
-2.0371656904828384
-0.15050801285542836
1.0274401638973532
0.618715871262708
0.591471379052167
-1.0636506240399055
-0.7210781106986578
0.3501750976121103
1.0939924934319587
1.0984424488752231
-0.26494600515377564
-0.8295707902732611
0.049194271844360316
-0.5228259804807774
0.8114611192686885
0.49609802865467134
0.2743120630421698
-1.4631435289596373
-0.6923684768558807
-1.0574096400010695
-0.1867381505884675
1.1844546878603828
0.2933613337932698
-0.17588828431133313
0.18586218508443605
-1.6987828015111304
-1.315801831883194
1.813279124076355
-0.7259019802488379
-0.21358928615185271
2.358832182374589
-1.3838241920065806
-0.6203690465750926
1.6194068090619484
0.12791839169535835
-0.8433202484574096
0.5162692106183961
-0.11048383921071081
0.511938301535956
0.4481351779992286
0.7838699703949498
0.6081341655457427
-2.9046639220414727
0.07035169781816408
1.4165090570315995
-1.4027152488378465
1.4683040153734064
3.4197401243080625
-1.9118639420183512
-2.0108734753294746
0.9241650835317492
-0.7129854782188011
1.7210181076636255
1.4111597589615006
-0.15259409229564413
-1.4887920537231367
-0.85684799489115
-0.047163211769968114
1.068504843807114
0.9354473640172464
0.34885670924746215
-1.7720882997939338
1.0609887851278126
1.2329388378984107
-0.19248988830860359
-0.6425066554026521
-0.33853196473628416
1.051457975715805
0.5318023820853951
0.5265815147605302
0.7541974537226173
-1.47569711058649
0.20948452061385125
0.8495077963425804
2.112196202668556
-0.8852768842520062
-0.7365011465254871
-0.9055631370746382
-1.020747608195878
-0.026140166754944127
0.5291472777270037
0.32084863537535624
1.8212735285417407
-0.4652638364243505
-1.2019470187736914
-0.4218955345861396
0.5247368298461871
0.16799656906515698
1.2002523660786635
0.9706649597045293
-2.227781491584839
-0.3109563162997949
0.00022321715430173583
-0.06361928693653385
1.19383441896426
0.657799091846315
-0.557420963998597
-1.567204150399672
-1.8103539421004797
-0.8649680346181176
-0.5106163670313653
1.7400451334997684
0.33503312058901424
-0.6130420450511967
-0.6456825679832551
-0.27395987289690105
-0.9307515345079649
-0.9064662882530503
4.214627110689236
1.1902682638751707
-3.50782243248172
-0.9487497618622371
-0.05630999824060395
-0.45148035789753466
1.2209251750180712
1.0698344350531295
-2.5258243203861666
-1.393016182010993
0.14925469175805017
-0.3728443624147134
1.153229864369006
1.1269017137241735
0.811381948509067
-1.1703212806628587
-2.666606968725185
-0.7212975727460518
3.4799828660958436
2.1750616412648895
-0.6687602607865473
-2.5130674760066833
-2.7492759657563406
1.446832606059521
2.060182252788712
0.9601724784253309
0.37840580601469087
-1.5975284516316899
0.7335227747809914
0.10775377199416297
-0.8866535680157996
1.337085832051968
0.550117937763597
-0.15163530410796489
0.9977195169744053
-1.248933982221193
-1.257118312986386
-0.06960668151100324
0.04936226171340148
2.215140153182434
1.5858452738490956
-1.1539174978909033
-0.5739698533626579
0.7321173539306577
-0.769178635424522
0.6798589536191582
0.47577296620110265
0.637911630044838
-0.5182447253330416
-1.1721019281163865
0.8253824835925758
-0.2514721156678833
-1.8129635320621735
0.813060472326754
-0.9877518771373859
-0.5747863941514908
1.4683093238763805
-1.3036943990775685
0.9029813312261096
0.15661278896417186
-0.26895684764537675
-0.4204450749979112
0.245458815358429
-1.4308153723610093
1.0903709854394343
1.6417272474359834
-1.0229827294678786
1.4141550602768804
-0.8486322413779269
-0.8612138220870356
-1.684442031198826
0.890656348802987
0.2264582112608704
0.22337000458799036
-0.14848918824897517
-1.389751843570766
-1.8044658186418085
0.5892878023806192
2.651754486490805
1.6353561162913755
-0.8521733905084024
-0.923280277442966
0.360407346058648
-1.74194000372059
-1.1086312864607553
1.4081938367402795
-0.25064663382057534
-1.4366380664342284
2.2996507797395456
0.881163964409844
-2.8759033270701337
0.6719833283515688
-1.2725839635546201
-2.783394861718138
2.3528920663690083
1.0784035824190696
-0.5382956314985021
0.9372725281758981
-0.2418018393271849
-1.2994777740992312
-0.2702791935140915
1.9091330365550938
1.5838909586710623
-1.8938477480060207
-0.17314211053094752
0.28000105942423403
-1.1627790659487856
0.5153618265000682
0.16386359322829613
0.9484111824544073
1.5108775705697672
-0.7872705208854648
-0.4068365946339221
-1.449317533871044
-1.1706276270436131
1.0797304788962832
1.3580124372285618
1.3790059550540439
-0.919339866423871
-1.0339740991382886
0.8733527948423657
-1.0654792078380875
-0.8916795430225741
1.158476410646754
-0.25520959928631265
-0.4933695173445665
0.47283099748380986
-0.26300530819397594
-0.2993147627647341
-0.939315166359433
0.3967236323238434
1.2524375491348676
-1.6403302859231679
-0.6375548033418492
1.3426032497880322
-1.1552969099596788
0.012918305361292681
2.7492206971173676
-1.06169018205534
-2.571145551415284
1.0603147436885387
0.8614483156565356
-1.254758981629736
0.7399641862098179
1.1608724411719926
-0.64636862433081
0.22277377513048024
-1.0524070646180819
-0.9459718365610201
-0.1048580469535575
0.28672784361678694
0.756668940299418
-1.5450321952790154
0.2573467916226629
2.565171946330222
-1.1590558923849423
-0.39004239476814156
0.34662323261531275
-0.8141958404857499
-0.30252737887110914
-0.6274843734144954
2.0481257009740297
-0.17614866979723887
0.213458872718844
-0.8842932308915912
0.9314869215848551
0.5568666163725677
-0.7179957470243197
-0.23858891430331236
1.02723055966079
-0.4942984905351072
0.1479606653403438
-1.0541608635381534
0.25823236713501874
1.099599266374852
-3.0842840421997963
0.4773972144704369
1.5337986187683392
-2.0443569618850557
0.8845392455248465
-0.001895228447459485
-0.4911777800613101
0.6892608668702148
-0.8706366254650251
-0.3718057975637409
0.9983573465056466
-0.3977498067442642
2.1382900541338987
0.43136001822990766
-1.178561305724302
1.0147584615938445
-0.12792645741185454
0.7301647808894556
1.0149600449500715
-1.2535503441020672
-1.8290564323466765
-0.6130747481675317
-0.6278658810752827
-0.36513887399181244
0.7376800011314362
0.5378929559404575
0.14368217898659327
-1.7217803569519952
-0.028206486076928772
-0.015440058801786671
-0.7126518090639092
1.5752879467440937
-1.0817140554014433
-2.109973170224721
1.301450009272196
-0.17407065345278117
-0.4924597156201618
0.3622654424609646
-0.6392119735430244
2.2531483110765387
0.5003788752004708
-2.582716119594929
1.8442949606597314
0.4949480173034759
-1.4949067350605005
2.3126768501980663
-1.077035882802479
-0.8634161278481594
0.36162885701068914
-1.3548796690868805
1.354451326851738
1.7029852036608062
-2.4015018866662765
-0.41366313048826114
0.33277691861381664
-2.2865693054724834
1.4612516279173628
0.9241803380209932
-1.9660512006415816
0.05714506224424998
0.11644741606227513
-0.18884475100516623
1.6446111090909823
-0.4116041326129577
-0.9375991172381585
0.9276140309899795
-1.8309978605489148
-0.10616178733621284
2.1085347314416287
0.72849709685158
0.3088553102611239
-1.2347896968781855
-1.8458751740988286
-1.4272164465802928
0.7281244181354861
0.266168968199779
0.02567141394563055
2.6086847633265853
0.7579899962891663
-1.1844539632173048
-0.08810854283189229
-1.1355047460194159
-0.9113826113891361
2.849521833617583
0.15080718542166888
-1.705500970780183
-0.4880895674939675
-1.035826581131291
-0.027894649182522546
0.4412454007941793
-0.8141726852344016
-0.7880401329265239
-0.5725922847025295
1.1617575457618021
1.1536527371535352
-1.200996312136791
0.7935217820831132
-0.5113722604312463
-1.2941791090968038
1.9525917993189954
-0.4910859792004402
-0.9796262246434844
1.4082421433588719
-0.2357000604706873
0.805768648318171
-1.725057803239233
-2.620379607247618
1.3710697792897313
2.1579954209418246
-0.8385293927875033
-0.896446246690406
-0.5831166967580519
0.670576551676263
1.0198989753901413
-0.4480524925417859
-1.459185063303113
1.013059763637869
0.47526745616765625
0.38576614779622564
0.6575972560818338
-1.9144957817315338
-1.0203294537315952
0.5962976295341558
1.4681789634331022
2.3352303066313818
-0.2384737975523103
-1.3643178358178814
0.518004989677763
-0.12192202298900301
-1.2212308057293781
1.5374168090745768
1.0723305196262656
-0.9603700492794978
0.4416394298808408
-0.0005315879854615457
-0.7450588299817665
1.9352360675481721
1.5898912355998935
-1.416818724206152
-0.24479024684249623
-0.9754888986738898
-1.3689648135862407
0.41822923885439545
1.7420959392596758
-1.4858991310435994
-0.8482763988824737
-0.647483722851913
1.099427159855742
-0.02292516776597653
0.48390461556343567
-0.32340895993447893
-2.2200133370188957
1.4684412386800152
1.891016473436589
-1.71273509612376
0.6871953019846619
0.7416554818196595
-1.5777364149295816
1.064736659155772
0.8703549418104519
-0.7561631675905683
1.1917345713604712
1.6566040454669795
1.99576513686507
0.8479946801057054
-2.528890787028132
-0.7700057741789414
0.9128757227664446
-0.16436454446522233
1.3553243008709224
0.7985854480695705
-0.49839165752358294
0.49999735333077155
-0.9058990434723275
-0.024473474715448362
-0.5095892668688092
-0.6543113711586926
2.1378815679401573
-0.4832102448792023
-1.1311702880291872
1.8356023351200874
0.1922093507818109
-1.3591052984825787
-0.06031393652905154
0.3711394287613614
0.8492788794034695
-0.2730449929619144
-0.5717883471644681
1.1720684946118758
-1.497312827753384
-0.367674200348879
1.8228564320927825
0.5840473585209396
0.5485064820212001
0.27955068173013037
-1.504380002086421
-1.7310013143770058
-0.6156585826479655
1.2061904543594162
0.9661562905147402
0.9779238685617251
0.2739127216772092
-0.7588190697940904
0.7897520991631382
-0.9995942518208865
0.8425121587269051
0.27273953035616993
-2.133601541994821
1.1994296315037034
1.3188521583742996
-0.41763385037769507
0.4895999404983422
-2.1376835873677105
0.14877020370678828
0.23984275055497029
-1.8990160882776113
1.797785342087623
2.5637225516061406
-1.4679782477080363
0.4469901809244532
0.08221370077119244
-1.5011778955782042
0.40078468204746936
0.17440251828247855
-1.9673994862648925
-0.031046172895725643
0.2645595303863436
0.8414052160757783
1.317633786284032
-0.10278182981321138
-0.6906360389205719
1.0445519567420662
0.8209237863195779
-0.6353727587541363
0.4342482920077773
-0.21326104590807318
1.1288226961200583
0.0036157847549596056
1.372373268657253
-0.3877787507586553
1.6088879979329298
1.1903527251365458
-1.7938703756705277
-0.16507544974936347
-3.5753167204125527
-1.9952351000931405
1.9284272972147853
2.6654087409752663
0.5718540148364991
-0.39876616440014295
1.0998862192314394
-1.0891387270713213
-1.7305507545714485
-1.5019741453819773
-0.09119995994838914
1.2183478599492426
1.9423869710783914
0.7457403368596394
-2.1779923272491235
0.3775694798091964
-0.14876331850889685
0.7544703793614435
-0.3174648742371784
0.5228489342860052
1.4104295654311734
0.11609772605261193
-1.4916196063086071
-0.9091283363577558
-0.9639818024277189
1.3311635646696938
2.152676446610159
-1.3919109654138953
-1.8343094782324372
1.6966867206140261
1.7295532165018823
-0.5942345378684921
1.119882392044535
-0.04958133443138846
0.7107629891123195
1.986306601285912
-1.8130428259658429
-1.6373954025251267
0.5047715229029052
0.26592447805438524
0.3006236343191142
2.341309696539445
0.9653447691163071
-0.2263360519861537
-0.8902014693161665
-3.1882240746778727
-0.3321979118957623
2.2920520459653626
2.4829948365264496
0.569544704888489
-1.1384172839560731
-1.6940240370694093
-0.12049721059823393
0.3731544271466187
2.1529691998741973
2.089533251526758
-2.125308957025876
0.11583772628500322
-0.054385769828476566
-2.167435390151585
1.3127545660371593
1.423195523259683
0.2936651931424642
0.33356035492082464
-1.2792824075221263
-3.1224265756655676
-1.305759064234838
1.8003576947971787
0.7703938482306228
-0.1677405985226178
0.3703465037977373
-1.0077282657512772
-0.06113628898027146
-0.14424018511463754
-0.732628387268682
2.6133512224141855
0.21547237074916623
-1.513778479998717
0.33300026289100315
-1.918062109606086
-0.01789245010598628
1.2031516444759278
0.5851005018290225
-0.32511771200551287
1.3219980139182135
-0.6358593490557485
-1.8048606521989752
0.28092502877396
0.8414917231965051
1.4319335111196687
1.1413279327388415
-0.6972889570678207
0.02243997858123148
-1.1666103902494571
-1.438243838229445
1.0520523364012062
1.9715365058484478
0.44306197608023623
0.6585673217490227
1.852812061901906
-0.4249172812483468
-0.5351135583002425
-1.0630586768986858
-1.2439957448475223
1.0194317206294496
1.5377608671242533
1.432605698726504
0.6858198318100491
-1.0665172922999744
-2.377266245289868
1.5239698496786378
1.353059118432214
-0.5324652813762104
0.900074596680555
0.4173866101409908
-0.030047657825031715
0.24823083888374922
-1.8980298908997812
0.31681287531935837
1.0394149156345813
-2.232719481785543
0.32699378390092176
0.5341797893920376
-0.9662031765951643
0.5867058491479453
-1.9432661297668194
-0.961946752522443
2.3332345582775047
0.8012574461828023
-0.11342655968573968
-0.5264028004466041
-1.7813012121990648
-0.48670059764571233
0.6152292853641048
0.9751669264458926
-0.10332181152608055
0.45140064086219955
-0.2122200615172334
0.9193784218766702
-0.017327909162966393
-0.5054017005188728
1.0009898557951635
-0.5411499624578664
-1.1749407079633432
2.2760757741194793
1.3227412030872239
-0.6372977481149342
0.6262279494594675
-0.20005894991980533
-1.099200569724981
1.2987026867276121
1.113995673586945
-0.8993229967018241
-0.5047538747534539
0.46740496475052784
-0.3591352721862171
0.2792373690689895
0.5061945499243274
-0.7550414055875247
0.25006464550368507
0.2519437995745619
-1.2337742818848771
0.21020359666088612
1.0069268184005298
-0.998604333569853
-0.34578171322054646
-0.20898848868109055
0.3980014022304059
0.46185230469435795
2.949956483421189
-1.5332248316090258
-2.326520043115236
-1.5104141888143934
0.512072774431365
1.6533422651681726
2.1120250280988913
-0.6675720162144821
-0.22038084063504026
0.1274358220713449
1.0948286055693366
1.7832934844553465
-1.6385416984040821
-1.4483660363326738
-2.2018457201785986
-0.7086014777903248
1.258496765181854
3.231270723559409
0.6223189253155876
-3.1767237942785735
-0.36088450088680224
-0.21620619269233424
0.33129516887441207
2.444305579830926
-1.197362388601865
-2.394752998269483
0.6997813722243191
0.17611318561632577
-1.5334285121400484
-0.2481506277589629
0.9882824853732305
-0.6625493126717683
0.1842786631793047
1.5818154430078142
-0.3344857637088793
-0.1860720865286718
0.2985041001779155
-1.5229633241716658
0.7773308533731238
0.018964897937149394
-0.05030549447555954
0.6771363392579774
0.19454600337442735
-0.8412148525146341
-0.8585193483442235
1.1947700753168509
1.4914210358164084
-0.6883999592120518
0.22437819398269876
0.008695185885595591
-1.873149090256931
0.1250008790363059
-0.38602341454953815
0.9668312984128974
2.126132843290782
-0.2440789157221907
-2.362543231486888
-2.1241086587103712
2.0378747777517745
2.337657714617145
-1.383939384098004
-0.33775184362094013
-0.20478332614813508
-0.3843541933048227
0.9575863368930408
1.3659013352818832
-0.923971342880925
-0.4455047083702219
-0.12543661600870515
-0.25010590023239265
0.7109676646481896
0.7155350150106031
-1.514479983160918
-0.8744446157598456
0.5289244260926913
-1.9935885111309
0.3692364640375453
1.9744812704620749
0.5482836896046086
-1.2541891813322859
1.5959914332325074
-0.18399542411691844
-1.3738325742870683
-0.2591391423709437
0.7520140323070749
-1.1949012409729254
0.639561642805945
2.7960156522195785
-1.8957830799751054
1.3190148189716793
-0.0017481202593880862
-3.2907321545168036
2.2227530332614824
0.8732218108714156
1.1905666978195564
1.1033095007372893
-0.09156790564149975
-2.285686962960254
-0.14326615548896837
2.1687957352520977
2.178329548946795
1.5634912150477005
0.15487048773342416
-3.3091248836528626
-1.9429653392312651
3.7546239165619433
1.2842803521260384
-0.47043328297095405
1.0757666805493074
-1.3958465944864522
-2.7698630136964937
0.38412662270854836
2.1281028097095454
0.08621632971893983
1.2882594711398179
-0.562761253350978
-1.3718669509464123
0.5266126586089716
-0.19911750582775076
1.0948106571338605
2.176358247288217
-1.4429871165410901
-0.4692074816471373
-0.07862790948515896
-0.4151143824897032
1.1638706961718763
0.6565971607414925
-1.2292429222246888
-0.24480866936163836
-1.9313032192331252
0.22905899337199587
1.390821053289532
-1.1232671044951827
0.8694882179607795
-0.16606919678412363
-1.6735889334712581
1.3757998980728192
1.3679939338243845
-0.6894916214602276
-0.12739238156782323
-0.20751039413542569
0.16402280142548675
1.3908439595265287
-0.6154640238607998
-1.7874816435484844
0.21950551647845173
1.1615069189655438
-1.0157540013866684
-0.8919696218538469
0.6434112280615166
0.9896605334964638
-0.7362285447643635
-0.7166406788525821
-0.21552417269209728
-0.2192840096545077
-1.0547875637936956
0.413268322737885
-0.25450866801099026
1.374953434365152
-0.6918186563031523
-1.5901816481620978
1.5645709988217482
0.5617820205110683
0.1168520074237549
-0.2352920047389203
-2.614541266714508
-0.3775610413437703
3.1884616713857494
2.8677127599321994
1.1945258836969908
-0.972705210753737
-2.908679254042157
-1.0399654655829225
1.411916501063426
2.733827726581138
0.452912088178276
-1.4978074936188657
-1.8602329472277397
0.2594418633043353
3.1191163006849116
0.5552868356131878
-0.23859714240891378
-0.27153002853966507
-1.3405286877884632
-0.42575709093693237
-0.442413422361402
-0.09937353352246114
1.4107892475763029
-0.8565402732803624
-1.600063172065146
0.1360990786234773
0.10382289164012497
-0.14607748891785555
0.5557132018142031
-0.07702898656144257
0.7280646675397657
0.40401896769737133
-0.15191453733383092
-0.7272524557109109
0.2706637614418804
1.9460670241912525
-0.551890937338838
-1.8106557572144422
0.5386605839761116
0.1166924598694618
0.05721560755488909
0.500769860630035
0.4965908316201163
-1.4328558333790593
-0.4286564067349734
2.5801120564598787
-0.39358457388080764
-1.7571385184386883
0.44958825398702346
-0.5176718028598974
2.2922617893060853
2.4494894693792575
0.3480306694504778
-2.425220170348772
-1.0933295396250466
1.2672149340280383
-0.34709377865048685
0.9068531094352323
0.7869353871105337
-0.5399210418964527
0.5831934148660336
-0.536590615902632
0.004612631156118874
0.19540317893650577
0.05028131139926939
0.4561396253580553
2.0624570255142634
0.20729987436957065
-0.9127577333718795
-1.3440495750147907
-0.9578584960027905
1.8420421850476716
1.8758653445347153
0.6377393381562836
-0.6688844988560104
-1.1717608629192326
-0.6281909436609943
-0.2162515078813883
2.3335194029049804
1.0161854697075696
-0.971757742534991
0.8159940117482046
-0.04566644718708279
1.1025267584426406
-0.4015542187706609
-2.4780217311076074
-1.5268807707848893
1.2325441413208273
1.3585380001498972
0.21984857862989943
0.01362570990996971
-0.09909496902687465
-1.655467366760658
-0.43847182616470515
2.5605338595276805
0.04308158617987218
-0.4317271837647751
0.9489253464089843
-1.6272150936004266
0.11062477724884656
0.5420696923049366
-0.38163810732711023
-0.29359276084711916
0.2672795390458651
2.3480864918885618
-0.7393215264578996
-0.3603502299132214
0.45839581480236985
-2.183892768406374
0.25424329966319525
3.6378566733733786
0.7347519835907611
-2.2856585417599335
0.592109362316962
-0.7949914925269191
-0.22884472257216476
1.4742634097312606
0.19224269313840012
0.3460524705689369
-0.2777196604455914
-0.19860519954903433
1.3441708913064347
0.008910173746242159
-0.732937768465181
-1.8253303015998525
0.8893060275136905
0.31562103466240377
-0.3400887520200175
0.02470448559853533
0.09829479932456392
0.3821333519059395
-0.023768028578896233
2.3563661425283975
-1.4583436062643376
-1.843363791012351
1.3584995554252195
-0.1035424991199834
-1.4467541007361056
1.0242151019504537
0.07438893563694406
0.7137103605070326
0.3316427941457235
-0.18974518798826345
0.18792077189412643
0.5733499419960808
-0.7567521396420678
-0.27787226048363156
0.1872689720031771
1.4644352104282563
0.4551989904347322
-0.9148272562797534
-1.7096132759421012
0.32413972654761486
1.2137538512338284
2.90881866786001
1.628940440184891
-1.8331318160384773
0.5014813101865909
0.5248229705898978
-2.442854047951409
1.3554203628088084
-0.20700278056192467
-0.7574069534222417
3.086800746012467
-0.6886283676621727
-2.5651735303923617
-0.6457430562250746
-1.188874566441397
1.3864450184548085
3.652646627816549
-1.2485517900019238
-1.6642823221778507
-0.5554667731276233
-1.4263596862379344
2.1264513992518883
2.3632639272560136
-1.9995308414972304
-0.7840607285811099
-0.520900004001462
-0.03980332396742292
1.6912286218561334
1.6959294047719164
-0.6984933564304955
-0.9957672125730015
-1.6938035231529542
0.09948737091500326
0.5224026351677988
0.0702613512001447
0.7909870152741934
-0.6672065406725242
0.62670937353699
-0.4814080575607109
-0.4006580479502731
0.6971755366433797
2.0813166309268705
-0.3044643747034701
-1.0514458997460039
0.40202942684923176
-0.24161420007159895
0.8714800815357336
0.7753718589779737
-0.04964747834612471
-0.9003696324421637
-1.8289055059535435
-0.6304540268039238
1.6089484507093648
2.590182253102134
-1.1363546509212883
-1.6719125842351001
1.6180725718282893
0.7337852443120614
-1.1930698858135402
0.9518929562193872
0.32583905827796056
-0.36946641393420726
-0.529950290282815
-0.19679767022759492
-0.2080854668128166
0.15748282019201867
-0.36485463090273046
-0.5518167891428645
-0.49364758039770185
0.0476924450203092
0.45538863990709805
1.7582745058581473
-0.9032335295399839
-0.21338428181258307
-0.2720787735613125
2.18773150356093
0.3695329097174375
-0.8670170864953104
-1.2680310678203173
-0.8374220756717454
-2.3621624969285904
1.1769913380194947
1.0818489680421544
-0.9770987828515417
2.282010005123425
0.6745681047323553
-0.9838132196150116
-0.6032759195592063
-1.4261652135468261
0.010640492536352589
-0.3885342830110141
-1.5506197217612803
-0.9305032038349208
0.09454954354974332
0.5890393303671361
0.9341822043907841
0.2923064822177568
-2.472936842714242
0.4362586335585265
1.4336074720563925
-0.23274198269373314
0.8898754644108935
0.21684114248281125
-2.155679431713148
-0.3126875758770893
0.4178274899167794
0.13958338097615755
1.9024041863363936
0.050879179127197874
-2.25302446032606
-2.6613966447240336
0.7609900616016306
0.5415616861575138
0.89814049655258
-0.2410914219622693
-0.3530748656846568
0.678715481671804
-0.09166813774290283
0.6761862492961809
0.3944142503960585
-0.9095090115771547
-1.0250341660805284
-0.14915996533212805
-0.20993864129640033
1.0340033231423988
-0.7934194191129955
-2.0956512419811313
2.132294598557872
1.6261766635544128
-1.0788730739164079
-0.9039417304800494
-1.3242304451153348
0.11977240227473585
0.3229641222828441
0.7290491110251331
0.7808232458543525
0.28794874874193305
-0.8383709415106355
-0.1385057741843237
0.1071067801932187
1.5076955980774032
0.9649995351145619
-1.9667801465869528
-1.5296059892714127
2.719167351542771
-2.0771962076317934
1.2795620538559802
0.9920295511192402
-2.148843359694253
0.07405600593802053
1.984784960801937
-1.4261814602098313
-0.06423950172471468
2.7722254583287222
-0.9747137562480332
-0.025236695463171532
1.749994156120869
-0.004254202774037763
1.5207078953429694
2.0505495062046255
-0.2753951746549388
0.4381548429127151
-0.4044145516963321
0.6571922426157455
0.2700060830887495
-0.18587454883354682
-0.2227384750120125
0.45538251631650933
-0.9956128506567143
-1.2009310939722169
1.264796489982054
2.844050611168146
-2.029044820460016
-1.7966786952494587
1.127143262083647
-0.346291069559133
2.020217790537475
-0.6189763775614963
-2.251762640607258
0.21640911766370513
-0.2851066903937188
0.09480496750744802
1.7560726600889158
1.3165586072864763
-0.9838893761039051
-1.2911520169675113
0.746557713191077
0.2602717116667986
2.199818090760127
1.5807525610265394
-0.4789524784460486
1.7743665986735646
0.034910108499826564
-3.42892180740601
-0.16362573821521892
1.683677046373404
-0.023780353405977644
2.0791308590874125
1.0880500231388468
-1.6827303243053138
-2.3502147382101564
-0.5559916932443404
0.5037437548451464
0.9604884398885971
0.8209983846679435
-0.8663708882555914
-1.1033480646624407
1.2610567403808077
1.2378161939652317
0.4044388516814865
-0.26083147527990047
-2.0386322092230467
-1.1165108689198915
-0.15202588009979967
1.868813143846996
0.7622514205448634
-1.8338006458540392
1.3765740423510169
2.2903654286845425
-1.13319156383096
-0.9744154160472129
1.15570420164872
-0.8200820833924123
0.33151064582318734
-0.8816887417789016
-2.7289075849483386
-0.824169577403143
-0.7258512745635741
1.2482962909937139
3.6155019324421342
-1.237568754739611
-1.6891211084156585
-1.2915767813485615
-0.5380148100223442
0.9451260061156677
-0.36244270200374196
0.48800105077618633
0.12010186658523292
-2.3680088504122487
1.7174665057724874
1.2099817157964978
-0.48432767094551554
0.7274416693325492
-0.15089295655270768
-1.9676901117145538
1.1037910400750066
2.759348097419849
-0.22429724313692218
-1.2872109220389834
-0.740649204503776
-0.6450896644046117
0.9827544956416204
1.0120907371565793
1.1217198111573359
0.19786791184131397
1.8091263051620594
-0.9605677852588872
-2.8750951227717474
-0.16909386973054952
-0.7783003379352319
0.48030285916344284
1.692047819972558
0.2242572270520466
0.3986135421521912
-0.11148775558622306
-0.689252500915823
-1.2226866898678739
-3.5297741158847518
0.7594693038949921
0.8692890949912973
1.4548706939498743
2.5806877340233854
-1.524815769476436
-1.452486982846694
1.24715262162793
0.6436084428304562
0.6003046645321898
-0.6975286872943425
-0.6070635505787749
0.6320597820657239
1.1765599728584797
-2.4913406111710756
2.3284666131951517
0.10971613357454923
-2.5436365617598122
0.7724107847747657
-1.2224979164977543
0.28725605128688
1.2112165169968911
0.0005089501519961459
0.5089510187020208
-1.9583324010103054
-1.1036589445197897
-0.2166836365503464
0.38942915987028504
0.811166986578409
-0.9127080897041396
-0.7187591318348879
0.014798005707667372
-1.3629253999756452
-0.36059245400125384
0.29912059740537866
2.1924339389119627
-0.39227231465319023
0.4280417790415618
0.9712732162749096
-2.419679183504098
-0.7214304304135306
2.3936534222780397
0.008267098170378295
-1.5536524710204758
-1.1277652464099996
-0.30747371825574965
1.1882757172106193
1.1698686591439986
-0.6243992615011609
0.008339740654641603
-1.8443496728592095
-1.803252074852883
0.931853753920543
1.264064564985472
0.7534304111329222
1.728192867784243
-1.5260278498581148
-2.222944224379159
0.25588558527083116
-0.5355533949129038
0.7085530219715119
-0.2654266504997489
0.3124866790015974
-0.5115829066176685
-0.1677127180036772
2.0333038180357166
0.453982201384477
-1.0538810413941628
-0.6749465616596296
0.9967364891711341
-0.19723651381963597
1.6697189503907144
-1.1663020595686315
-1.7787901955987389
0.10616092162800495
2.0651708769038044
0.8143432741959524
0.8496840765736472
-2.0073236286443077
-2.7948497618306964
2.6572831763078493
1.1889234684976124
-0.38900335376053485
2.19570136710875
-2.322342820281266
-1.8595843252431072
1.6019921831576525
-0.8770419860910013
0.5121965040820315
2.2248681982530742
-1.9845223492806712
-2.246538162961394
0.9659838685767033
-0.43652388019168714
2.2845752266452553
1.3736266692427859
-0.37983532793370567
-1.4111376725970572
-1.568750092782
1.4002071271119794
0.9677006084431263
1.1125811645857255
-1.0377074418959702
-0.6576193781846664
0.1306342871154612
1.7412242068403985
-0.7372409984826027
-1.9563999905796923
-1.2580382960144716
0.27676886710656134
2.0797902181576102
-1.4366049041393008
-0.9993530546998121
-1.2606934564906749
-1.0192880195003484
1.7159208803125052
1.9716035075610607
-0.16306636856779932
-1.0017317784195403
0.626539505821429
-0.8457118422370515
0.12920096675956533
-0.2848927183127795
0.0853775512354219
-0.8966376216959324
-0.025706505442333466
2.8676919181856455
0.32861288593985877
-2.4274221566799006
-0.033173554889425624
-0.09612048998735163
-1.3331126204449384
0.7559227592713611
-1.2440569617571509
0.5326897452135702
0.8178428473031002
-0.31885389206348524
-0.8848099600004993
-2.2768610722051377
0.40870289785822
2.023015323617943
-0.08551044935057311
0.09561616032544241
-0.30819727409139097
-1.6979916848936476
1.3982899365190187
0.6799030707704744
0.18251647584256414
1.9127089428507533
-0.4310787950537854
-2.7306927063209585
0.055336255187652936
-0.45116561440690406
-0.4308244657899152
1.5195607374543838
2.106873785768351
-1.091734979590861
-0.14350383097001018
0.018138852123833454
-0.1741604433100129
1.104329523402361
-0.88313522426759
-0.04754667378719457
0.09166618076500682
0.11661975911275246
-0.00027095276344635266
-0.2490882116316722
0.9874497868518789
0.8396010712352884
-0.18826555432179481
-1.6874089396566077
-0.21518309319849077
1.8126726248640126
-1.0618846967036148
0.6436420124960177
-0.7975779253840771
-1.5904533554775389
1.3192860394238695
-0.262397973841802
-0.05494176458372382
-0.2774213842137401
1.4823639773581476
-0.8168952846703696
0.2526957992874854
1.8810206287136149
-0.7516674832863713
-0.4190704709835046
-0.12329852560251431
-1.0411615555261435
1.1891598114461643
1.7541941042425495
-0.36206360698845336
1.2906149469075676
1.90276540635627
-3.255260996415262
-1.2824589003032245
1.9547628901511303
-2.2542899465391546
1.9076535509739554
2.8570073990268186
-1.478681344034145
-1.3619920738581641
0.925643217484429
-1.4231238537783089
0.08159919147137307
3.528113027157158
0.8291230602230363
0.7005184478951594
-1.0110238346706464
-1.7668318400507457
1.508492308009437
-0.25957125502935796
-0.564272402580948
1.0088999980188205
0.020870458171636963
-0.09614130939376353
-0.7028094241391863
-1.1760426193332028
1.7156247225062269
1.42675685990748
-1.874860639637645
-1.0693640549508499
1.0835351776387336
-1.718278648062264
-0.10758365516532598
1.29716973727454
-0.4535381357765105
-0.4684952158784621
-0.635391105989385
-1.46283152964853
-0.1888515855198093
-0.022839547081005773
0.40983276394265317
0.1990651654295531
2.5585109780559043
0.981123301635278
-2.06567357419908
0.13076764133297547
0.6636254506333044
0.15550175266313193
1.080075207619473
1.2641594356707304
-1.401407670550824
-0.44234488670562355
0.14063382343494576
-2.4540042851863046
0.9445344215951063
1.7814704565416637
-1.5370851948460902
0.15550008150920575
-0.540728081539287
-2.409419894609486
-0.658300023479856
-0.14908980807533334
0.48378120673289804
0.1402907280009167
0.5838597761841133
-1.4160691732922366
-0.5032647730800248
0.5160601434263011
-0.3344482646390137
1.382187993047033
0.2643581488577249
0.3795536693443555
-0.4315269541526332
-1.3012650737235791
0.5684751802704491
0.1745330199411128
-1.7122199785286922
0.25965412364489254
1.8015795228730482
-0.19164711429923137
1.6723053306446078
-0.6147255489710641
0.7836613813716975
0.8445478508724797
-0.5232579522522902
-0.033808237113005235
1.2624492387917767
-2.4857533741002418
-0.6752219454020032
2.2142370868540917
-1.2800861508283221
1.6722967681194676
1.1899318428000172
-2.552906988143829
-0.28399878271036627
0.37714605600441065
-1.076719759382283
-0.9683015880043464
1.3203125362905552
1.5840782700689109
-2.142125037076827
0.35792228224444
0.6507683209518941
-1.6283660370143522
0.5908626016315942
0.6395661007242665
-0.384092055098509
0.41059853720565975
1.2810915985407973
-0.7582263037594731
-0.11757758938439261
1.0085000961398933
-0.5553151883835726
0.16441544644023648
0.4554544133785515
0.08345566673419358
0.22386593140004485
-0.8581664056492299
-1.6900437889219417
1.3473130918178984
0.004187999717063962
0.2638036577623047
0.8185601409603503
-1.6919979910922662
-2.5401730692137825
2.2696058452017507
1.0889619483554838
-1.4914945084981177
1.3210558504085343
1.0086286972620833
0.1536772678735383
0.45864312749820024
0.8130594020877637
0.9561503667421596
-0.9864754593296488
0.14174548385809027
-0.4174759018360916
-0.7897482112071987
0.9392250523937815
1.339980988729911
-0.0255226863631704
0.9295037033777418
1.1273518559511162
-0.14215109199042675
-0.41721650449866376
-0.8733516695491071
-0.1142843055173835
1.3673396318559545
1.2810969072754284
0.0652826298848957
0.16743920925652211
-0.5661244126092653
-0.4875483416828538
0.18983500014872573
0.5963659337342159
0.36359294020460187
0.7194423027968296
-1.0868155904605046
-1.4182021310991029
1.4165035055710578
-1.3154169473454924
1.859582722099177
1.0010462962471491
-1.2945009036541013
0.012844567898327913
0.6725610871380728
-0.3316684279149794
-0.9161670688021193
0.1860537561098872
1.9687770780443519
1.3096275237840265
-0.3123145136060622
-0.30816324054795957
-1.8386728079624792
-1.680687059042175
0.9988130101065391
2.6758951623297795
-0.25790923250085784
-0.44668296018498005
-0.7419882378607121
-2.991340983550237
-0.5327121208524166
1.4996197266947324
0.8025483333584189
0.11198979182939317
0.8659566761921271
-1.5484379610434587
-1.6806363863603297
2.133774645595834
0.5507255563436712
1.8128447838148976
0.8950390954517569
-2.3963373438778537
-0.9166917916974193
1.9997201573387393
0.08805913038592243
0.3501426216884288
1.1649440772241326
-1.0647509637579695
-0.759463212232263
0.2678904041391338
-0.4359289488441328
-1.7902457077286804
1.6601257899765347
2.51550046409755
-1.4504355273730298
-1.817421767243217
-0.2712824134484898
1.248260102121491
1.9688021143246246
1.043636574093665
-2.1244877254201993
-2.2426106341548584
-0.15546587847681953
0.16870862361805034
3.795316822321764
2.5010079129870557
-1.1072701616801943
-0.7994756403427843
-0.6413248786265634
0.5388198895451688
0.6064368388140846
-0.018404534938643885
-1.101017306050954
0.00738915990272121
0.6139719893863582
0.09148368661650765
0.6159136953412021
-1.213168823482393
-0.8035315521213836
1.620103846800244
1.2488406298424721
0.563713974873297
-1.2119500261186904
-1.4754377657570796
0.6873643115965546
2.044406502054702
0.0366313752868305
-0.433097947764384
0.5177058412177735
-1.4693689835195651
2.0172604129320693
1.3372426904270067
0.06843870109388672
-0.06636074016635307
-2.958070677804839
-0.7289989069812948
0.7425431364949109
0.9537166521493835
1.068222260111968
1.9768273190972743
-2.038447828978259
-2.6109299841639366
-0.5170049128821779
0.33399692156192257
1.9830370792598262
0.9662402525691565
1.6729489054867968
-1.694424504966712
-2.503753756838668
2.8734836400638875
0.8243018719798746
-0.8670825033993397
2.0694376957254867
-0.24421778595547228
-0.6673835512577841
-0.878057438707033
0.8340118681281395
1.6735463381103008
-0.19111264442063491
-2.7099256315776925
0.22650674867053266
0.07781415383111179
-1.6360077625002798
1.580824161578632
0.6451202969124894
1.2924332834198176
1.1953891173207447
-2.7191329343550494
-1.8483072907279223
1.7172257698625861
1.3424407212930105
3.74482371883057
0.8084218597088618
-1.9338560026549103
-1.9877514584944485
-0.0015048717906254172
0.3383868798917962
2.0861137766072364
0.3625145691577201
-0.606159160778621
-2.3397378683428056
-2.8803043194440114
1.231986078293499
0.18159734774325198
0.23936479548885053
3.593249572743948
-1.1020434947134716
-1.9690843817621986
0.09579808025146064
-0.5129955068966549
-0.9481999645439371
2.5374373817309457
0.7765623306460274
-2.112408684172907
0.00964277867958846
-1.5290762605470212
-1.302159277815066
1.5229873677627046
0.016986758488011344
0.7741951723912971
1.151630886377557
0.022590419119705052
-0.3153436104751341
0.37521853168751357
0.8422446025525373
0.5022335909601697
2.447133564978384
0.1306026001457552
-3.0346977501898906
-0.39518655684069637
1.8023478853903228
0.6812180956786311
1.2991162296438388
-0.804054855320173
-3.1654865562621657
0.3774249477238205
1.716849957376731
-0.12473380058325878
-2.1639371289574125
-0.28630410754918745
1.999304668903459
1.5962882254617474
0.3505261419675618
-0.7933144838581113
-0.614935427157277
0.4431464078878595
-1.0854297609431491
1.4625109069132296
0.8798123856222646
0.017648805165505266
-0.9622060028650571
-0.5858644145079035
-0.07464772782696287
-1.5620637441558731
1.0376897386255566
1.4488716064944738
-0.9913549335337825
-0.04984325657598687
-2.1787542806336284
-0.4112392416770226
1.386815735303254
0.3367740303140848
-0.7195400919154645
-0.5116121949243227
-1.1668201771228985
0.9063447215244127
-0.8151029140555197
-1.9423091327308741
0.874303945707047
0.3774062993202302
-1.6498505342416472
0.04661279931275264
0.24771316901207283
-0.5110019738511613
-1.9272639820536401
0.27745814382772915
-0.5516354690277656
0.8375831143758288
3.1865713962816686
-1.8937445168133857
-0.5951019204409617
-0.728260139551469
-1.7323765167908447
1.2492194505953524
1.3832520775351131
0.5062030200187599
-0.4004648893588564
0.4161707404187516
-1.5872858777682701
-0.6574273394831232
1.816002679074444
-0.4598476550916193
-1.00139531007972
0.7012903397758171
0.7265584282256307
-0.4836983373541218
0.539444276862791
0.0021883665705344363
-1.5794345461807069
0.021855201434935356
0.6467047864394192
-2.006161409135337
-1.6386218625335718
3.089470692198132
0.5893867962006842
1.2991967974138496
0.750394846834684
-2.958055675023229
-1.6621293410103675
-0.15710562754672475
1.9517920620162543
1.899033157584244
0.8192363381769079
-2.1035176006702287
-1.1850848337939492
0.1793929463554137
-1.0923261661753267
1.1379117976913702
2.783214770260906
-0.6249306040032258
-1.970852033021047
0.4835044948224337
0.7836463244245446
-0.8383981178861672
1.174288530191002
-1.1679689299664453
-0.06794593306718277
1.1778311483484778
1.5000833099464534
0.7002423498499386
-0.42458706466170637
-2.644003556063523
0.5281425425964266
1.4812452156767715
0.1260323735438542
2.1039103710594635
-1.4106232408375454
-2.053847612912612
0.7761014691772234
-1.520493579906751
-0.8593449270241088
1.4872888198421905
0.8327195523190052
-0.521426345161114
-0.4342102179310544
0.30299626656499207
-0.21940216224545614
0.5363250131399089
0.3576778617839451
-2.133223531876862
-0.25246154759625117
1.0582198478925333
0.5268899586010931
1.323629555485978
-0.827661089743291
0.8651875716531034
0.3657130424635485
0.8231306718761833
0.49189316116592235
-1.2432687878098918
-0.9818563951245504
-0.5920672729229538
0.37095797923248947
0.24367153665946728
0.03818322969634769
-0.8568660604557354
0.6690076576661884
1.6415387295960295
-1.7840489553302739
1.3934433612882402
0.480079209863778
-2.921298869352185
-0.38406138719051575
0.11042437473584887
-0.3186707393755398
2.6709331541176664
1.751460443988303
0.11954823243449231
-0.14993831668169832
-0.834975106577326
-1.216333288319332
-0.5025107353444638
1.8789494928649708
2.621880211927174
0.06615166114378906
-0.631583094711734
-0.37147045688278757
-1.5764648209873848
0.40163212849812346
0.5510819995295785
2.5786343318647065
1.0216649203349581
-0.04348501784622649
-1.3313133369048424
-0.32372316526513123
0.21511413126204648
-0.16780682915844625
-0.7509923284801578
0.25745495617337233
-0.03421108913598081
-0.3985681041360404
0.021424686190676945
0.7358470335659586
-0.9805738172539835
-0.25967930209633855
1.3222021477884847
-1.1305990201128207
-0.8778296638345932
1.393569511907847
-0.673012776179118
0.5784888020111956
