0.6451251919126999
-0.6060704399514749
-0.220246962760563
1.4642205094869687
-2.0453273503399196
-0.8276976446384323
2.4812396564320576
-1.2798480264778074
0.5359536833771097
-0.31220515065158216
-1.6360282215356026
2.9447943650089403
1.324611529088701
-1.1293270276942076
-1.7215369782428604
0.4562943880132383
-0.18408000781545414
-2.3705123410462776
1.0318699539431788
2.0702909926012643
-0.7175587954835192
0.8397526798015401
-1.7080865038769946
-1.753893334041912
2.7739931472861032
1.1437760302355642
-0.263484894357393
-2.207310080099405
-1.0159842159821233
2.280050191018026
-0.08784585396499278
-1.0944387170235585
1.7960844285004174
-1.1754657966724769
-0.23760217251848614
0.7048469912050943
-0.46060078264276927
1.9025954344365523
-1.158211621923777
0.032609924031548276
-0.35631458221957435
-1.7657346426871094
2.862353182798189
-0.1669532745837523
-1.8670440036869218
0.5203120984283462
-0.3796189132423789
-2.324275933858978
0.44066776990214174
2.123140288635663
-0.18709093491403644
2.56438544495985
0.9094634620468433
-2.3319271198476907
-0.6417875033979992
1.0465182228436194
-0.8804585825935738
0.2708739950436374
-0.10629080577634131
-0.931273126811935
1.2080662149945418
-0.21606208477444266
-0.1505966300323118
-0.17840726640256416
-0.14679576289609153
-0.3664344759721693
0.811244929060215
1.8692131446512372
-1.134366294775294
-1.9394415985092874
0.18223871529121233
0.7104519714366808
0.7522133919929899
-0.8633122344933675
-0.8173179737717291
1.747764098030684
1.7005033461937142
0.6790184797029067
-1.8927049715209678
-0.6588720827868495
2.113627472320811
-2.047191873398317
-1.5712962035395137
-0.14321611549160296
1.3568789094068443
1.6637911501037266
-2.580501176624718
-0.21947776950513043
0.6490767382040038
-1.0064086761409183
0.34799559060614516
0.13213106404359698
-0.15722551540174753
2.240009924581388
0.46477313846960183
-0.6778762428375525
-1.401824807006648
0.20113141458711703
1.7970750843158119
-0.4847735280643219
-2.024841597055355
-0.9206906983760679
1.4613245971011037
0.900643673205898
-1.0161850676014155
-0.5919463036385962
1.3585937617420027
0.9657269962610316
-0.278711112215365
-0.32725081830944586
0.9425456399612101
0.6447706005243701
-0.16064952795157228
-2.3708418531741127
-2.2407809356939787
-0.14561485637952032
0.13471072375187343
1.4708582130462007
1.4672700036687059
-1.9069769444391549
-1.583450193449393
3.9051456555693127
1.007767242651289
-1.716163160519475
0.6066098275405662
-1.0909832624058564
0.41196320157130994
-0.03792645089637847
-1.531778360313919
1.1568179582468994
1.8700189798005962
-0.24449238565951475
0.8058049018619584
-0.03858789718168859
0.16139166453348786
1.4097651085053806
-1.280951953674318
-0.3401786944077658
-2.1396644301065937
0.41835770851139187
-0.2065438726391311
-0.13209342707434768
2.5215814815331052
0.13820239259804157
-1.703236421488719
-1.8037731306253844
1.1040133690332554
-0.5444242212758847
0.09602312054526047
0.790893814268086
0.21157515541306443
0.2817976401182345
-1.1167579900715259
-1.4021324387094103
1.837389417371663
1.305154365685249
-1.6628783793545847
0.48121204433117587
0.9467135221978717
-0.06998375617653951
-1.865210353784422
-2.311001940132329
1.8894067865619646
1.6310026488449418
-2.841937155889898
0.132679825209211
2.200713902196603
0.7234254486712685
0.5939316641426565
0.43330717417990305
-0.8749845251196856
-1.1430029378932205
0.1923203012559725
-1.609191288305709
-0.8164335922246664
1.2045516034592934
1.285490118114714
-0.507424327138506
-0.9226455281512844
1.6041079280285537
-0.7170039524660643
-2.14990345444456
1.072540804517533
-0.602687014520318
-1.7537843286051311
1.634159065323277
2.732562480673756
1.3247745564947144
0.1119843705664253
-1.8888918464387912
-1.8426717273278896
0.9184740104683455
0.3512481120618429
0.36556658697172834
-0.14466899035167313
1.3038059034362144
2.0269800917132463
-0.16615713880451466
-1.4776920018781352
-1.9782037337975404
-1.7608675293344618
0.41522502708575876
2.5747986606304067
-0.9880026284421433
-1.8369646405387732
3.433255833457941
0.7799455949531162
-2.67785657515713
0.18853369945236165
0.8427078154507233
0.2639126992213157
-1.1059090000021128
1.49643869685169
1.114103106384376
-3.3676471490400908
0.31860477342174365
3.140965471523293
1.0106842383506065
-2.4818320247059127
-3.652469686699219
0.9535091818117806
3.3990685717326543
0.0859808091810291
-3.641529028348728
-1.2802634400150523
1.2715323350786223
1.5418337317597806
0.21528057238106324
-0.521372776982208
0.39810616147613004
0.3618861406270005
0.45938144264152586
-0.2233656204688716
0.18553304887839556
0.22023940112784263
-0.30322101025642967
2.0073808583249884
0.014471306889191654
-4.9800700491713945
0.39172408910232415
2.69682835912365
-0.6220397477083531
1.5205618357631183
1.212594370565621
1.0294530727792963
-1.6957492437698427
-2.9798987513722643
0.1678348432310519
0.4401510474279437
0.20280053388122599
-1.377978332272195
-0.0734140067019862
2.8840843661170528
-0.6393481023658873
-1.5490607114693586
0.28753892526112224
1.8097210551100553
1.4065643846422575
-1.929047428495334
-0.7223053856901542
-0.5042734300396826
-1.017227827957879
1.5866448163423512
-0.2365083810880354
-0.7983199957070517
2.598850464316519
0.11719896274430942
-2.0746172473751336
0.17540577842032024
1.5850124537523949
-1.5430489275873889
0.4235085372222267
0.7570370428159588
-2.1117372848626625
0.5144351380021179
0.3770358273343291
-1.561232745348671
1.00586096431058
1.1499331836531594
-0.6987316240638276
-0.7535549356305973
0.122526870105954
0.7796927966677883
-0.07770602963907004
0.921168617753173
0.8683851816787229
-0.7013260126659349
-0.22751834370133972
0.10548239561535744
-2.404429615206042
-1.1019836505201799
0.499544019021958
1.7692320544872306
2.020375532953773
-1.1810418198724573
0.533223725305763
-1.2738002077036241
-1.1697105572934385
1.296136949429752
-0.6120734565875056
-0.26693284485865476
0.2969886669631517
1.5227764965647608
-0.8238976918958161
-1.1534387214496937
0.1475070340568666
1.3966317326758944
2.0595784536957242
0.7295302355636155
-0.13264345334161498
-1.3642582236780079
-1.3726842397460812
-0.3879224346489602
-0.18987274283180355
-1.3352107119055305
1.389397180903567
1.272248571646505
-2.4488095086551898
0.6801421242300156
2.88071844833774
-1.2148428145542631
-1.6478317774754354
0.5099352088986941
-0.03311397802280397
-1.2650212245842924
1.7527123682197405
2.334011420882723
-2.0684689453752982
-0.09738482919968705
0.02344509119978011
0.9532917181877766
0.8352483074867529
-1.571951261258588
-0.7605686801555288
0.5233626581831499
-0.2775164353239814
-0.2234186621043181
0.9203579372069133
-1.0551306729262324
-0.7026797677042586
0.43311975891791227
1.3206981093141368
1.1444279087074571
-0.0018420877932409097
0.21105579249904904
0.4459230519108216
-2.0619264872169856
-0.42626839429050023
1.2450455458132748
-2.4588686740029977
0.8103277317871135
1.2106003402976997
-0.7378645798802763
-0.0745631488918691
0.4330950554497271
-1.4061940424688724
0.4886184773239398
0.6145275928784195
-1.1127324526525417
0.9754869683537942
0.5434872405921519
0.42200022312087543
-0.014804125341939423
-2.5966140824800377
-2.7922743425161993
1.7883056816914107
0.16614324239655076
0.8128044471330571
1.5630466727327161
-0.1579919292354463
0.6193415637844579
-0.3839426621659396
-0.33027970740034784
0.513966160994183
0.18705526267220265
0.2067517959530598
1.3161459977318029
-0.057408627852897756
-2.1068498319075095
-0.6331749593085582
1.1957372726160747
-0.5976704875169051
-1.0809805402933097
2.4835774756932008
1.1873600810479419
-0.8364339653765824
-2.0705012415174195
-2.3434759119895867
0.8127990603856348
1.2778357620030836
1.099168629551581
1.9319135880354328
-0.56810418391175
-0.32329546750017757
-0.8276787146791047
-1.1493101492341724
0.29637954806911504
0.5778658514634405
1.108367640090382
-0.7419368051528819
1.0288653005433706
0.9967652818726893
-0.18701043382435167
-1.297056421305644
-1.5208697360726409
0.7296831547586047
1.7245275223408787
-0.974869823032957
0.13809593262741293
1.0345760988081751
-1.2157270533642617
-2.2950189857865517
-0.14119206771573256
2.486997434939706
1.0985343064211133
-0.2792548875678107
-0.8522227982223052
0.7131042339740958
-1.3919851645762582
0.03894839999137201
0.2741927286214443
-0.49809863168396384
0.4622007092087734
0.18743356837983582
-0.6018534780332703
0.11515209866795884
1.2867623201466434
-1.2777400970107293
-0.9879263649405654
0.9410756378958189
1.3710295254257574
-0.6611881467288415
-1.9574665604032848
1.1046934425169197
1.373131985877206
-2.8407246229449585
-0.10428398466744282
1.0463966064988282
-0.9961586900335598
1.0533318901614845
0.719656827858203
1.3138139650076281
-2.4061992431517623
-1.758191651850821
3.3673421151155516
-0.7282250817918281
-1.1607176118561735
0.8157769451224213
0.8450306275502055
-0.7279098634767656
-1.08933510608012
-1.1937988886150368
0.4031598710349842
3.1838637684962183
1.0216484522967821
1.5468662576486985
-0.3673660677885313
-1.240532924706084
-2.3314369337520366
-2.3702379671892415
3.589507304639029
-0.3834951921810432
-1.3433905701092708
1.806458724271478
0.03664961942308309
-0.46377055200082024
0.1735694958419447
1.0628760749828983
0.2288689377171398
-2.094963908249395
-0.09572330541235652
2.3612786216490487
-0.47871199469880427
-1.1286659937535923
0.6213016507816396
-0.6484937245245009
-2.9978443892852247
0.8240224904047047
3.69940220888865
0.06862805550813528
1.4482560955771944
0.07349241941517698
-3.0856146703084195
1.446479343254395
-1.9277409649199637
1.153218624396719
3.4094655723434544
-2.843473107221567
-1.0330734758078317
-0.7623232048121389
-0.6984755906504603
3.0674950172200237
0.11521556516293163
-1.4301579883639721
-0.2354446562334321
-1.430802028235116
1.0568477006750137
-1.5318757496556663
-1.6831359103000894
2.65199564468653
0.4698359819981368
1.3550483165433849
1.5886222260711085
-0.8750825968862452
-2.5076906958133467
0.15126933645339835
3.944433964003151
-3.396728582378903
-2.8060911607065724
2.299471374352773
1.3610342378025064
-0.1717296125667045
-1.1060851123258268
1.1550874721170534
0.21257276639187456
-1.8254661638918142
0.5546772192306451
-0.5894438719837523
-0.9408206642112118
2.4892774631756773
-2.136576380124516
-0.9908889175285318
4.08651900112104
0.19774663393947362
-1.2347804302555496
-1.3003015943171188
-1.486532105383285
1.650487010899715
2.711012092011701
-1.5878080701805846
-3.5767160489385716
-1.383920901094358
0.7647412315424083
2.8728523439368314
1.9420325930824731
-1.4752106155725229
-0.370322402871511
2.9360165053603033
-1.1702939081282502
-1.3437023412196116
-0.2075451312113259
-1.9672692107696779
2.4293039215625996
0.6710013568376515
-1.4356287707650344
-1.364817875754956
0.22007626638207284
3.5315917911714916
0.9433933639872077
-1.2218762187307521
0.1781590322311548
-1.8238905070535352
-1.7412624441788642
2.352527415993409
1.33701395199942
-0.052284219353904815
-2.2750490394424863
-1.5717109622878676
2.2398030135693627
2.4162010572446233
-0.8687057949133073
-0.8890292454306138
-0.6800054450056131
-2.9522412083513085
-0.5156403165961696
4.026257141898316
0.4963186394746083
-0.31534325638041416
1.8619044313571327
-2.3752306158275043
-0.40548947918457023
1.5128673096018557
0.6255610006783041
-0.1687459541791092
-1.6218604086787813
-1.9468400217015303
-0.11006513849628106
0.11620850473675937
-2.0332744677073293
0.6387521336079859
1.2148565084324998
-0.21888036980001302
2.101653778771534
0.9395251525375254
-0.8710478569652226
0.17100721971652902
-0.5163329499976521
-0.2723286031723106
1.4524862863732337
-0.9592558691980506
-0.2932220851718318
0.04535539548999634
1.0362771000839186
-0.11879303993884194
-2.31128074465793
0.6808408828309511
0.22203965010873947
-0.7395043230234194
-0.5932547813171803
0.799082862612051
0.5600449984141412
-0.8169253018969116
0.8667347328776424
2.321227244795573
-1.6142012665931338
-1.7466343562653632
1.0596789825564392
0.5703117562193422
0.73513121182593
0.9650792057159879
-1.0448806531352115
-1.0253259622409574
-0.4002361034075636
1.4469340840637022
-0.08074897017944149
-0.22183514307579832
0.1601110319239204
-1.9843314506365877
0.9045033024999278
1.52905189010729
1.5858975264447257
-2.4829345030972143
-1.607906632128271
2.2054105741888894
-0.4843181921249661
-1.9406205328411987
0.7177949018681937
1.0165013394511735
-1.207902466774725
0.6806473398826431
2.317014113941317
-0.7905283478071694
-3.054248606391951
-0.0881009482742317
0.9603925931573121
0.3380550061697175
-1.2465182168249973
-1.0754301473294154
2.603910119048753
2.1613811921079606
-0.18046499003269
-0.5060952331781298
-1.6052209597846274
1.415428135248459
0.9856903316631507
-2.4716951102023534
-0.22950166527898488
-1.1171261098165932
0.46703066037127045
1.7160309540816345
-0.07046656355705955
-0.9595683553312818
-0.5879781174702501
0.4644861588003414
1.243021530673037
2.451827323482397
-2.5947503743211175
-0.8712735201926334
1.6662055991599667
-3.355580362716417
0.29986845640286436
3.8062498270612357
-2.4062956536856674
0.33603885693856395
2.360465025114286
-0.37065799493827156
-2.889607351930929
0.18543252802394083
3.2939567649268993
-2.6222241774685386
-1.7422630356339517
0.3496279845627194
1.6083650802473577
0.08646616550402386
-0.7005535367177915
0.08741594622128618
-1.4588051498883963
-0.01279302557539691
1.4201668449767035
0.518857327024387
-0.6544731021295164
0.9744228063633396
0.3153092793353345
-3.0416232945289075
-0.39489943145297457
-0.24394427974210853
-0.08297999050060156
4.725084135348831
1.785891077424941
-2.2281364583928114
-2.172394684715136
0.43473325249968264
1.1498679488029198
-1.2806590441521326
0.8821624748753941
1.2698084996974248
-2.031737762422314
-1.9111939132025202
2.551307741950529
2.6485336695597437
-1.962405908354805
-2.4404276361227915
1.183290262718478
1.3821656243601654
-0.6825979245511569
-1.1360273606531368
1.2368035963737694
2.1976246557480748
0.34476837670817906
0.11415636992807943
0.7959109454655591
-2.6436259119260566
-1.724532349611572
-0.25693144724719597
-0.02460674064585655
2.882871879958705
-0.7629098876668363
-2.6076763257504645
2.077238125501041
0.8294402689308891
-2.752297048126378
0.19291737236852274
3.390857882710855
0.7603613955406283
-0.7215595634438126
-0.9176738580432937
-2.760800798799937
-1.407920441729239
2.1423508989500615
3.03246483268621
-1.090162780069958
-0.3087737462414599
0.37853183651462097
-0.789705679632654
-0.8877051034650938
0.18374036627379248
0.5187584954647745
0.5553175835113211
0.20294185333191334
-0.8802629334832945
0.17630349686154873
1.4465990836734144
-0.3548181343925392
-1.3723809874934938
0.43791913378479125
0.9164533509723592
0.8785821687277136
-1.863386600138097
-2.536242895568486
-0.5771610450933204
1.1143245052993784
2.191634567710163
-0.1995046110730777
0.10158169589596133
1.1465251270150643
-1.9213987567404653
0.3493905348070858
-0.3394546899124712
-1.9163916262499199
1.3633415368714006
0.6292439575673439
0.09917374632320167
1.000485413175008
0.027403767793249073
-0.4554347364095821
0.6567642815728926
1.5358085427859138
0.6830947470382084
-0.17027733703503922
-0.9901370728949812
-0.9851893320397603
-1.5880032461949176
-1.2350332520622582
2.6979457535031663
0.11618535286761505
-3.2757191328625104
0.35057212281362093
1.5363279683878133
1.245395076339061
1.7044163524821399
-0.5525832188203428
-1.394610341374854
-2.16950916735572
-2.040852264173816
3.3200920264336418
2.6687744955114514
-1.1437326569339876
-0.9635044621393444
-1.418620637803759
1.865847825737281
0.5536809971984165
-1.8995459391293088
-0.7237232970500522
0.4691502752707984
1.5729350849132193
0.37113006131527865
1.154817918783858
-1.039190445946094
-2.3309710790049354
-0.6162463309578046
0.14604242304435722
0.42349764150880986
-0.7048542115991526
-0.6757740921618388
0.9748778801457341
-0.43667911193237274
0.08197383551460775
1.9209573904495507
-1.7010907341232466
0.1174695250452572
1.4304858821402178
0.3948378557332833
-1.1162413465860428
-0.13282928241627312
1.2839977717658186
-0.1325964468029306
0.5892321758179409
-2.0727606210912337
-0.09976427528379422
-0.0686324598116752
0.9485415527617997
2.169877764397667
-0.9888789532423812
-0.6252747416526053
0.4331363534847524
-0.7098653795100933
0.10132487679354418
-1.3149105110524135
-1.1682279274621934
3.3784849153414855
0.4333653403068958
-0.8740694778945501
1.1970975041851724
-0.780775060840065
-1.3890064683428345
-0.10977825295555993
-1.255578597549919
1.7749596481681251
-0.2563548468896941
-2.322198566572371
2.2309591894275727
1.5107129582900023
-0.7861736341204796
0.4930837635846346
0.9671746191578534
-2.3340253356525
1.0966242670224067
1.1325985535319225
-2.555912864299472
-0.8419829474891103
0.9574197449249653
0.893493817291316
-2.052876894054764
0.11832645220022574
2.4180585466575804
2.1850657603234076
-2.104949744283653
-3.8222032625633373
1.4771867306317215
1.7677023569821801
1.9119874629857467
-0.7178232403368847
-3.0285943825260313
-0.4745621120111434
1.9096559237447366
0.15801938875291988
0.5547166305085759
0.6681898607667502
-1.396419354523949
-1.4089506563576024
-0.2547969440323425
1.0506179216067952
0.5219255334176615
1.8251017520706787
-1.3668579772328937
-2.14467965787055
-0.33401894207064053
0.5346026068895129
0.7368804131552581
2.7520226555523624
2.60276125528537
-2.1625385140304716
0.7018840914199183
0.10857633576283723
-4.565076299154835
-0.0652091739363719
1.7099279694463783
-0.7041212020104223
0.7009875354307347
-0.12271530948012888
0.5265266028092807
-1.2628749875413803
-0.6787342236098128
0.9709069615068423
-0.3687987554484493
0.48603146465040703
0.29545878379418367
0.2363283280853881
0.6519281583926035
-0.772660035721326
-1.2965587290456015
0.7039169513215249
1.9521103190773348
0.7381423334021119
-1.8709960898205416
-0.012959174920393335
0.05430975309428465
1.0423103060132137
-0.6841560445587702
-3.277278630318283
-0.41627450419991596
1.1323126283164466
2.0497957763255314
0.026983451055178853
0.6628000520793682
-2.323298778970238
-1.7039141643376796
1.7541249918901636
-0.20758117477620702
1.9308013778409752
1.7847204277797246
0.7330053380950492
-1.0511414047291252
-2.3398818180214067
-1.305058023839295
0.6186892242512563
1.0448270576818655
-0.8910407311976972
0.3258323898853953
1.646313533345937
-1.1811099153984914
1.047010027677803
0.44425947916235387
-0.8366842571407651
2.119832888265647
-1.3648251097481854
-1.020521204868257
-0.4664336540584296
-0.7688058000138703
2.4881335619960927
-0.9502968028874393
-0.5252520354346987
-0.5910489912229724
-0.801792379877495
1.2162120985482288
0.6549260430661524
0.19352566368390461
-0.46028661166513507
0.7465748803743119
-0.07942066969563669
-1.310307982384036
-1.0243294489732657
2.5110654088335496
-0.6662659975712472
-1.3674109296505443
1.8748079247174085
-1.7455629030561755
-0.6763398095740034
1.8603103528263638
1.6803057836146627
-1.4424525963393178
-1.4480369499817898
-0.22684021491631112
0.4216190007520663
0.8702410114069313
-0.36007824669950084
2.1360357648212895
1.8175744964023692
-3.020310650462572
-2.5098096384236306
2.3237726809057833
-2.1488649561144553
-2.28100377342932
3.053604253736562
2.25448314544792
1.5138371651858018
-0.9079665370731709
-1.5631013926973218
-0.10912078739185517
1.3164603332811131
-0.46637400121735073
-2.554994550801014
1.9776682077712515
1.2451002605290427
-0.5049013677748375
0.8019506016690121
-1.5393525826816892
0.8861741403251215
-0.9885493972896923
-3.9590821451930047
1.023824383916958
3.188526437692163
2.236937563514825
-1.5048001311934116
-1.8805679047946116
0.6873490540723115
1.4338475606677448
-1.3868694795461354
-2.083501741796181
1.1528009429149069
-0.5755247917721058
-0.5103945782591609
2.7896626661045665
0.7800575214068937
-1.5330691991163148
-0.027668511964044407
-2.4706341589289464
0.15991049542207852
1.529791029131713
-0.4386780512553899
0.8228442015691901
0.7955079344562365
0.45320026991698004
-1.1198067227698807
-0.1250797683399214
-1.0051293991597143
-0.9561210019957448
0.23400332418264624
0.25402842494846034
-1.067154926843264
-1.5597381475782393
1.4889557891790357
2.2270374709574585
1.6140212252778778
0.7401687977122587
-2.313899264616788
-1.4027941124812302
1.1756503622481635
1.550374400257259
0.6686977071283439
-1.9528539248595713
-0.8409612022553368
2.630453509558531
1.7382759866872108
-2.1393094297231885
-2.39217003621122
0.9243695123698652
1.4672035949862916
-1.1990440815204515
-0.25239965873327597
-0.8128308449567073
0.6931787481829125
1.196152127503518
-0.2182841216469975
1.4243278048769712
-1.4305669530206835
-1.6330992035172875
0.6859001694813396
0.24729486986116328
0.8437902186966659
2.1273576478426395
-1.1488224111147933
-0.7662601183820466
1.3732772632830617
-0.6545846377103597
-0.8832503357955604
-1.0237313860153592
-1.0022009948399409
0.6591900682573454
-1.2491521535210306
-0.9295052621197368
2.1099452590584047
1.0273909920273567
0.42646613142012085
1.482649490431316
-0.22937946664946007
-1.168364305844288
0.06260656112114261
-0.10865242784154569
0.21577620325150618
1.0240651170861614
-2.040273628251972
-0.3782477996293633
1.4713297511155214
-2.068139664168979
1.9751212053745684
0.40921627283663886
-3.7331440392843867
2.0908482431832702
-0.17067820897883057
-2.0248588324713483
1.1327800436563344
1.6904490349290264
1.6783821551900675
-1.4455298214588523
0.9333967008040297
1.0239512260338113
-0.9099404617279417
-1.6997766019035792
-0.8114101275074653
0.5266883437719583
1.0113246822599238
1.3789483983473767
-1.226767088478674
0.05554028111276865
-0.07751518382021222
-2.189380924924846
1.2328103326030542
1.6094420634617561
-0.0023443116447081636
-0.8582829830266094
-1.5671659699988596
2.6951676000432307
2.6096480969228146
-1.2927745536796897
-0.8223233825972627
-1.7306794800101626
-1.5063161585766527
1.6386215667745083
-0.39571963027405754
0.921296680331063
-0.5108425674196009
-0.21482463221027026
1.7816088371032714
-2.4178501485443844
0.16677734346598716
1.4410978058173092
-0.4731563261057917
-0.3870068595552082
0.859557815129175
1.4384242897744441
0.060383234448576184
-1.4411967275800752
-0.6839216683254984
-0.02563487302726182
0.8903707126761958
0.25013474266726465
-2.038205291113544
-1.0454961667334572
0.061542973586848015
1.3237645649168026
1.999698247289213
0.0984752230084065
-2.4607517910248617
-2.4806838084189904
1.047188321948163
2.1216824645637353
0.6034068519791861
0.23892336759234145
-1.2089034215660381
-0.3936068871041175
-1.367308843990045
-0.5997431826021877
1.9174262461455436
-1.441169196342257
0.6390777441251314
2.3841500797339723
-0.9517512922567507
0.5118579284430806
1.718175746401256
-2.359113887966481
-0.6778155092131919
0.8706642548156404
0.3267180854809586
2.0458740254136645
-1.8023252939724022
-0.7616094967051874
-0.1603099043361702
-0.07658807158787406
1.1966977347359908
-1.7653611426549278
-0.5928692720060982
1.2983703100023023
0.8488029575645437
0.40038105762591664
1.3272902329742329
0.18840803659784833
-0.8899437515878698
-1.4499978130730957
0.11203391572073995
3.4812458949224903
-1.4458076701723916
-1.0455276060245806
-0.6815656103949196
-0.7879123803895367
-0.15541414134997056
-0.9928011034554423
1.1896144981580716
0.48524267934402104
-0.34290133383538834
-1.7851857031200997
0.4039846892990032
2.1207949032404234
-0.6128703473830792
-0.1813944091596693
-1.134138378372968
0.46531039857246126
2.3747807526691993
1.1601786711542827
-0.8046737777937989
-1.138361865106815
-0.12477279319106105
-1.3517211366261872
-0.09223632689167466
-0.379248785872935
1.7979604022795326
1.1990021537826496
-0.6473166792106066
-0.21430791511490804
-1.4516654383413359
-0.39580984048050816
0.9557635956170594
0.971182066219657
-0.41723894719957166
-2.7336810760259285
-1.1505742955813494
0.7694962590633974
2.169233475102686
1.8722531837671152
-1.7497698212722543
-0.9422725339148837
-0.029129841438400028
-1.4374835524172558
3.1528497894770675
1.3306190043550277
-2.0801190924612865
1.6075743813051764
0.9823301049421469
-1.6421365522441034
-0.8402092260583672
-0.6169781763781915
-0.35250602127416186
0.7396231417976749
1.7335086717948782
0.25709729007558646
-0.05640763936913329
0.2193801480456671
-2.9482776970462363
-0.27289953593138816
1.0021680496982912
0.30590184121885844
1.7634411854525307
1.161023308304963
-0.9257332899409471
-2.3982986804808526
-0.6378908294345426
0.789101605808149
0.3111099922322287
-1.6115121330218907
2.1286850654150995
1.684882740806336
-2.2822973690188126
0.5712220361257382
-0.6275943912866084
1.0000197551996466
1.6679129521089653
-1.0165241421826323
-0.36384486545589734
-0.3086326992719212
-0.1778249611849988
1.4614002841129676
-0.7209579119219491
-3.808988686076443
1.3031889689604792
1.4123792372802622
-1.0574734652290023
1.940209075954804
0.8516477876853553
-0.3128755236980265
-0.4337850608702265
-0.27389450216097966
-1.0301774377310267
0.10297446776254715
2.757481734323852
0.10865972556673098
-1.6230412604849003
-1.6014756881651837
-2.9869909373595993
1.7366090638072813
2.2971571195859926
-1.231064403073723
0.033753817829601906
0.5366907594275332
0.2628819571596517
0.249709658134179
0.4153183567407012
-0.12234702286529037
-0.534853665607801
-0.03972141722427053
0.9834198662278264
-0.6876086443985471
-2.50432874678864
0.4319940098831814
2.3954511588156127
-1.4200405219611523
1.0634789843871064
1.5881683854703308
-2.030273406014997
-1.7273895803514172
0.2531779528520442
2.320824156491862
0.30229410735102563
-2.979873337334103
1.0219115803440904
0.14955329356547353
0.5202267074018814
2.6872287499956315
-2.6173736630069606
-1.8918536698161383
1.012685718565838
1.4009163419527182
1.0898543078711755
-1.1571782220954105
-2.648748659122637
2.3125458832164707
1.8954025290102274
-1.8647035669131309
-0.0954062001319782
0.6732051608858359
0.0726039019653495
0.9261837867825112
-0.43497545239619145
-2.265725702456269
0.49542350867787716
2.4681598768787523
-0.4509816301658565
-2.983321209912134
-0.11939199712734874
1.3005436453718748
-0.5946274563840367
-0.7138842372551191
-0.06614610074575772
2.4515318649854962
-1.2786104379282963
-1.1224704197969841
2.970252574109862
-0.09157031478108085
-3.4361728483140785
0.48050027557961233
3.3208351952958584
-0.24973806971013568
-1.1491565224304994
-0.056694449873544994
-0.9718360998397586
-1.4373466043431171
0.4538215716829197
2.022758622465206
1.2411385116056455
-1.0190754893863831
-0.0872189766051914
-0.5552607716360504
-0.7281368958215599
0.44204078318669904
-0.48364753375975766
-0.04872198392395742
1.3148898558904496
-0.6741354518712379
-0.0038829637275507034
0.8690361331772055
-1.1965230494815549
0.48700837606434044
0.6358914442527268
-0.31598455286185645
-0.5161180778885444
-0.8092505916783606
0.8089351579816406
-0.3533832745334228
-0.1428046928626308
1.495387317739449
-0.21163518821375527
1.4657999481331805
0.2969206080511419
-2.27997446270499
0.9834381042395589
0.8172652856991016
-1.987816904825788
-1.0386590118278605
-0.8860316396462695
1.311898822190015
-0.153217380953812
-2.161292208413112
0.23779806171777862
1.8635026028779946
1.8194314208088251
-1.2454199839893265
1.276038928327679
1.3088581656769271
-2.581486485963487
-0.6501463772116146
0.022535709700861828
0.19452112959510434
1.5201572199312332
1.1379329372222933
-1.3265352677760984
0.4136075432062485
1.0802457128207923
-1.393511215855392
-0.7766463027348411
-1.7336141100645812
-1.3666607482178084
0.7300895023061431
2.491433459144744
0.018318295462506073
0.7828711309056756
2.662240504257485
-3.8129583459457366
-1.8778009107953926
1.8766105448822568
-1.8516477225022667
0.4721898061845046
2.2526068784908815
-0.8770826633929244
-0.950633266054987
0.024248160509149574
1.4173588034230686
1.5493449822384084
-1.3999152952645317
0.6094053058104519
1.0047688200392364
0.2408078560647544
0.007233218124545693
-0.6065269575783907
-0.1096316679585187
-1.1382711795213953
0.20953959943320782
0.6589576097116172
-0.2413381406265519
-1.0318533611989626
-1.6216648867735974
-0.7961545430159583
-1.1969034527240576
0.23123713312911076
2.1131789405527117
0.4908740297156855
0.24801716056164735
-0.2889951077643682
0.6467106875597236
0.7259234810681439
-1.3893222536474004
-0.6081779284670421
0.595166555572913
3.024449341284853
-2.8769337213330584
-2.160167792606928
4.087569999039488
-0.2760212928249054
-0.8435721725481368
0.14767159574681143
-2.240748078515893
0.43566241823705526
1.374154052101856
-1.2100850382732673
1.1230003557090775
1.3659722639984224
-0.29608559455772265
-1.4202173314052822
-0.45668012554057513
1.0055637514099152
0.638522799033495
-0.1076506342582459
0.6366993632073091
-0.5531755755217492
-0.8664567782948919
-0.021747197296905663
-0.09218716316499073
-0.6796857676766926
0.24096098362684376
1.4124786268109424
-0.7355452140522816
-1.8767548690810216
-0.48064539270216206
1.3963161449801065
1.0134137055228738
-0.20479612826742039
-0.6792320218323502
1.4230217208996176
1.5006321670168346
-1.7355233052821464
-1.5838083597721724
0.5747879267265283
0.18021640009557582
0.30495167262178513
-0.6574580819532838
0.6802393885138132
3.0487998441630464
0.2175976132232792
-1.8144178018328803
-1.1802890133235502
-0.7407316345169207
-0.35205191779282047
0.39569262737972644
0.8814802570599264
-0.2283576984643989
-0.4161970602810078
-1.7112012992532573
1.3508017852993197
2.168605774517106
-1.425797500220212
1.8313188800060922
1.5424410642727404
-0.4912366590124322
-0.4624172903114059
-2.7352958065785486
-0.675384424922823
1.7422494542162419
-0.4833091302524171
-1.1490170527679073
2.730536719562995
1.9003551801991592
-3.162842174124563
-2.007631972166606
2.291717922503759
1.0764983972884474
-0.1771654491660497
1.0214607375908424
-0.8750468833086411
-0.831510165870352
1.006669437452174
0.14992486527904136
-1.8338829834126291
-1.8113498246384299
0.1603478637638615
1.5379125815047634
1.8916912070277712
-2.369224248900493
-0.3061903628104894
2.911924816563746
-2.645934087243659
-1.3695259877044612
1.4625264005252276
1.0893228208486976
1.2291493218723406
-0.5145155046421854
-1.199244796861104
1.5771191063149483
-0.7137262433617213
-1.6478631824808674
-0.17851173140846965
0.5330717247217492
-0.013938624240066089
-1.1803575153392791
0.6048535145701234
0.9525569649715329
-0.6116675820266891
1.6790701630693572
0.45951012282554726
-0.7183130739388914
-0.2408948797901413
-1.1420217501219012
-2.076512382163463
1.32991004913078
3.5834208017322426
-0.2618896934987429
-1.4046554706906667
-0.7860556480649101
0.09850703145343376
0.6293900881034862
0.7246332103949988
-0.8334855738560223
-0.9569417429693804
0.20109060035926887
0.726065255731688
0.10904684148342206
0.8184670210151119
-0.2137869122913498
-1.1052990398406575
1.4603557286088693
-1.6117201084353925
-2.9475960148559164
2.016178256862342
1.985493094211058
0.9399410180486804
-2.0583637940474686
-0.12983065667672689
0.10328517448917718
-2.517109891305357
2.962417012833921
3.103171281124305
-1.4447182567404155
-3.0498979083510367
1.3616802845597933
1.3773258749024617
-2.107752642762313
-2.1380542706953
0.6999946104309607
1.1200991866153982
-0.4082029097958789
0.5528953574562568
1.6496218228437427
0.3816345430852114
-0.9355714436818304
1.5837064662717537
-0.5662176633130042
-2.06295293802226
-0.251584522927122
0.7376085639970715
1.4903803357746805
-0.033378479664915695
-1.0565112455124925
1.1065921229034457
0.6057272252793668
-1.0316835486209164
-1.3859634165275874
-1.8613233552396247
-0.43420428611567585
0.6850792475198811
2.3072049008557762
-1.453897058630977
-0.35673672310273385
0.9040027649467728
-1.2420601825822526
1.2624947909986657
0.6033751215200198
-0.8170606577182313
-1.5496394400150748
0.5951918043588321
1.1634420933979148
1.292061866431773
-0.02458049189820366
0.9489036280353847
1.154307356248733
-2.222787304931563
-0.12081749294674504
1.2733300926607711
0.5016029590178114
-0.9477818888318326
-0.7642872170802006
1.7783883482625764
-0.0009734347176878488
-1.6913382191658761
1.4796036137455713
0.22671580529336377
-0.2844473174069182
-0.6311875052623854
-2.3574669763395213
0.3596862830748361
1.5934887300164728
-1.6006395706636873
-1.682816757018118
0.385534273699669
0.6685354056419118
2.422986133048811
-0.410379832724889
-0.953151595228699
1.081038167798383
-0.09876268459954005
-0.4496696591922339
-1.0496555920748716
0.2009097938009989
-0.2659029437342938
0.33371812641369814
3.7705487307027648
-0.3455553454449518
-1.7436913794310174
-0.5214645153857349
-0.45388100753451116
-0.12557067866045074
-1.5257406037174028
-0.09844361748508357
-0.33144491236473494
1.9920979429382282
1.4753416340187993
-2.573929335518236
0.2767239242209511
2.443365600097886
-0.1453205178042067
-2.201776081546634
-0.6328175977337678
0.6939930263395411
-0.5616756551766662
0.6754369970497776
2.3706481147492164
-1.8045730708274927
-1.9094772534373625
1.7006058705501799
0.8956558468774001
-0.9738123526270466
-1.077031478487781
0.550257119053835
1.5334030292775367
-0.3332481014380151
-1.4561586655470136
-0.11469519921767801
0.977916249180705
-0.277523911004702
0.696475420524614
1.7640371944085227
-1.7198482103382275
-1.6377928953040979
-0.21911944882158607
1.1762170233509028
1.0416259905445098
1.791709227626495
-0.3624686476779505
-1.2948835663083191
-0.1250139944016146
-0.45086556774454656
-0.8643985177767937
-1.3492887947768573
1.0042673901736472
1.4319176221209342
-1.2800208272219258
-1.2701371064107374
1.419342302483205
0.31941327722372703
1.8106839708610623
-0.8835185768002364
0.4225941764046921
2.460008095249683
-3.680787320208901
-3.2345045835304433
-0.12580283121022995
2.230842535254729
1.3153277318411525
0.02163368723708936
-1.4453988657940804
-0.2879449020783563
0.4767553454792923
-1.1615562683247895
1.5547233378066982
-1.0045741461048185
-2.033207729156662
1.764947017774696
1.5817591681075842
0.8096821559882348
1.431952952492925
-1.78784555936423
-2.7299889570601823
2.176593925108693
1.6925624096861607
-0.19556829875612458
-0.3389791500365961
0.9743755507602911
-0.7131423760648681
-0.29747517302698134
0.9713745686745298
-0.18178499628362088
0.08222414637380061
-0.3887713413440621
0.520940316218573
-1.0373668747590292
-0.38078307346807116
1.1284197177614281
-0.7420440549934607
-1.2583802874367995
-0.07239599273636665
0.23726022271126007
0.7677210796923972
-1.115459878040297
1.9348055936020538
0.5535300956231023
-2.682009120529419
1.6798738472269696
-0.3896555183542125
-2.941386621719503
2.731737598572969
1.5186395519018039
-0.8615134949380236
2.431025029287312
0.45001161325794303
-1.6208473455861978
-3.0451087207598704
-1.2286307762473365
0.11478595669511105
1.3678866423770206
1.0420687256127876
-0.4597209227466238
1.4686309125391608
-0.2331065929001227
-0.10177375812249778
-0.35313522927396307
-1.4871278538016883
0.9453623378084121
0.992579582213654
-0.8066951091142187
-0.5172778479024613
1.155346283431173
-0.3600908225452819
1.093536395642829
-1.6063374102514603
-3.397856989847294
3.7740539058326883
1.9727790964861744
-2.10443974733413
-1.4750214489811921
1.3921218281799828
1.3713175714105057
-0.79569372821857
0.38060195068592917
-1.7143450222868672
-1.4277958938098299
1.2452099073244944
-2.0468651187923643
-0.13217940794755265
2.550312422472923
0.24393503703238484
-0.6709573261296393
0.6228472584016769
-0.5234851110550808
-0.2980776219015895
0.13397186921160076
0.6383574279176136
1.2709193656606594
0.7015385893463025
0.024069086549814586
-2.051212745745514
-0.5574653475671477
-0.6365826932772919
0.14375975015491066
-0.681214110119305
1.299001452852096
0.9076798283372778
0.6729378970514951
0.5181232299671652
-1.9230681028720404
1.288726281904252
1.200280506475214
-0.0385839288478268
-0.8882306058038296
-2.190066431737206
-1.3667924880813866
1.3834347199833832
-1.1573879461782648
0.8513844033869333
4.504878884508388
-0.5669651181939376
-1.6268745138033953
-0.5149897512905696
-1.4279955096921422
1.033398468885414
1.4157333742745188
0.5130110425306084
-0.39006904073268006
-1.6429904915844071
0.7022366693939762
0.5315288273936332
-0.4935029154136542
-0.3639768432346524
-1.2658298774842671
-1.5365464389531547
0.5859872982467162
0.9143854669401483
-0.0054962286051872256
1.205801654162171
0.5910704286882443
-0.17207138533489968
0.947695954486619
0.23009073255246992
-1.7336357193920948
-0.4842645430724499
1.0138079829415436
0.644887132866577
0.7840247269916782
0.29035895345727514
-0.38708871638478615
-0.7875509809567209
0.024080128625763586
-0.8324819640118422
-1.939068842351506
0.7821772590584704
1.2526581027704973
-1.7582770179059541
0.4670510868037324
1.2443403672309172
-1.7022559815402036
0.6766786194436382
3.315583375383344
-1.184079980165821
-2.957305087178895
0.8359672622542692
1.703026576236854
-0.375164635954189
0.4427998817742749
2.2411545629907823
-1.8836292844541456
-3.177902265410683
-1.2252865827062795
0.8867548019029514
2.0282713138514397
1.2786643236322914
0.010296092063314055
0.5611732817600106
-1.6282455716573416
-1.0277451873387307
1.904969472642951
-1.7118811929310915
-1.373058004323163
1.5751556595945257
1.6855694376514094
-0.483549878142959
0.6276665719450462
3.169537988793779
-1.8723317827467674
-3.112305611833937
-0.541294821269464
0.8275496820869543
-0.4313553647339671
-1.2579262040069237
2.388978031584558
0.48947995073338446
-1.0434136601057964
-0.8935335056558449
0.4195752812709059
2.72777888015906
-1.6921612925317304
-1.8072865883064135
1.5058308163422325
0.2992463228089559
-1.7905620220383003
-0.3424567597019309
1.6342932156024177
1.653207049304339
0.0034459749976960413
-0.40832933885802225
-0.8146330294535928
-1.9078657145112492
0.9808072667812163
0.6225236117870153
-1.3512605206468262
1.1873227553110501
-0.7514372188356018
-1.2449495258591268
1.1097498320890458
0.6078975001050291
0.2406970087388195
-0.23049616882145585
-0.37626932525397694
0.39119861070332324
0.2200476120600643
-0.46691503010858326
0.2271374012957656
0.8070231877449452
1.6141892428673805
-1.0123023155359576
-2.0396528923693573
-2.25092927317892
-0.2662912249027448
2.064916969909116
1.128422938058235
1.0006626788027864
-0.6592826631771374
-0.5763814669667526
1.5805198201402717
0.784680843605438
-0.1453959747322875
-1.9046868996967472
-0.946944436897012
0.5648606446207219
-0.4413036547642917
0.8026503300552954
0.5654849777701448
0.21595808852525705
-0.44021179884464573
0.9676404640308086
1.6901768704691102
0.4302309791901837
-1.3620752065746307
-4.386452604605406
0.5342090269363153
2.9439160419292874
-0.9391167573465818
-0.7948504981093958
2.0906168826447065
0.36526024500161347
-0.10813532054400854
1.5653682181576394
-0.18666205656128376
-1.8877304086917643
-0.032138743540857106
-0.5123737517914754
-0.6777676921325685
-0.7104392810490405
-0.8912950536450696
2.2376845226209885
-0.10681930224842473
-2.6138498403782053
-0.6734743155473506
1.8240763841971301
1.9991914795514956
0.669999410938786
0.520880841936345
-0.9506391175894335
-1.9723045177104042
-0.24770951797352236
-0.14998296943916323
1.9714116781890105
1.03382191237279
-2.064721526059933
-0.6434557045732084
2.088326466973576
1.4984293737996253
-2.2560216796966905
-2.4952919142386456
1.7256933610093619
2.4070391531185322
-1.1423437488492416
-1.3598286116852267
-0.03779486265389631
2.367230288909809
-0.7850914803624892
-2.7212206339731613
0.2614917866542773
1.410740130166434
0.3157916205248326
0.06374585375754194
1.417057592030704
-1.2599586902462985
-0.08947244002302912
0.1359423180290787
-0.4557193464714452
0.12561598121484557
-1.021028405925396
0.519494527834685
-1.7248133500557161
-0.3796951124206415
4.198356637674506
-0.7053655006324044
-1.8983522714851186
0.5998739344747408
1.600349534984796
0.1777055010841475
-1.3066103522924224
0.5925041666775969
0.24227269851343616
-2.1075079598432933
0.8000018851843944
2.245556535073066
-1.0932264808330772
-0.6508813138030545
0.7699633157880548
0.34110546733927294
-0.4642801224242765
-0.9540452793775628
-0.027581289256953467
0.58123867198272
-1.671592720977919
0.03356976029318611
2.134148215926189
0.9126165376680466
-0.41024191832919676
1.352618647516458
-0.6304761232144989
-2.362193663247007
0.87315080305263
0.945503958998706
-0.5528607946109722
-1.00980002842824
-0.567127723425441
0.5249494296939464
0.44022694625533526
-1.3563108938459727
0.051408766371310755
0.07407600578830409
-0.009480739521608272
1.1992930300962372
-0.7322637275649146
1.0812408141788192
1.3474324953296999
-1.063649650251404
-0.4825612242149184
1.1317691525273996
-0.13311093858676526
-0.430239018810038
-0.2957652665985882
-0.5844895131929883
1.2664793994882684
-0.08320125563254588
-2.1499208505043343
-0.1902546486091177
2.1632550957954386
-0.431117656503634
-3.520169445537178
0.7893113487335933
5.4319760707052
-2.606366087377414
-2.0474759332764627
2.022699763674608
0.013837216233044347
-1.0936928863354867
-0.8428359863364968
0.2116345355915451
0.3931900952339781
0.5390096730523342
0.07044253402525125
-1.0209346509835953
-1.162179983215777
0.20985498207141973
-0.17988454013004296
-0.10811395967702708
-0.2603333601753973
3.2668482838812407
1.8493851296559174
-2.3935169556121045
-2.738184391446163
-0.5069942426491182
0.6990369625077286
1.7251875019133158
0.6139648792532527
-0.6879238255072255
-0.21436547241609216
-0.7554072067611496
0.7587060530435824
-1.6087480658736557
-0.49304849350351654
1.0848076095547254
1.612468115621887
1.1585558615747356
-0.746569817061455
0.6668301436954684
-0.34730912986096724
0.655085878316526
0.11861152512299875
-1.671479928367927
-1.6479070237469946
0.2984087527767165
0.20742935417578812
1.4357799713506412
2.0233979474186006
-2.536282474885339
-1.1491304508269027
0.3962993245495674
1.1035966807735709
3.480373128787992
1.9726144246652302
-3.5474914306449863
-2.672657080594493
0.8110195712638034
-0.5190895459180237
-0.6919281109093727
2.68204628300621
2.354287459453025
-2.7280380676446185
-1.1721956655394874
-0.8133504506933675
-0.4363878567934937
1.6898305194453345
-1.1335443443107456
-1.5539494294871852
1.6081538022847293
1.703053247531286
-0.800251196654405
-0.4640012565055105
0.374756114104087
0.12285341229788035
-0.018026716077541652
-1.41242433056893
-1.612893025854707
1.8195110949070865
0.3685821784743635
0.07215560587755132
-0.8658002153350361
0.11712325651227606
1.9144034769603548
-0.817157390476112
1.2299286321648948
1.3973436696220236
-0.5096804879656406
-0.47356416064640616
-0.9460156322790235
0.49524833865881657
-0.7651763470582467
-1.7629122319554051
0.8984723008773552
0.8840385711089505
-0.15354057591951903
-1.3978291647232521
1.3565966514420653
0.4467441055771424
-2.1246307306537138
1.3854799191924698
0.5390717334091532
-1.4343098387204627
2.194373567367686
0.8620425820147841
-0.6240686868680423
0.37965335807966477
-0.647340403740545
-0.08576098697347834
-0.9481041529549239
-1.8478581955109745
0.7445531681649846
1.516296595543039
-0.06172461756997956
-1.363468813919844
-2.854412046838096
1.600042350281504
1.8038476750237635
0.16452255935641363
1.55838903888006
-0.7835532645430889
0.4718430613074516
0.7572577807886959
-1.7829861192342895
1.3216470567460243
-0.29035021706296793
-1.1272087411428804
1.3278204049261209
0.5512562214270822
-0.22445083333198568
-1.0350092777318651
-0.31368000383405
-1.127285806585851
-0.508485880785988
-0.7001856409847375
0.885600281766886
1.668263171133726
-1.2071937312636505
-0.3362013506817724
1.2192810577828839
-1.712437288292426
0.4267204661238402
2.159557982253634
-1.6246987646389712
0.8675369534189561
0.6649647159874761
-1.0679363561505675
1.1363125487424728
0.8013246963389486
-3.1435490235194634
-1.4842640709311044
2.466736879451389
0.26721470031187644
-0.2375650608621972
1.5579734061308288
1.011073347587792
-3.2610638200676703
-2.1900667574352264
0.3539635194513169
0.9171478600119545
0.7664505460653331
-1.0212076670958086
0.07140963338527118
2.5610619329681503
1.519364465848598
-1.2363735514713432
-0.7548666446787179
-1.0732249301293548
-1.140704933863001
1.169516224534953
1.766603147829182
0.5374328349467189
-0.01457913118438764
-0.28777123405500526
0.1462125490963912
0.11222103699944896
-0.5013697787658514
-0.43688719831295136
1.9379137567932534
1.0909250622008417
-3.850678357354545
-0.6570158278603296
-0.17701824653563136
-0.46760279429766227
3.0095376216363867
-0.8077166177400869
-2.0308657448640077
0.591930673367134
1.0747457624626877
0.7820887903995294
0.837618768758238
-0.8783006468379065
0.8156321889165686
0.06702176177149721
-2.7070203047306984
1.171666225342611
1.5933707138183526
-0.9606373524203847
-0.5599689415974488
0.1908443536263078
1.5879047539326507
-0.13978072686846682
-5.135121181885632
-0.62529654712586
3.3780564497431635
0.8081873461223801
1.9296696801880557
0.7318884536717333
-2.226706280310524
-1.7897207632147016
0.45540785382815435
0.37260337685082534
0.12829702449835761
0.8119180399528153
0.3090888553656791
-1.9304894516325384
1.4531392537515222
0.5093929385954137
-1.8786880391314709
1.3548032037286424
0.23623225445122786
-0.7256308824359329
0.5423309748669527
-1.3441866508127174
1.1625498304927309
2.7276829498791515
-4.278914916298913
-1.413201032772886
3.893849700962336
0.17261720482902138
-1.8198534409442428
1.6032299619274586
-0.32124527792793034
-1.595011218340919
0.7783600941704683
0.36610181700519456
-0.4513437571342692
0.31943007337515794
0.43087601182742824
0.6163762673293437
1.7235058430183814
-0.5316100942093775
-1.2251694923412553
-0.9499795122181588
-0.06184074349013646
1.0683304227631631
0.6462399593324197
-0.6155886195954642
-0.9779558268434916
-0.39635638281652064
-0.7434752247935086
-0.42759014329786516
0.43042798003099214
0.3981606949075197
-0.4970202180345681
0.5315165611788816
-0.46134495046540014
-0.24681043529533783
1.5962954195063053
-0.6948022200615339
-2.442201551004355
0.345404090526676
1.4931818509874146
-0.7305917968746464
0.28236940707770236
-0.7582800690366538
1.2105183515588809
1.1211384953509922
-2.056027746255702
1.897502565105015
0.8533265592084217
-1.7845874291384374
-0.16866849209702628
1.1725685410663995
1.4179259698094926
-1.2084979490523589
-1.9185210535147195
1.9503774119084163
1.2456826992983796
-0.652799861549159
-1.2058343362142543
-0.30646259383550395
1.2589996297746842
0.2516913188488678
-1.9655391142202112
-0.7068263996779605
0.739142494325218
1.5082585943280704
1.5309330573628508
-1.4273292091056828
-1.2478397210016743
-0.11060111347225376
1.9002818562061525
1.5426090394837717
-0.3280358952073563
-0.8166654378574841
-2.333879833113256
-0.6604113125022781
2.5956544577477425
1.0718268495089758
1.2752147656737458
0.37320858023812353
-2.565333232334372
0.6421258505444356
1.2923195943188348
-2.5971135810259884
-0.6161821641005497
1.728912060766746
0.4816518760593599
-2.250421708190778
-0.35247608697600596
-1.069134493424565
-0.5042103357517151
2.689607210807908
-3.3344187884686387
-1.5069010967426875
2.926255242186124
1.5113720244887272
-0.002698034149138301
-0.3021103587647398
-0.2973440815043594
0.5556574940496245
-2.4112184595692723
-2.5824959709807747
2.6437667531949973
1.9622501271697863
-0.7943504168989062
-0.9158052851553553
0.515800794152117
0.050918438073143224
-0.26844007214210797
0.46681862572655186
1.1676561346821452
1.168693038967081
-1.300783197890139
0.40216355821414107
-0.42873072319300065
-0.90995931608125
0.5069049474355527
1.7715699049765652
0.17692407441940966
-0.30617925230664
0.6867113973588784
-3.3400208255112465
-0.8476477601349068
3.9449599199784027
2.069466872130985
-2.0912689106260967
-1.1063883168591642
-0.6845091699288831
-0.0911056173235541
1.5338977560919376
-0.11484305596107575
-1.008810340605688
-1.011795731997756
-0.821329857855345
1.069524280318312
-0.6965269191522891
-1.081113425683263
1.3959771689211993
-0.41600229986729753
0.5710737659258834
0.8659005615918784
0.5382896941821845
0.9388497341390589
-1.6308554020397028
0.3108501527765327
-0.12405712236649302
-0.4144647075460882
-1.546794103008681
0.3971153271009099
3.4172334149973396
-1.3903458726768843
0.3436046077918109
0.7996833523796761
-1.5270393180318467
0.36227474024268186
3.298899194953459
-1.651006677814089
-3.607516295125059
0.062206529371601094
0.8501501880994695
3.153187750846847
0.2076637671445154
-1.7164073828611157
-0.6593326044540173
1.164732596749527
-1.9203885025226641
-2.6077921562147055
1.6227521401384404
-0.3329342922221684
0.5808037515808792
0.5391135911488638
-1.9231781072019254
-0.7501022809088074
1.3849860713326385
2.324376810795815
0.9191385633339331
-0.4485422798435301
-0.7351933615763662
-0.8551860768423312
-0.3072244148544564
-1.5510570071247747
1.8139857545130194
2.6938690590291863
-2.2884744005096915
-1.11410055534685
0.48297656914724896
0.39371227564843947
0.001681534817121244
-1.139431304618704
-0.67230642486242
0.8378591310697308
1.7371327882824916
-1.6853688691537163
-1.356922073019979
2.352407392532041
-0.7512874190848209
-0.09065554922761815
0.36086316031855903
-0.28395412110504303
2.972238284464912
-1.7973734501764518
-0.9358968467636986
2.450735276048536
-1.3816081113905991
-0.0647354227504976
0.6164828785472408
1.3681453276176554
-1.4473901702610936
-1.7586313964707754
0.8086911849588891
0.14797352817998544
1.643406993028555
-0.2898665988937892
-2.215622278218173
0.47560725116215724
2.5490712433656713
-0.16449900516478283
-1.4506486517912343
-0.13383194329394255
-0.40487534861124574
0.37296124446852547
0.43886372941521057
-0.6549180623662085
-0.031078258465061792
-0.32861658644072156
-2.0105998100002425
0.05539274829022822
3.0802871710607818
0.42204032208877246
-1.3933189408348432
-0.5711379331486807
2.4264359122465065
0.6254204905614301
-3.5354890093942704
-0.4396001009267838
1.7544944129393412
-1.0266310448797582
-0.8661699110086925
1.4350589827815614
0.03217651858275172
-1.4229462570613192
0.8490721900546585
-0.4709704550678733
-1.3065754774269724
-0.1674157427803047
0.5066030112617693
3.511468333419789
-0.03987367148516413
-0.6770050159037412
-0.2513101982116091
-1.6081246990591396
-0.7928651254533092
0.6761614631836113
3.141439834925249
2.0538184724966184
-2.8936504401188676
-1.3099224940717253
1.705887186798357
0.01938677506753972
0.021133589735472524
0.7147315019641255
-0.5516156972976729
-1.6203805554422654
0.057136027169176366
1.0891319189655204
-1.022933937757579
-1.7996948598229685
1.1357749514562434
1.9208908730843874
0.7570557766481397
-1.6710674011009847
-0.15672542905080167
2.0278618373859683
-1.621182013034616
-1.523414608432724
2.919584056893409
-1.4226384868844644
-1.7679965858402895
0.44689142478050736
0.18256665226242208
0.5395897149791444
-1.2798338422313043
0.9469715056557706
0.10130367711478472
-2.2887150603950976
1.9379627945740272
0.06131951381691181
-0.4650411689453767
1.6366766281409084
0.08931930846258362
1.4270244233627494
0.5687623502722058
-2.1701408417441335
1.2040543541572355
1.3977895248766956
-1.8872890015706036
-0.9249574886141637
-0.29754521973928794
-1.35782286725109
-1.11242999292498
2.8300805959670763
0.8031860187286409
-2.790203008442803
-0.3930508636113915
2.934196187527059
-3.278270266573092
-0.24679323360935257
3.5191945321407214
-0.9431004503959823
0.3841059577282321
0.7995024227128815
-0.9412986726643122
-0.4596805629631707
1.3210862533220766
-0.5109160896207139
-0.5918771255180667
0.8939014595979556
0.35946926547352326
0.844986571839399
-0.19736908335590708
-2.0353790729964096
-0.2514946249665972
1.261445942921969
0.5390722674757099
0.14138453134350382
-2.148726368675092
-0.1573461679024737
0.8683236022866675
0.3267334096264083
1.9213939241029707
0.5421239163439282
-1.496088329943265
-2.0931724689157885
0.3374088168115036
-0.7788805711343032
-1.6266957522484906
1.1435013108082275
1.7469489540850496
-0.4332399884546444
-0.006757995752823126
-1.537898700076185
-0.527729641704509
1.3602185356075993
0.24490930954674203
0.19527804153745687
0.573648899783251
-0.535754649523584
0.4554559589912186
2.850268498212899
-2.5905197052911677
-2.8363254820200012
0.08854903889607058
3.086871378698027
1.396775718680956
-0.8547955931983924
0.37813794022418573
0.07052233107537553
0.10717078673239072
-1.8337108633637422
-0.20731277458800165
3.119291570359359
-0.554280391442341
-4.676752300367474
-0.31268719203547013
3.0956742417825795
1.9767264205116146
-0.28061912012728296
0.01447830691681884
-1.4084494698747054
-1.9660954485608548
0.8310717478356539
-0.06729800439814149
1.7341965624179916
-0.9052046448020782
-1.771038195331101
1.780659388393178
-0.8601063783925008
1.7641119325532935
2.0567030147747745
-2.5945461232477243
-1.4283655402824746
0.7750476466869339
0.34934053515229824
2.133953144311573
-0.6338854701519387
0.33177073005601265
0.6901251420462649
-2.91574239749661
1.1048895940707466
-1.7668479634748486
-0.7477746035531915
3.2453911866282064
0.4147065707362554
-0.5590837028855755
-1.4386877925862818
1.357635573102488
1.3417122437335993
-2.0533970664274186
0.11682942771757154
-0.2895732891818119
0.4427018796084593
0.2901933138549906
-2.172111602684131
-0.48094644470423953
-0.3295446575591292
0.18197836752921914
3.4355036522465037
1.9675134781140582
-2.9338178428199324
-2.6890406296100497
0.6837007309103705
0.3600177516271921
-1.5140668657904186
2.6484463771108224
0.3483724753918098
-1.7085978752587243
-0.3894769732470842
-0.2056934152467674
1.810425473326725
-0.013968712151678109
-0.6243241864110136
-0.2421597541956879
0.8572923066413847
0.583610028042511
-1.1932663009042823
-1.4948165397347621
1.1948722747467349
1.126812833203949
-0.918648836584665
0.19516946489846765
-0.2091079645069852
-1.6390600619226252
-0.9608184741117292
1.4080628358073655
0.6991364843093999
-0.27164015281583775
0.894333154883277
0.8455226379673024
0.2992486339851191
-0.1782222544399224
-1.438032896425109
0.12646268509522146
1.676642295976801
-0.7490265706119117
-0.3518702021082921
-0.29275891597692194
-0.753796062623084
2.0549763311411873
-0.2150971563908089
-2.099912607120932
-0.6859837437441882
-0.3067056213227555
2.640107980190642
1.8194301145497502
-2.9330165869083045
-0.9986875367660142
1.4029568828090644
0.8843145818150988
1.1932215172926202
-0.24501557760706005
-1.8118679696818893
-0.33622151584386784
0.03741165256276391
-0.6376037407763814
0.3555833242724825
-0.09787603620995311
-1.2405396208830042
1.4942740260444254
1.2054923365515915
0.012427754950284031
-0.7288015633903504
-2.714949780284213
1.4357283433520203
0.768694283758248
1.3838936705700606
-0.21585743528442403
-2.480359395987472
1.0626043780417036
-0.461661894321327
0.3641649874998309
2.4333350183509523
-0.6105957836801682
-1.9952150455104152
0.14155285749486324
2.8495709483895495
1.2272899855676136
-1.207336208019234
-1.6002827114135267
0.12424346558522537
0.6488703184861597
-0.6430257302244089
0.2960061760810725
-0.7005760001634482
-0.48491602247598176
0.5871748552117053
1.2739379744612391
-0.6497656937789243
0.11436451432865435
1.2595279323483193
-3.1008193557499317
0.5383259619200604
1.2851506088812072
-1.7304146472013238
0.7258707229830123
-0.556066257521932
-2.38336907147339
-1.8061590587486747
4.120996862007885
1.6901523924612003
-1.152563217340922
0.8836106435631175
-0.8172692044013317
1.2137169015958713
-1.5975728405418814
0.32281455989209584
1.4728832518415602
0.21746531589418594
1.9041925020772683
-1.3087894267575337
-1.1816419734047459
0.9009198032892995
-0.6720433494122264
1.4324901738176548
-0.9083959064104787
-2.7500767712682843
1.125795679462142
-1.2035912279841512
-0.42332216930783106
2.3345197865984035
1.955114221196607
-2.1313433012805816
-4.004700841827788
1.6691187754664258
3.0406271778276146
-0.36636844093670284
-1.9497988874775583
-0.06372498284650673
1.4925658851368764
-1.7552142094146537
-1.144270917466758
1.572044655559873
2.894991468360013
-0.6675700227020389
-1.207876214176209
-0.08909669802208697
-0.531374542231007
0.057421603744024385
0.12627965394943558
0.810643130990248
-0.23408781470627982
-0.015258347719538018
-0.3865341255865974
-0.3590360292790698
0.7567547789710077
-0.1164046319103294
-3.6905982633412684
0.36121800769926216
3.6124819504386916
0.8455207793182233
-0.516877503291814
0.29589305931835164
-1.0731570565773934
-3.308328457351237
0.7064369322763857
2.474831471034412
1.1379222592676634
-0.2448821482504691
-0.16746217243118844
0.5436615499129069
-1.559633194044257
-0.31825679193201517
2.6221418547414377
1.1843242979922513
-2.9137794551667087
-2.3203283217861825
1.126693951965017
2.128318307157218
-1.9736225630262947
-0.1441632875679454
2.3237432254296038
-1.0118114391318354
-0.11406774345282902
-0.6717766513966894
1.1325341338925838
1.1833082757725883
-3.344703052457799
-0.1915401028749509
2.2472911411002006
-1.8794301785761316
0.7113729681991838
2.392186720835105
1.7277592452610449
0.3398250775764271
-3.2954250173942086
-2.4706832743450544
0.5424311900207629
1.6600915317604226
1.6290695599435812
1.2539246388445606
-1.200881054603568
-1.562313523325897
-0.45544329823462765
-2.17680922417997
0.02665718849560772
2.380520357169963
1.913002166107217
-0.006722333367855798
-2.6955195709537407
-1.8881515837097937
0.29275981794834083
0.5036759890807379
3.001542176470351
1.6973346005862975
-3.2241573280424998
-0.038211584902345275
-0.01742260561468556
-1.0976171097746938
0.3609450299924527
0.6651575505186658
1.8050027093774843
-0.809152776057394
1.0474413310797117
-0.5661828800615957
-1.564794876447725
0.747014722940542
1.1363797046968624
0.3398239505405303
-1.8564771321173013
-0.16118989950925144
2.822321710973273
-0.9296312869433889
-4.210221128754405
1.2248272765111536
1.015965588466007
-0.5658413412361348
-0.7057488572814472
2.1678286698902682
1.2399075127548065
-0.4347907743465039
0.3334734804054053
-2.7421475423081185
-1.4871250587952098
0.7125038743577934
0.1319631812319988
0.38334852970158206
1.6404965485960072
-0.7435867408964812
-0.6920755479136087
2.618822161423929
-1.5533272423065025
-1.993630587346046
2.330384781611058
0.21528669689526525
-0.07245752417697038
0.7908383493382525
-0.5964112203730432
0.7947925614101345
2.2968051156637785
-2.078229875449607
-1.3737983131568599
1.6883800264469393
0.5082173713269508
-2.7575948768548644
-1.9539199761036166
2.816774582664518
0.6923604655939548
-0.3937883632781803
1.1388441880487592
-1.0154821483417937
0.3342583261734471
2.5467404964392926
-2.206371332592184
-1.3816813809863904
-0.6701437694796307
1.166638574576604
2.312334405807178
-0.8129748165020684
-1.4603925831856044
0.06735225702976122
-0.19696893565659712
-0.11324581782434506
0.9135659378356513
-1.198915733692465
0.7658325877548726
1.8855843663871121
-0.9852689269729777
-1.9795696555115314
2.348062287113961
2.709540166172696
-1.2568075963390235
-1.7435269875534043
-2.349691517219406
0.5389071930869366
1.4867816806854675
-2.106047581899444
-0.6401048798752822
0.9128114188743088
1.2581019705546974
0.6628493630842693
-1.2843462751531092
-1.5959448476730695
0.1560080768451611
0.13251665858023176
-0.275367196911014
-0.5531659370469402
1.5595752729831343
1.7733505741355338
-0.7923038926634893
-0.26447240567713864
-1.106405537052265
-0.3252078817016726
-0.28331551160668444
-0.41223800777012376
1.0957926289971847
-0.5957449872107959
0.12199785541087109
1.230160490867745
-1.3314904934525755
0.6031288027896953
1.8734877333878814
-0.22716219720901185
1.0463958230098729
-0.17505727642657792
-2.493731234349705
1.3998433653277726
1.057750252839079
-0.04871695146319954
0.02702117679740082
-1.3710598070408364
0.26542364705454324
-0.23546793093333446
-1.0803492905480792
1.4468615064846528
1.2290307456983791
0.7507899597793248
-1.926950233728851
-1.6483106563084622
0.056673625645959014
0.010507932086720184
1.4701642069843004
0.5947483842876964
-0.40043897288277286
-0.9547093805750971
0.15557550224569702
-0.5801392060403988
-0.17508581699838668
1.683659817436847
0.8483472115588983
0.09023847678052954
1.4019613603562662
-1.3348689600703738
-0.7577428320269883
-1.2381280158347208
-2.8623164525123688
0.7620015542222456
0.7138967400902517
0.6225691104720817
0.5153002047093125
1.0443284089675473
2.0799310317370723
0.9366751664059778
-3.1297922295403815
-1.9715494062572048
1.7276469449201166
-0.2236889115873147
-2.5626514340577247
-2.241012895262637
1.873115025008294
1.0287549866029984
-0.2791318781364085
1.6029611973521454
1.3193257593301573
-0.6202486715643659
-0.9268511631005276
0.0579365786560625
0.002607306018428457
2.5636541073227006
0.0705311643998717
-0.9191342045464346
2.7542324854494487
-1.4436947586608617
-1.8214536102908427
-0.10308454914083254
0.8060611449071869
1.0517275248536035
-3.5292794056478627
-0.04636430018308757
2.7659616835229652
-1.117758797936286
0.14009501401712288
1.4571326523551293
0.2649445746759045
-0.22309025502428292
-0.20523543062620742
0.5969013257782646
-1.220623742776441
-2.1082137393766476
-1.4775485149522722
0.12234886637081
0.6599688004119151
1.4738886111173346
0.6350702292000473
-0.44783800657031886
1.305304839543889
0.43824962980372056
-1.7548905196110383
-1.9473606624929127
1.9258372532197563
1.0451572073753843
-0.3657534742684654
-0.4001283785148669
-0.2738672360043681
0.49931615286265474
-1.1138378884699633
1.4893005088897906
1.1237973822840717
-3.095501131118649
-0.23671486030201208
0.5358105598660499
0.01752815210279332
1.1995060925535947
0.9061063696631442
0.4491922050941485
-2.5336049539943435
2.0220592539534685
2.042687319327318
-2.578559887334552
-0.9658370652996779
-1.4514786042815087
1.6440058852371704
1.8620056418237563
-2.533565351028936
-0.5619614275369753
1.311506174350408
1.6341769065425857
-1.0694555714682437
-1.0197390989563788
-0.2319673299118471
-0.3734782642591634
2.3799522013956267
0.3048263391065109
-1.6670016200297015
-1.441450750638449
-0.1195498435740236
0.8518883317460869
2.2355267484414645
1.8667638719828907
-3.403207875949085
-1.783473298788892
2.752132386396511
-0.820147451931834
-0.7933033626389528
2.1415745728519706
-1.6012872952991988
-0.5388350640351373
-0.3142726612198543
-2.325901401015166
0.6088275306010613
0.7403128757152825
0.9828490381768901
0.7749689731147453
1.3011449791278717
-1.7985668533127595
-1.217310152610351
3.808736239211628
-0.5343334867709794
0.30316459890535286
-1.1278794943830421
-2.9073730072199337
2.5482227088274425
0.10616407024367003
-2.634504388861032
1.9964234289175267
0.3471711470785539
-2.3754738362496477
1.0581318533542703
0.4614650669689952
-0.34036930882261085
0.16686603229647223
3.1345459409292498
0.7479528933117725
-1.2339376921589977
1.5017244712821058
-1.3013857301759477
-3.706460178134644
-0.15639542363080863
3.447988579336704
0.9073412320644818
-2.1828866327260172
-0.5443949955196581
-0.24272108371971712
-0.6075294768504259
0.7640428445013397
1.5500008819874918
-0.35465354176338343
-1.2443157525504385
-1.0806986974529071
0.550144257836239
0.6224992273936872
-0.42541139650600224
0.6905992493903123
-0.3309568283272096
-0.8161200365156234
-0.8563257415105927
1.9342924203224743
2.3489315739891126
0.47900421156370143
-0.3673790139830566
-1.0549609879773791
-1.599198507536064
0.34258125646343757
0.34865662702440336
-1.1389113215261535
0.08629864583646074
1.3667060798244008
0.09051377494857743
0.877596993179268
0.07452420624840739
-0.5173445284037288
-0.598411363483941
0.04260322762909152
1.3739382453086635
-2.0084092389278654
1.3626771510661133
-0.24031696036807038
-1.6266433821152129
1.2716400802549228
-1.2863775221652027
-0.6799899577446417
1.515745002185467
-0.07304127450875514
1.3360818959664313
-0.18548108658091716
-1.2123471057623814
1.7435560880056236
-0.1794367467006518
-0.9387477162673279
1.5054061517424784
-0.006007505968081139
-1.9574460261267614
-0.07564852313648779
0.23883180277406926
0.1770661329415113
1.411761755630621
0.04193164124765203
-3.106933241652162
0.2870521028983591
0.3884319673962551
-1.1398351616119442
0.31349538735106164
0.44128362713624714
-0.14986297307572816
-1.2236957134157724
1.3081287248785873
1.2330264590318538
1.930915169077641
-1.2317803172529802
-1.823576710995928
0.9980908398641815
-0.8390143482046262
-1.0423752175479324
1.3548440058174687
1.7055794344406436
-1.3360174286259292
-1.7618585766103427
1.7376593282341377
-0.2144475582445784
-1.2605816171099649
2.77213127146613
-1.0604857376141605
-0.5941952255571775
1.390812859070298
-0.20135036723572508
1.1963489869122297
1.6202457555843202
-0.18170075881709358
-2.2354023085023647
-2.179954875964391
-1.2026633644339224
1.20073665514519
0.05262138156958729
0.07707767156449125
1.7207260213994702
-0.7830239946293788
-0.3734160110602974
-0.1053992622761972
1.121407962020684
0.9613049147398212
-1.826122394000411
0.05451647379298097
0.6213876902741257
-0.7082301748341794
1.4948200927583661
-1.445742025713436
-2.4613631861182204
2.7309469855200534
-0.8758697053200731
0.09510474159180382
0.10603000270136964
-2.8236453858701536
1.5649045440794307
1.0617998725669273
0.48632594104527516
0.04060280718000586
-2.386998799789644
-0.6730596465647789
0.6258251156292733
0.43482279406924496
1.341682467930708
0.5373270126139653
-0.8881342945442982
-0.29191601373847975
2.036436772401808
-0.3367726354011052
-0.011228189042046921
0.9618494022160329
-1.4546790116372543
-0.6401138810978191
-0.17647179841140015
-0.06903838932932671
-0.33994685052535834
1.0765267312761686
-0.10323057234340349
-0.6525930526221418
0.8054889815987215
-0.9190628683268317
1.9553139016465342
1.391858686733206
-1.7871206549595708
0.6317501807160593
0.44623445610198287
-0.5757269554589252
0.04417957369161962
-0.02085103312089448
0.40475890726658403
-1.5158421879622732
-1.210991980779332
0.6515954642631934
2.53446244684298
2.1169122792395263
-2.0276666973109227
-1.2450671884295734
0.8499625086513231
-0.47671588225006634
-3.526250434639993
0.026264325823981645
4.080233259287792
0.35367427263869566
-0.8075957262344072
-1.5362184884198633
-1.4034193680730924
1.419764694983505
0.16027269387265797
-0.37010586273142554
0.8787920950663348
-0.5448809140575576
0.28289565512510295
0.8577094964501628
-1.2206773677277643
0.4210914962632677
-0.8906331346961176
-1.5018745335934802
0.8428837225282945
1.4705096737092473
0.5177716772314254
0.10516378909667723
1.1770749375590417
-1.504466499711593
-1.6044855012058643
0.5161058398818141
1.8223541705093451
1.3045877817903562
-2.091447609525148
0.27070662055200234
0.34263926188211125
-1.0406026593824287
0.44059482527206034
0.906653690827268
0.43935163372106384
-0.8236750078056485
0.25202760506638233
-1.0141679864055697
-2.2379600389593857
-0.32570220929703053
0.9249978439230321
0.5611148137505991
0.8311284804029228
1.1995949653297158
0.6872464741254948
0.18738251791669036
-0.03862459529571982
-0.47125703552636744
0.9836785740693744
0.43520209374487995
-2.9137320767674435
-3.2459858436205806
1.191394083208897
4.750919557346311
0.5547468093760637
-2.6722384605133254
-0.13049660325060453
-0.46625076274598753
-0.11425333209408184
0.5667593942147209
0.3733376291144139
0.8307936434289918
-0.8844839456893488
-0.6763027392072943
1.025010530370472
1.2588859769347367
-0.052710482093790145
-1.4599849377400995
-3.287236223370062
0.5454817832742099
1.8721157533367294
0.8776088861000348
0.4788015429177062
-1.0668208447310734
0.07027346254570169
-0.19041287821083966
-1.8907384126692375
0.1573915243835424
2.4920594912283285
0.1943799628056387
-0.49272874738495853
-0.20396194420095104
-1.0330306837917322
-0.09628478916473696
1.717171109977849
-0.4753663614546188
0.8316077184370494
1.571247065948419
-1.1655358402455065
-1.5154244427841341
0.36632020701640844
0.20849162428435294
0.09066455014083585
1.0825170008481477
-2.6795352625418625
-0.9533225829680112
0.3141906483962076
-1.0024511801321123
2.586702441070894
-1.3208094521036942
-2.070384633092515
1.463062827193915
0.10310035183676935
-0.4180609158997858
0.2505257010629117
2.2496967419344562
-0.36034056187555785
-0.9250678115326317
-1.5102636950509396
0.17916058163003476
1.9490946418005135
0.2573007213356074
1.8281263982380231
0.11041741702068891
-0.8680340744967678
0.24495985915748808
-0.5633460650052526
0.9833175299763377
0.07755227267178716
-0.9561851434170824
0.5019956700381172
-1.2104173605377773
-1.0263795537293456
1.0271635214945696
-0.9682661006254389
-1.5022550119875833
2.13916308381209
1.489398881088445
0.054743478575955185
0.23586515679830566
0.1592884079457545
0.14292806286118898
0.21550938278110532
-1.0529969923348603
-2.292691118852875
0.46248742225794537
1.2972558483259906
0.5247728644286949
-0.5359026000418121
0.491342722292073
0.2967842643158659
-1.5403653157544435
0.4247940309645245
1.6799627190576958
-0.5583854360814132
-0.3242654666288556
0.435810322445569
-2.1084212702749987
2.568457615679867
0.22679010501486463
-3.0981451627112278
3.2404974208417223
-0.2280356638072375
-3.305407657858005
0.8821174914635217
1.7117419395850795
1.934439812991526
-0.003892490170933738
-4.399534742771058
-1.257596782178849
1.9750684764010176
1.7421982929438884
0.46788613841611065
-2.21776881319501
-0.28504230586305934
-0.989472806639435
1.5972184033103187
2.3416283253209524
-2.0306302303825636
-1.8800948845115482
-1.5081705696757801
2.950535614564578
3.0040073863100067
-1.109900713892197
-1.5456050056359343
-0.4720134636984831
-0.46598324542485625
0.3582016031450034
1.676557445871465
-1.4980493428164219
-1.7465960325961882
1.011741855990147
2.388737947885689
0.7181389758690523
-2.243129199209544
-2.069959887551912
1.3835458996117354
0.838057260551579
-0.3156963777886893
2.0565019388210484
0.806937003292323
-1.5378936097646394
-0.7783341110051185
0.7362686788932702
2.074618819852049
-1.8303817982533634
-3.3692857019363736
0.5128796183330626
1.4703872171682888
-1.2419917393508433
0.15900099960318848
2.996467212830229
-2.2562542907957384
-1.1150029753052766
2.085459078065048
-1.5510490653974849
0.33023970907135713
1.1736388507769482
-1.9661653970841286
1.3256805930546185
1.6699968052810612
-0.26717830616105354
-0.1475987149918247
0.22596837917719104
-1.8434300133485504
-0.01058376704973718
1.6515423701599705
-0.42583110854687156
-1.3966595056175624
1.6831670078871763
-0.5731525825609256
-2.9933164339788334
1.11652980270049
1.6856659209820486
0.8918544374257252
-1.5397628631572864
0.795203551199543
0.7526750091438208
-0.9248821045289386
0.8596986475734328
0.48477728088940375
-1.324089427034232
-1.0782513507149096
-0.6090551007987566
-0.9883219667053066
-0.46377265712773363
2.1342907605024806
2.2933521555477907
-0.41459820918487017
0.30669442101523314
1.9103063081561638
-0.047677588793411996
-1.8509018515222655
-1.6456844213713673
0.1838943282758889
-0.11581690209606377
0.46193265605364636
0.8415272952962389
-2.426385674633189
0.17192551538614645
2.6121156249234376
-1.6794714787524967
-1.7228895591167497
1.0129942532126286
0.10812526055792238
-0.2659622158508783
0.9732401230054167
-0.3645285011732555
-0.24331087283443212
0.788718398794986
1.1058243904482679
-1.840004218374727
-2.2121956661607616
1.5995924794550742
1.7771516173407063
-2.052310227052729
-1.8324177366823446
1.921987714626006
1.9280454204051487
-0.7253667289266758
-1.362163681045196
0.9480726496952316
1.3318308927915825
-0.9415181855311872
0.7314493737594571
1.8234829445734824
-0.2661502674178595
-0.02713696278622879
-0.5988209295410165
-0.2747223144900881
-1.204985487557833
-1.2634034446629725
1.793554294780292
0.2907366862692914
-1.368160256720434
0.8582246384289619
-0.013804398162833922
2.142110638926259
1.5305962479685822
-0.6438336088086696
-1.6850591346714436
-2.6290175362476296
0.28014720735903875
0.05507500731935633
-1.0723556292765748
1.91490529184505
2.1244405179215033
-0.18819042604222347
-1.33818949092059
-3.180780802192156
0.5700813608107858
4.003849999852855
-0.5060236618430901
0.12622578994148603
1.0743448765574397
-0.9665419977915649
-1.2992143114656454
-3.2266338130584717
0.5212430932649061
2.8328109150629666
-0.5927457419234323
1.066834895546125
1.1192614468637754
-0.4593779847674939
0.6363635986949256
-1.924325718895213
-0.8097422884343166
0.7816386471986663
-0.17630336031802268
-0.21609420511343388
0.13237222151447248
-0.28761740074435554
-1.3096448931260947
-0.8234764589051858
0.9316320332213517
0.9141723970391231
-0.675775581298355
0.7592888523270109
0.25603479044012883
1.4233568906562297
0.22099918041577915
-2.354614942673546
-1.2867603624489137
1.4541992909820296
1.4987798662350795
0.9445057693612273
1.4310334507266749
-1.3605056045019341
-2.2039429131917423
-0.30573820410995245
0.1753243971415499
-1.4145442223617677
0.8563955951779567
1.8537843798258693
0.718278420064103
0.10251912673083774
-1.9830766429885427
-0.7530315897759501
-0.6480919711891224
1.722512984690783
1.3257023179789282
-2.6001523646744324
2.1181628409883135
1.2660304781897038
-2.9805418090049036
0.7862989028053834
2.69040205923546
-0.22777867328465595
-1.2296033976199112
-0.19360891721987294
-1.0680003146867776
0.4653824860152993
0.23521416658301852
0.4255202514701275
1.8115956553167885
-1.8450001805198495
-1.8362190628315356
1.3581879979256186
2.6072118557060633
-1.0807891147251025
-1.8834658924813794
1.1476570701647335
0.5368880348399642
-1.6598029639245186
-1.099792304124424
1.1713760594745375
0.49438699211618636
-1.097585571228708
-1.2719450844195257
-1.0295610365491936
2.9062737103137564
0.9692464235255077
-2.0155305297319686
1.4411310769301275
0.2627788272083593
-0.23701349933786953
1.4367121417054
0.29191474782208626
-1.237158936375738
-1.9116726071747245
0.651950657582444
1.9197619439676057
-1.1485820114749328
-1.3994754818518238
0.895038040452805
1.5264661488363118
0.023148805242176662
-1.1651367367936365
-1.3091482340963876
0.2933006917825799
-0.38055616762210254
0.9759003326090719
1.1008397844036333
0.2797144798739035
1.0856982922519858
-2.7412918936906596
-1.5322954820633061
1.1983361070403187
0.38979256635625603
0.7372509993150503
0.38856333747930427
0.28877655053423357
-1.2796652694892359
0.6843209450566226
1.3941240793403806
-0.9309762977982996
-1.3321321598266271
0.5620628222635953
0.5565913847363053
-1.5530562913296215
-0.12057298177417974
-0.39855010371943633
0.8538135820020983
-0.6193540673397014
0.07018033750746944
2.4587621107993645
-2.8626284071783714
-1.3456771223859985
3.101980650164061
0.897833985142809
0.7959535394766526
-1.3205503163923633
-2.0000935063690743
1.9453719633445088
1.2497435529549892
-1.112485526800111
-0.7896918050686359
-0.9450939670489448
0.11155772151377301
-1.3365426828576767
0.8518165640265631
3.0960308981012874
-3.0638492213472723
-1.6066072859655482
0.1469513339512989
1.3055592683542288
2.3806735819020237
-0.22118799890372015
-1.7102585976371412
1.2497801050127653
1.8995961482378316
-2.0275824118122987
-1.1223168135602455
-0.05372035952014875
-0.5311658307840221
0.14291606783786398
0.4531308199998719
1.0678195519206626
-0.8939717510586137
-1.6589961430049551
2.062763101260116
-1.2229317524578276
-0.4550222963370634
2.4951693190911057
1.2480670420861764
-2.6612932613334337
-2.910713307253417
2.349020738796118
2.531384821471727
0.993172855149375
-0.2583827377107001
-1.6231697492198756
-1.5705773445544122
-1.1104509981612272
0.8788456710258087
0.5545469540062147
-1.4345017302138088
1.98531925818751
2.5090442985078636
-0.2097116414848218
-1.964309468622576
-2.6570789828181356
1.4367332570984783
0.7888984595913535
-1.5612230179041142
2.5587041564214434
-0.2680567779561819
-0.17162410269482908
1.895625666257387
-1.3175238969962235
0.24999375274258706
0.44057224690428576
-0.39887952372101904
1.3333923517625639
-0.21249818003102483
-1.697110502717978
0.14843124128949609
1.198629528816358
0.15808030039490717
-1.1692732358760354
0.13754105313625375
-0.5938757897380301
-1.8497610934869377
1.6265602518936333
0.07988619474146419
0.32180756004455513
0.13643284838274006
-1.1953716507288266
1.099142457527125
-0.5701932190154964
-0.4881715169514546
0.48531804747477353
-0.1347996645233666
-0.5155042506080088
-0.02460839387637931
0.18972113324662077
-0.7777743733839668
1.036073392834379
1.4052371148678513
-0.9101395711434825
-0.894853027588018
-0.32339031827931103
1.891672207713489
-0.1535860366675521
0.5653454659052679
-0.33137781925242427
-2.1420707525999276
0.06767377835237176
0.8334780445380449
1.528239314056593
0.29806196148849634
-1.2965091782421514
-0.9057699500049758
0.27734775589078264
-2.9919341641160457
1.7652758823209411
1.8550756531367885
-1.9425189299165502
-0.011407336053453898
0.15859082366221622
-0.285536442576539
1.0404990650022334
0.8406852263363715
-0.798228555157093
0.03891202795601112
0.5413891014622714
0.259964811340434
-0.04478305486133399
0.11681674650947671
-1.4487895080390094
-0.16041138236468583
0.504670371905215
-0.07175981547086108
0.22657597672140506
1.0707063278641895
1.7694624349513701
-0.6099748456819141
-0.9859664520191148
-0.46467160279208997
-0.20334518622130338
0.2285837392971658
-0.6781089683768738
1.1680784006746143
-0.753303645809654
-0.307512594358826
1.4477595706307382
-0.8761972484813976
-1.4808545616181472
1.5393497381134194
0.5452999368714391
-2.9131266696407083
1.4626566684739326
2.8650644784624815
-2.300847763677455
-0.6291427561453886
0.6626501389050741
-2.2898479923345674
-0.10208926026796428
2.305583678186086
0.3899223626106004
-0.9675211266797323
1.2356660554345953
1.250560388394352
-1.8107053649544853
-1.2963004430322056
1.668881829161589
0.9356967228003117
1.7540343448528144
-2.634037702246498
-1.4002708618502784
1.5611413773446308
-1.6883808930666087
0.06952418608902622
1.4965613766731691
1.8653783594037132
-0.5528372565864299
-1.756487677091171
-1.834894212219202
-0.1078703181201584
2.1215041128235588
-0.7948202991730926
-0.11735582241316017
0.7692311681410545
-0.0016280525834962423
1.2399138690884577
0.6901534777754184
-0.5613104805387359
-1.1213181417841767
0.5551529952284349
0.5758442723070011
-1.2270978019031975
-0.33063250242523173
1.5353084417518756
0.35650088803365676
-2.666265412275543
-0.15605492264022808
1.3167838850719185
-2.6772894095913706
1.7940074952169924
3.9232644002613477
-1.013435263527426
-1.5672999375419678
-1.1388528025336326
-1.1864279159072744
0.4205076022502943
3.1962590015377694
0.611209046670932
-1.5596879494694573
-0.04909248422529747
-0.4828053814505038
-1.9689764731727826
0.18870519574779548
1.64858649477865
-0.21098087691502881
-0.9551693766682401
0.33262265922508033
2.559890036045064
-1.7629624098824244
-0.13651782794133416
2.269303245463543
-0.7230160390666958
-0.6698853057014464
-0.6775126607901423
-1.0284387930228793
-0.3735604150261672
1.0521630369229753
-0.2588194631239679
-0.9307024442594523
1.3847520147338035
-1.2652899506689401
-1.7979210604990499
1.8207661649028146
-1.1224209707256665
0.29067429904476644
2.4930805111860277
-0.11276904239808497
0.5393117446470755
0.6899458140545194
-1.4582047867515773
-0.5043173760868253
-2.0366182032160154
-0.7925048220601716
4.341336074977028
1.6860868188945575
0.005116518845043938
-1.3565934099116794
-2.859579510328979
2.243924728032806
1.9939135802947856
-2.046971335655821
-0.805109252154477
0.7061083178595666
-0.07878788444798855
-1.2131205091055919
0.14029390801550232
0.7829505930139369
1.3577902103149382
0.35364007881636866
-1.2647908225301423
-0.18026984707220656
1.4489036722398922
0.8778704489180547
-1.5175857337396188
-1.8540046855397954
-0.26118154162091234
0.40498994621553425
0.9155225874070148
-2.0613216490214525
-0.6460943874729698
3.5658956418966494
-1.2977696141505477
-3.514581256803028
1.2406944159120765
1.3449138889951318
-0.9495722419656293
0.8469879989637636
1.683045074566522
1.667773464912496
-2.279310106370239
-1.0675429866695885
1.2206282967311628
-0.28780694233320936
2.197698087446927
-0.8066959686988312
-1.9133008742685487
-0.030119517417190877
1.492898228163543
1.0761581260968365
1.1646351426003263
-0.5439376492152347
-2.620626343186866
1.2612650873174465
-1.8883175601779125
0.23783532675104513
2.109764122448653
-0.4371820197671985
-2.5430865007829113
-0.31205134371104426
1.967946792064334
-0.21149433646470933
0.30713295561163273
-1.6254073421881163
-0.6186286979655593
2.6730085497904286
-0.6174680524711393
-0.9011439802271133
-0.12571576876422252
-2.0647660288756526
2.496605162603193
2.596971436843006
-0.05180317750946051
-1.557824740558139
-1.841551359225155
-0.3858803295876084
1.5252943303241455
1.7076797907819259
-0.7499370503434113
-2.7075981156104767
0.12776637880689512
2.5228483361059206
-0.10864461204180804
-2.7380789416827565
0.4774960435368569
1.882251755586973
-2.688737646326148
-0.07741964644978264
2.9535904338217644
0.6026253021585439
-0.6872656155948325
-1.6406269292808238
0.4721672418014673
2.1903283385089347
-2.0760652970297855
-0.3510083992907077
1.5138992289539934
-0.0883847067840341
1.1240011376220425
-1.1389257533842219
-1.7137144661788941
0.37772041605329454
0.4998011134617668
-0.7931664668334464
-0.20757786037822407
0.9259575697352483
0.16211906395217857
-0.7393278240997239
0.841344610140982
1.5552459895521547
0.14753773702215522
-1.2023452499849487
0.08692770981808695
1.512934717203422
-2.0600003301135463
-2.120199271067526
1.1784931070529125
-0.5327271743085904
-1.4202753328423685
0.5933382815324937
1.2678654286043831
2.3176849139904645
-0.8514339220945686
-2.9087969204419313
1.2326243397670984
0.13265334761344527
-0.4747316376712142
3.6727282526812353
1.6557445899828251
-2.6787631888593033
-0.36633295845245684
0.8907132579375832
0.47592603114735854
-0.9546267607761589
0.2575109524040562
-1.6139330516481587
-0.5081107750516178
2.5152492743659485
-0.06266818166591048
-2.161318120443574
-0.72800767044614
1.9156657975960771
0.49680212163182724
0.6660755788905584
-1.55256970554478
-0.734745347517072
-0.5071303788086615
-0.4553556372239187
0.8021957278933987
0.8700596270653715
0.2115677413163646
-0.7400141171103453
-0.1708632319377664
-0.2968953438180056
1.005003671811901
0.04245325343250217
-1.490401029218936
3.0057801185668844
0.15212850771494835
-2.2611039657186076
2.36298530677249
-0.33494240777527545
-1.5011189410618286
-0.21987910468950997
-0.6996866471424077
0.6360798521989314
0.2715806047057782
-0.6194790654110279
-0.22841484279544655
-0.9851822653702607
0.6030306264372454
1.7173917506901533
-0.15409893426729934
0.3178980831800059
0.5754972861924925
0.2830091162613886
-1.4000463606280023
-1.0676486781734988
-1.54327511773036
-1.0800721422381925
1.5280750438052966
0.8865857934923456
0.2839002493100088
0.4396112447381858
-0.42582625794806483
0.37738969249422005
0.9860680060425804
-0.7712486178700617
0.5575261942454288
-1.9536759599947637
-1.1511634595226086
0.10622373421382925
0.6592832625027976
3.368584220722699
-0.3481514909791644
-2.0520990684373444
1.0971350016158052
-0.07002333637416414
-0.8873875109705884
1.6978773350605287
0.49472987824426634
-1.8269257841247861
-0.42034957069913514
3.287221029192798
1.342477776333955
-2.5104620442888623
0.1428514145295785
0.15694547425264438
-2.467757704237463
-0.1579210185872506
0.3791231707404698
0.08683987581593319
1.849115952179503
0.47938621082912497
-3.302700190551774
0.12098570541623055
1.3658543624339132
-1.0375635099532874
0.6872594524105992
0.8716722442295584
-0.9221953144256962
-0.7294884620637501
0.55650858040001
0.9386668339428255
1.5638586193573258
-1.2394611189912428
-2.258235644340443
0.971800788315501
1.4401424951685533
0.1520962383366451
-0.7267943734909197
0.2686370377234024
2.1240238467596497
-0.6659968593174559
-1.319702702071687
0.7604954612592958
0.03666795759112085
1.5479807241119912
-1.255044785793269
-3.1505105650357548
-0.714319264042844
-0.10979924701106203
1.5296613048107492
2.608451352070346
-1.8480498573449777
-1.4210177994619848
0.9836452116967589
-0.2433142621646178
1.6421740391740989
0.5453873830507645
-0.8304702322047304
-1.0442335989162608
-0.7613040370904063
2.0561190651513126
1.8450071858226855
-1.835073603228262
-1.2481773843191668
0.210396826343166
1.4610431600334097
-0.19827597469288485
-1.0913425254938347
0.4046357565284253
-0.15515561498564412
0.6618536012404928
0.8154067407671937
-0.5654290560085813
-1.9710215368411954
0.962757907303704
0.6722981827326386
-0.584384063902292
-0.8147981662487169
-0.23575058348323635
1.5871227810421424
0.010568584120946412
-0.7311737069893725
0.33621737184040007
1.2130872655089384
1.8242911965713358
0.8918991553651621
-3.4469864078810555
-0.839850974656992
1.9790592825950424
-0.9874491682425673
-1.9894146918611781
0.1870403803025048
0.4618109632760791
0.2009436800731135
0.23449182633489637
-2.0290691581237654
-1.7667738174142489
0.880131653875265
1.7282129775088566
1.0612380038757252
-0.0049252546136689945
0.19423962031335196
0.6887962037146508
0.16828054441899887
0.13161735513991357
-1.1047261505655657
-0.47117433242537976
-0.4577650979506862
0.42892576707125285
0.3625006938822388
-0.7165163505598948
-0.4520102975587247
0.23923400911986298
2.868269424377136
0.163051598946732
-1.6432597018874535
-0.9754280567298438
0.10447719172253109
1.0613361377762944
-1.3912669851905255
0.7448018729746746
1.5842267280151523
0.5778392202126594
-0.040562055575295464
-1.7283316079634592
-0.20242663111487186
0.39751671470172295
-1.2624756377294648
0.6228491387450369
0.5310147870934794
-0.8209418804432603
-0.5694777020368362
-0.9710492621355761
1.2032980048702142
1.0709667967814296
0.712250733926137
1.2202266476708534
2.174022491641847
-2.019965004908619
-3.776036473506138
-0.48820194175465936
0.41381144563678873
1.4880805412464417
-0.14917567618964195
0.7295799324197436
0.8428427671811691
-1.863001815649147
-0.518451690522604
1.4376089378137382
0.18186682478043115
-0.6981261467752636
0.631004170238627
-0.6293522842697008
-0.7962924339620036
-0.3669821685255982
-1.00376148633837
0.22853558568220234
0.7468920363373432
0.34454711053145914
1.6933872379794446
2.321707600533374
-0.1799221598619445
-1.2098715828099094
-1.0655556488532607
-1.4000654863512212
-0.8513365466651514
1.1655259773073339
1.4998663726372528
-1.0845256144095687
-0.7051214265742015
1.5497644559185808
-2.436540280643009
-0.7396759015151553
1.5862466939750648
0.5376763856041553
1.35300292026237
-0.15794417578053155
-0.8546662969472144
-0.240929687020282
0.5927008570509381
0.04533957342573708
-1.259571650518724
0.8847710272148638
1.6490228123091653
-1.723358957741554
-0.7041060188426324
0.832838651100144
0.15409821736581059
-0.7142209629549713
-0.025510969722732646
1.0352252998341216
1.3317895201777838
0.1755182186284613
-1.346285648562715
-0.6997354294150648
-2.073648399358299
-0.31627247538970027
2.5282054608773232
1.020535405140806
-1.8414337181763938
-3.443679732743433
1.4825425993545502
2.042928711025244
-1.9400719429020115
-0.04793777561520296
1.1947912959120366
0.44531578371608016
-0.35871824382349005
-0.7073994695116893
-0.44943064105330877
0.7863559670183504
1.586435332116052
0.12340983238203354
0.9924987071105134
-0.7331320559192532
-1.7281302099386462
1.643547257585301
-0.4774002439545877
-3.5868054802761344
0.7886194418547428
1.5559032555699832
0.05247526668454433
0.8615462839159496
-0.627314928947526
0.5816583516220337
1.3870658330287164
-0.7275341202717331
-1.1112873868323612
1.7330007531656282
2.415973104817022
-0.22834380180509872
-1.1034356287862535
0.3503627699182381
-0.8215879349658729
-0.7579768670597514
-0.6985022388437652
-1.2402316669045546
-0.27410525529321106
1.0002122477603355
1.522239566494361
-0.42114606610036504
-2.400336955193608
0.22680541553165945
2.964138458908599
-1.9951804847918742
-2.7228918574010184
1.3467138338017164
1.9459754312847146
0.05142236367074665
-0.03643663757407395
-0.05139475622691464
-1.5323725379165558
0.7260047037524788
1.7283646557285974
0.4559959474126942
0.16731413477426865
-1.0938869857747648
0.9295075580933244
1.681011859477137
-3.2029931360587724
-1.9228859479413307
1.4768642428931793
0.5846047379513936
-0.10083937317329603
0.23082779409996756
0.34733841288523415
-1.597285671380405
0.4925845524466991
2.2715935205434024
0.5746277015229188
-0.30858018440631774
-2.822681450036919
-2.0570090375766723
0.9193741950927283
2.7082850202173794
1.5671697125903954
-1.66360273709404
-1.2041979742154483
0.040724963799356084
1.1721601959584396
-0.7984424380532462
-3.1783001618448266
0.941395994252971
2.4847947211262436
-1.0142378782093815
-1.1605609562998174
2.0070577329008064
1.9747368920978885
-1.9703304025271615
-0.43163048979314256
1.5208300429039263
0.3002938790672288
-0.939730648894548
-0.49014938018900167
2.2056105002668436
1.203949711944758
-1.7216269352631741
-4.0347117959821555
0.5253723943848734
2.550087755378944
-1.5011157941961937
-0.13354822843028016
0.33471537211489666
0.36804376565229996
-0.389180900336629
-1.061611455390279
1.9569382371441075
2.080918712630376
-0.5297546983705483
-0.6953229732943413
0.07391349140378828
-2.1437672169010518
-1.1903820763955562
1.9242514647378812
-1.8879148443560112
-0.928279129400966
1.2344864720392583
2.302343435116708
0.5328920626173229
-2.236650622162286
-0.4049263639733546
0.2738732297301953
1.086858829547465
-0.7728729056039263
-0.3894056451489952
0.3114034109534132
0.6979243871701171
0.9927883449165649
-1.346256078528733
0.42665381905749344
2.9857362589869147
-0.2859094258393348
-1.83007293127714
-0.4212094839640883
0.8711215904872239
0.37115886114403956
0.01581487828749617
-2.583821132305472
-3.1225073762410767
1.8542503580145002
3.058154544791182
0.8515185183216911
-1.11864400777984
-1.1144256402462966
-1.517527934772123
0.037717369632244035
3.0917554453056466
0.7478686483540326
0.0794455304509818
2.270253632379389
-1.4811729549301884
-1.890275352637484
0.9381508897287163
-0.6053419822434548
-2.156264248164317
0.44465080174339816
-0.6219241294906945
-1.5523491665168563
2.024430544294076
1.716567303360572
0.48282193211418156
-0.06756803164301428
-0.015154715742769442
-0.04060815547528107
0.49104082724966863
0.3708336431739301
-0.18610823140934774
-0.7266713817103425
-0.21730581086261969
-0.6698088751540028
-2.5084607684055795
-0.9200679708047134
2.730200258448251
2.20736432000521
-1.5686356011727929
-1.3498805362900865
0.03974598835742582
-0.4961666402760654
2.5287989272154885
2.528014564563935
-2.221793449413114
0.7213975093756522
0.21991558596212374
-2.623465614832657
1.4475415060789072
0.17863292459213903
-1.4747710220606143
1.4566386631965271
-0.11796977354222493
-1.0471450070464894
0.5757355873143696
1.1229990175220574
-0.9517928377818053
-1.2787400822084056
1.4466614385996919
-0.06357523152958115
-0.6316981072470842
0.2350267601122784
0.18237065906211408
0.6692650490303874
-0.2069492074279027
0.005374929857960509
-0.18237028183374063
-0.7237501911592522
-0.7683222715087189
-0.06509642831885312
-0.11431818173746555
-1.1466993506837333
1.1816536370890123
0.7904214141848034
-0.12537840941986128
2.1499629867695007
0.6800461412764772
-2.818948659389769
-1.1097763654809243
0.547347011558901
-1.505436506196809
1.687900917079335
2.3686821287826776
-1.055907299987022
0.053748555177948354
-0.5328629413770457
-0.9258493244474153
1.3742873271258471
0.6996969697453407
-2.0300385282017794
0.46019048434011267
1.708105193425593
-1.2800244455850827
-0.6452704641544766
0.6625751915850171
-0.8645273729316102
-1.0444218457448144
0.5705494396777346
1.231826395109332
0.6610057228851275
0.7608231452631911
-0.4642018357658676
-0.996889843731639
0.45473589957392857
-2.0453221564676585
0.29728396834387033
0.9901832346104006
-0.6827685646560501
1.5840434888483212
-0.25830208315219616
-0.32361371180578713
-1.1233361487440559
0.8323207622226408
1.6244570574583945
-1.3921227754239431
0.8065202764508574
-0.4191199898006093
-0.6474368159604984
1.2467326975984765
-0.6111427337330362
-0.9896441496015915
-1.587526004290105
0.5088594382258175
0.844712336961433
0.798055770501822
2.4139738698360778
1.8026387273808036
-0.4655327695527033
-2.60826243628126
-0.3680023550499677
-0.26170357424511054
0.6288150718145067
-0.8943992170263064
-0.10221748317001644
0.2824047425403108
-3.056250163879672
-1.568574021138502
0.6781490876092637
-0.4116580366720539
1.99323044488253
3.984841337376856
-1.6921433129495491
-0.33113375346343854
1.5446187775416893
-2.760096663922021
-0.1293842629259474
1.3519180727885196
0.08481681354874238
0.34064389695911235
-1.0489507293148101
0.24431137337538525
1.1568881566500637
1.2507249325364707
-2.3080970711499127
-3.2236233551619784
-0.2660546312600278
3.3549443518876334
1.3426943588909626
0.9521692406588391
-0.2971894972745862
-2.810230666807557
1.4711216460476715
0.9322913052031161
0.9394527886920021
-1.76155240709929
-1.1140779686507543
1.9275078261118848
-0.12422567014732777
-1.1487907813032086
-0.10506783573575088
-1.1460862898662114
-1.0226645253999072
2.3155935870686175
2.8537465062604412
-0.325327715977752
-0.5851136880991108
-1.1639033848695757
-1.8513871676837121
0.12205889118819802
-1.2594366805729906
-0.3270540217459553
1.1754804643331762
1.1533822264351374
0.4564060016352226
-0.6076097563529762
-2.345188867489264
1.3494490245888486
1.6775976845562326
-0.31193226778741767
0.002038760440234988
-0.6331300347298308
-0.22646082417122615
-0.3589578356310535
1.269226598026513
1.717349461451921
-0.2882261155261938
-0.6204021930438713
-0.597308232959586
-1.5792204894521298
-0.8969966755825979
-0.9753773435512935
2.1827878356538806
3.68053892670659
-1.2544697509640172
-2.5941524780672003
0.5644379969448328
1.4176597906455792
-0.9513360839800253
-2.856726509539011
3.0799919434901595
2.215294520714689
-0.683416959509743
2.023264545479726
-0.9831755932239039
-2.250619172098036
-0.07953166146124663
0.01498107245629643
-0.8049753771713772
0.2568065133655116
0.9465597857295502
0.42847252976397737
-2.453324389299823
-1.0514609902946757
2.37769872767168
2.022761425332102
-0.6543936132595537
-2.501900775499707
0.7934498867117497
2.017387796001399
-1.6604251794095215
-2.066976714128704
0.7990758336339844
2.008662731017967
0.3886216961858706
-0.911879669231698
-1.9787191069979728
0.4819142260853972
0.9337717679487076
-0.7014682460957036
1.9320069645624225
0.7059820828297864
0.36295781013253703
-0.059698926364089744
-1.7096340044032674
0.20046862823988915
0.9534549840537699
-0.7537945870271371
-0.13627721280330607
0.4919928157923531
-1.3755116391447797
-1.5041726076234678
0.5923472690845417
0.6419758022336877
1.013061246950955
-1.1515116753019699
-0.6594297002360924
2.9405188427343374
-2.990270286836812
-0.6128129701962218
3.749505709122164
-0.6293080705610661
0.5013519091825926
0.250978020764618
-3.2104492807544145
-0.597429609054483
1.6058722242246626
-1.1248744194887763
-0.021606111884454576
1.0704887736635256
0.09959669415182362
0.0202357037180374
0.9909011615378257
1.088239544323825
0.08849801652712586
-1.9462190515349977
-0.6367459688735992
1.875726708375601
2.5469160490344267
-0.7602181061482518
-4.604765498550432
-0.8257017263631619
0.6218312436622908
0.581965756700116
2.071648667871713
1.8622322796998765
-1.295583355846582
0.1628591263088044
1.039767631228555
-1.6093003915771218
-0.49219453082877773
0.3535852678239134
-0.49313905012547676
1.2525534920140635
1.314762705386801
-3.716298741777818
-0.777494956383217
0.42672474119918014
-2.07238003164764
1.4278842350955
2.762008434658619
-0.7559286000168041
-2.0081813539983453
-0.7005020181334957
-0.6003979535629331
1.1473472875968753
1.7719681127929365
-0.19050009321207684
-0.1641235220193087
0.12304522438847532
0.7661364489598552
1.1044315808226028
-0.06421809771860165
-1.2147373770773489
0.552075538071639
1.5759197464028154
-1.6715334727082403
-1.995075519740421
3.040321746906294
0.8111801716961404
-2.1997169423534038
-0.5347559070021533
0.09322010305023654
-0.08591363396621121
0.8066075912945916
-0.21543885930713624
-1.1194586445447747
-0.43292644881973463
-0.4243238143058834
-0.08487333548009146
-1.0454474939366964
-0.18113718745909613
-0.2936251063699644
2.468897316717242
2.864127549636528
-1.4113339865993844
-0.9021840369534408
1.37340709676593
-2.4623157675188208
-2.691019325484043
3.575060812409771
2.1276988891020276
-1.6755402555376269
1.8618973199616102
1.6696663411758375
-1.4072242327497346
-0.47286967285340153
-1.6956189005265265
-1.2845852906173765
2.355493623611876
0.1280384768875701
0.05979785798712234
1.1296919384616968
-2.8978785420013073
-1.5559260824020544
1.5987856151852426
1.7645405778962944
-1.0025323760442233
-2.2462804587061536
1.01282097670697
-1.7664136978632796
1.1609357822399358
4.106979941082116
-0.20979374756003422
-2.347570779174627
0.08486150106859425
2.2918673369570257
-1.114906866324137
-1.3894456509903785
0.3836875195888149
-3.2748605014140506
-1.6494148505447985
3.986438044503301
1.4787280896412305
-2.1431628666293854
-0.1770409023220335
2.7413427543161886
-0.020987988553563264
1.705768442717639
1.1691008585980016
-2.9434365401165885
0.4210581754704614
-1.2267450291458586
-1.0088203266902616
2.226650137539437
-0.5052106841243357
0.20125309477455589
0.03629360362755474
-0.573189229317717
-0.21292542136222084
0.8207644143142205
-0.6545194431566741
-0.9356465886751648
2.3552309700773746
-1.2509711535300556
-0.9661440050510771
2.0806180343111347
-0.3790108530868693
-0.48097387060691865
0.04393837610461722
-0.5310841558054498
-1.0259510919479762
-0.869403573696629
0.1693525325478863
0.3643550878880203
1.1652553640792804
0.9082951486303883
-0.32265156581100596
-0.14013898628696086
-1.2544922765342057
0.24746385355489653
1.0210745913299564
-0.8100036182187255
1.0720208799783815
0.800478412745768
-1.2411131364038228
0.19750286501747638
0.6241383525127687
-1.0601325854175854
-1.1150605174666923
1.1261137646987616
0.5399964740718988
-1.5864386388532776
-0.3694629610028285
2.1754466076019883
2.0613891517616745
-1.2617626860613909
-1.2521039198687163
-0.8802435789568943
-0.7182411402790719
1.2926187089546803
1.3538939166913462
-1.548061709416051
0.19965232132271926
0.698815882676466
-0.4771671559618026
1.087789513823595
-0.577554163147723
-0.7293915545613936
0.0017842233242539828
0.7180107015918387
-0.15748921738879598
-0.3589516151439488
0.6122113046963537
-0.33057775313526727
-0.30395047162912525
-0.8372236543185215
0.3883474531441933
-0.04535441583336375
-1.1191482732541842
0.4492845924967618
0.48058997419888205
-0.2563885753963435
-0.1069365995561316
-2.516410039225356
0.8556392571626349
2.216767348631754
-1.9941776667874087
-0.2395085766312327
1.6717417398352805
1.3945568287685233
-0.5772585210492786
1.440356553536983
-1.6237386842021568
-1.501049563258079
2.470691465303487
-0.06711271669617463
-2.1783060208481606
0.7794665705317072
0.47776406455165454
-0.5664871589303668
0.4633893562742304
0.1771667225161953
0.8477850791407379
-0.12145019698708903
1.608944804635347
0.5495669553632372
-1.3328109745852035
-1.2988019052984403
-1.3357306962577815
0.7099142766202591
0.7580906872492335
1.445753373087938
-0.3946262406541209
-3.330418960142433
0.9502800216890448
1.424414577798167
0.3640944857610763
0.47302717788547927
-0.12433267492767597
-0.7833006569119616
0.6763288546177382
0.4441627101136778
-3.0608445747268433
-0.4139893436548964
2.608419292708171
-0.5141472309870107
0.5987136531167675
0.6837767901721037
-0.4279518918627123
-0.15020555949151418
0.1354115194431349
-0.8236882001560754
-1.7000621402621223
0.6491349987373083
-0.7696908194053327
1.422848520368436
0.38041377010882826
-0.8758407141030858
1.7208760587085679
0.8678661661216523
-0.7645659999320635
-0.7095351188766121
0.9422802684999549
-0.707154905578177
-2.1203957026727265
-0.2668415154238017
0.20653491605082486
-0.3194487535276913
0.737984278463052
0.59290146492026
1.8996630478800012
0.9096151417309948
-2.4993067418640282
2.1821517546797713
0.13396350164232784
-3.5739862352459966
-0.28457179557947754
0.4532405771431313
0.5458396395190986
0.498531462849618
0.5270793093287995
-1.0287413591068835
0.3228352674351564
-0.36061608044694227
0.7725210114380358
-0.5878029511595455
-1.0155282248045927
1.3381745994059742
-1.899990611453317
0.709415928347195
0.17139822436980356
0.31445195959055133
2.227018016561746
-0.3372885330223725
-1.0851808917269177
-0.8751314976883113
1.1867297182414582
1.8385274742438111
-1.940119533045492
-0.792497228240213
1.4497882430161935
-0.5832787149203564
0.09882421735613711
1.164449717004872
-1.7137003237300406
-0.5959465425539967
2.193925910932612
-0.6774067092996923
-0.6312359005235254
1.5993573725506245
-0.5366470763025285
-0.3511340270188993
-0.31700977445104994
-2.049807938371616
-1.235456334530756
2.650641915196208
0.7220978650635839
-2.2306300793869775
2.1436217845583183
0.5481834878488261
-1.5138131006417972
1.6593677644847198
1.0094990687664176
-0.5801117140016365
-1.0090743104688964
-0.862966834141521
0.45875272161712766
0.043284672117548065
1.8518012611768904
0.26934976161136387
-3.218981366286541
0.436474265779362
-0.5987485852820746
-0.8485352076035475
2.666925117158331
0.11800197531567934
-0.19405577266594398
-1.1684251871275004
-0.551873735220069
3.2574952788687064
0.22211158606209166
-0.864048938242701
1.1888183180983296
-1.4491086593193763
-2.0882506619349686
0.3643885337224162
0.6289563592802774
0.9069398037446542
0.23457925312771397
-2.8247837127039954
0.10284778221369112
-0.4054023505487214
-1.8095840817638584
1.2885251240776672
1.7694534628347731
0.5473846818298727
-1.1947756448302644
0.9640384971586051
-0.7295478230522908
-0.2766049223817737
1.968068768289137
0.6646252995011924
-1.939202626048236
-1.8603749556910838
2.827859365504585
1.7658203470184097
-0.8721327509357906
-1.5671436709850544
-1.081398055908981
1.6758468555925439
1.1547036763454839
-2.5144318014628655
-1.9716050812642087
1.5671186502036933
2.4676758303841893
-0.06954356932854161
-0.17278351011527693
0.051338181069825024
-0.2009077951815521
-0.610007688789393
-2.745070972301293
0.5666631432830567
2.3290029675941164
0.7776633802556396
0.13955165377625295
-1.42278844579379
-0.46501923416778995
0.6946862085022091
-0.5726138666869045
-0.14103491663565434
-0.05064917202391006
0.9329042350501804
-0.38694905516969247
-0.27979101398631656
1.9530613553923586
-0.751289509427921
-1.3830238724240251
1.4045937590488364
1.7167910876483177
-0.30113219677833003
-0.2976153747850221
0.9739957558791268
0.28318770257406656
-2.324753599411089
-0.43952322552158785
-0.29858174887085565
-1.2783976626300615
-1.021562620467251
0.5461177325255939
0.9533554913430102
0.14196186652666523
-0.0622487573312267
1.5600202443820006
1.839239546098157
-0.38639145234095773
-0.35603073723571244
-1.099528382969792
-0.3007265988312499
0.06127846541730758
1.373050979349092
-1.0388692806071746
-2.1677046795383528
-0.6750751713507798
0.8794746578515011
2.512463505511872
-1.0371559020992929
-1.0713376545840274
0.42276467750247704
0.5490677849978891
0.3230497030162319
-0.08517405221502594
-1.0121908313477868
-0.17591000966540438
0.2271756938561914
-1.6148398864397127
1.1110288032852864
2.5686582818243404
0.2841713818963367
-1.968592271041302
-1.4371828263154298
0.8063869643555119
0.7322956443787938
-0.5387022764119547
1.8423991394175059
0.7392812914613529
-2.5055051002945765
-1.4676947707759962
0.7898876462107021
0.7935768887272562
-1.1325723216806516
1.2778805437306024
0.36533258087174236
-2.3819250665381397
1.8841613207036967
1.7068822645151758
0.4314062297044914
0.11248774262572431
-0.10135281248508887
-0.8618793980901049
-1.8351004362008543
1.3195458710178083
2.2145108883803672
-0.8968815050848289
-3.263969604227813
-0.2829010868119044
2.0297575947280593
2.5785533293408944
-0.0076717180581752364
-2.4136740371298666
1.3380803731709707
-0.12433433986777437
-3.3865522121868503
0.5258883322434338
0.34837847677878275
-1.992278725836341
-0.5336816185752276
2.919926955353054
2.307013925353626
-0.601059754734986
-2.4807793234698226
0.1603761998090687
1.2722431738916136
-0.5733666367761415
1.1360053466553737
-0.06863937450869882
-1.6205472723919812
-0.3851720700903832
-0.17053549920027
-0.9635019391668732
2.1331435822306806
1.5024496475895497
-1.2730181225355104
-1.7324442904259956
0.29888292850150655
1.5563287113767543
-0.9224904605643811
1.8665218914834731
-0.17845788048621392
-1.9798421316449935
2.5925519231021323
-1.0024670784678977
-0.9063616589901959
1.3911619859074122
-1.0899336312608168
-0.6633391846505615
-1.1297351645627542
0.6371494538262038
0.935848704813295
2.257712332466031
0.6766152924753897
-2.044605235997121
-0.576747279877293
-2.739475404510422
1.3298663982139958
1.4379690334819082
-2.97678318826536
0.8615370837017808
0.553256329765567
1.1307187617257806
2.410876131878113
-2.320837383005365
-1.3652876042704314
1.3708110165940854
-1.4492188271749207
0.7019639734603217
2.8431209121876186
-2.113167771700917
-2.7804479509264795
1.5994722442586589
2.326815705322171
0.6992531310349269
-1.755317058188289
-1.4349743111165636
-0.2661786337307339
0.5414146710784197
1.8769689046304983
0.6680784900983294
-2.0913008228390635
-2.5016860613759166
3.1954089500043237
2.0079270208972884
-2.2116554471719816
0.9596114709283438
1.383516603075907
-3.2324818379134763
-1.9846477980550667
1.599826621238892
1.9960325838049129
0.49877389220007357
-1.115187386381936
0.398616921676979
0.8778428947938428
-1.3064185538535134
-1.348607732382141
0.6843943093338365
2.964943757790466
0.6369560431486645
-1.469297837822053
0.17465140625430786
-0.034816651952865985
-1.3945180036933271
-0.5411629279369484
0.06817867873113337
0.09273442399900231
0.6511200439005813
0.7506715320368867
1.5484231325904527
0.37970246274098907
-0.8867769756830285
-0.6681500044571401
0.34033774708937914
-0.8305790126346098
-1.3643734632227895
-0.7127462518812604
-1.4873300362377415
1.5557647676340347
2.3737410862667963
-1.3697066557824407
-0.5249437795692546
3.09951886548615
0.2871360990486753
-4.2876884337311
0.08938495323353551
2.603949789825114
-0.8325682656548019
0.8011362181549406
-0.43532550137426357
-0.3760261420070041
0.7569895454113019
-1.2645840318043675
0.2171093645145289
0.7220971067286628
-1.4255166310031924
-1.8628258591602522
0.5579372412235493
0.20847391373953528
0.19498352496036364
0.9930738020835526
-1.12996364059628
-1.1952325527972998
2.4176928327411273
0.48832507219608
-1.1211199180293714
2.2181832737302027
0.6744063991440742
-1.114386165178421
-0.7736257004205063
-1.0157952332291362
0.04284673268820194
0.3375144587531358
1.9259549965516318
0.13252705869170822
-1.0807179792141939
0.7230473001433992
-0.35360926566346057
1.5174568030645628
-0.3185526069179712
-0.16325438459022523
0.4606755519413138
-1.7349920438286346
-0.8554608567874242
0.8229437142390322
1.015785649534081
-0.23031172241721998
-0.5871299153836731
-0.31711551687244866
-0.9861393581906077
0.38251254192176465
3.284591974136317
-0.7154729459502103
-3.660706104099635
-0.9642103646787537
1.5830719078154123
1.3093462921876566
-1.0825451998495248
-0.5262981614648682
0.5971951270465315
-0.8061836768627662
0.2739906710279514
2.990402204584868
-0.32368483182035634
-2.801604145968248
-0.8229053312745813
0.19806856929237315
1.2110765564031047
0.3623250647209192
0.985453833678381
-1.8999047809163239
-1.0681473407838615
2.5892640332415238
1.0053156234150722
1.9757632892354176
-1.0513968987022297
-2.412221828215882
-0.7825815203568511
-0.7561506809132112
1.0282101112982456
0.6743932836250668
1.2265512893626231
0.4458068327885466
-0.8563092668646886
0.7404977882802011
-1.950600907543491
-0.26940297053888185
0.14960496432784276
0.433729619314821
1.7705315446836085
-0.769716717334884
-0.2966036644933257
-0.8502439662579342
-0.4901247290700229
-0.3809414943037517
0.9049085994421878
-0.2842476778497558
-0.8499554175855312
2.48550107935293
0.9902869097742352
-0.9458080393788011
-0.702324610837524
-0.6761600594049426
0.6041559810492734
-0.023600950320744163
-1.6030202350315224
1.806894758289455
0.4278948734174318
0.06408501408355005
1.4263725286907176
-1.0909219812310966
-0.35646793271729754
0.03276944258693176
1.0876274491050293
0.3572646868222337
-2.511613112376346
0.11639145979602572
1.7144644688083344
-1.5911261923166145
-0.5216868749572452
0.22946383943243337
0.472948769558083
0.7960290954368249
-0.8847911951396923
0.6912637011281335
-0.10816307679992138
-1.4304384141477193
0.04541197707164668
1.6417179593032585
1.6142461028632327
-2.837786122273876
-2.290901175331376
1.9350588058794234
1.5746478228023695
0.8062313391816137
1.2904525258773507
-1.1654435913270251
-0.7232329545005047
-0.7156758155506197
-0.10748741709722853
0.6968483603888405
-1.038862546752834
-0.8509353893334779
-0.3482435984119758
1.6735672656581988
0.5808872205671569
0.6634890505662129
-0.6037137180535564
-3.605808594456032
2.5137584271782543
1.84922621922813
-2.437093906476781
0.9094352830908354
0.4926741395634955
-0.2764806120487239
-0.3415878771504248
-0.7063675889245804
-0.08570306763561902
1.110023250969598
0.5532335315647451
0.214042981479439
-1.8025923435155338
-0.8712829862543826
1.2710999667563914
-0.8033405301354827
0.3062216174842265
1.6777823502630664
1.231395490137946
0.45728384219809204
-0.3023770808348403
-0.9691066506866903
-0.8330682442952797
-0.8972765141456835
-0.8310371560677189
0.2586752061026409
2.367956383808601
0.2860610360256548
-1.2056319523237982
-0.05539014943270876
-0.9872514281685436
-0.7283274230416841
-0.01131606632093518
0.23632372413308017
0.5176364174968824
1.0668119712632542
3.716212260151885
-0.23425699725627597
-5.398620802980383
0.7815891173218579
2.0830196781359143
-0.5660005685010733
-0.5648993759123029
-0.6162495577498525
-1.225216956425044
0.08365672220846841
0.9562834882231708
0.3605977507426342
-0.2611108870643178
-2.823193063165256
-0.42692856844835403
2.30929940365296
-0.062084640716126405
0.7189083499914394
1.3970073732889325
-0.0505162870056749
-0.8055930915490382
-1.7175027570513146
0.06921185389113205
2.1072928731314713
2.7418577472702483
-0.15426950584850063
-3.1374501108334654
0.12305814853984676
1.0657057262985357
-0.2700329053541418
0.6063431279763446
0.2594030303296133
0.5418732571233016
-1.186428758034926
-3.0375521558804444
0.5923396815447077
1.3726569665903414
-0.2179266972037559
-0.9544205794951977
1.453281242725975
0.4574037145039277
-1.8920746591907682
0.3209505247638297
1.431378952967916
1.1528502880887554
-2.062316844354304
0.4011485307775913
-0.5152984010662756
-2.150271036323599
0.5032961051194931
0.14604741566682988
1.8891065579466002
1.913514438757303
-1.1530018096322496
0.35270205303618496
1.168690148988361
-2.023499552928911
-0.04950573426872351
1.3949442349682408
-0.8442223268989348
0.2883059740997188
0.35533296886780863
-1.7913876979199665
-0.30939175086081605
3.400598264388492
-1.0410452566025217
-2.195927012414944
1.3563497283895554
-1.690901564711988
1.0171354994207924
1.6513711547052963
-3.077893713106797
0.2634982336227171
1.5215177611907376
1.6613796144691
1.2094121773350353
-1.4028565293393584
-2.0966736956660035
0.7451512363310423
0.6665820769704742
-0.718129046724225
0.7789890078823284
0.05374093745759945
-1.7587221304848488
0.027407185002552126
-0.004513217057156682
0.15921541432285435
3.1005422404881173
-2.2949799760964993
-1.9418412304356534
0.6827058171094342
0.29633166929867405
1.209805559689662
-0.5622019132799029
-1.0393816881923459
-1.117207471939051
0.8740111742634222
0.03721014017857893
-1.4698951580486102
-1.0712530797585496
1.8390587701078682
2.332462425855419
-0.07055793847437497
0.17729822240475923
-0.9731394920842839
-0.8033961419468273
0.11796353650782486
0.34381089851752356
0.46606675346375426
0.4167601356258889
-1.8802238195517078
0.05286235504568089
2.5921318929142236
-0.1404071508470048
0.6285425285048414
0.2138039319258056
-0.53065505881095
-0.6582909553963406
-2.570807117169718
-0.008983832413553938
2.394244291571246
1.2583779177670387
-0.598357293655541
0.035325370455341454
-1.837941876721027
-1.1026858281900636
1.1876524309745446
-0.542288096420908
1.7422544191806928
2.414726818357742
-1.929307267273116
-4.079389033775859
0.06409972201865943
3.504947039622111
-1.328440940550535
-0.3114853765004104
2.621328931093017
-1.369145093125143
-0.37833879989549635
0.7691722381738932
-0.5455296744983275
0.84786430701227
0.31465747041798275
-0.8140515684077404
-0.8220801711112425
1.1118016240094775
0.24201294281890445
-1.739178884962882
0.3218562365234223
-0.84906187096738
-1.8453008099804373
0.981765610045362
2.27732635422264
2.1415497672729877
-0.9006694849056243
-0.9126540114799271
0.6750219775348364
-0.23735264108043957
0.7611455734774905
-0.948082111522891
-1.981809514613323
-0.14668315858893266
0.002331801018714219
-0.7942886018903609
1.2814741257082842
0.5635601209167936
-0.08449275984145654
1.2590820041223605
-1.1717268995943555
-0.46872789674621984
1.6386467483157752
0.660374412314061
-0.6324891548547764
-0.6465187144685335
0.39867838263951294
-0.3052765035722526
-1.9343062370738893
1.1783849210914847
-0.6001074433683811
0.47963735585547174
0.8875354030394573
-0.963089285906956
0.4408694339697252
-0.4702422312082706
1.7963557230001286
0.6560618723550257
-0.8268581066655065
-2.1820801995352754
1.2443622263291239
1.2413904463992271
-0.5614904397333786
0.042591428248487107
-0.3705468595262722
-0.593215669979748
-0.0316515863527711
1.1095219658800723
2.592608341293727
-1.3802313445855026
-4.087220532572961
1.4390407188773384
2.1016861754474787
0.6586792382625178
-2.1275990547166144
-1.117033450886379
-1.2485617468334242
1.5909360322494228
0.9270059044504184
0.4330672847908663
1.891989283218229
-2.2570638434426495
-1.4501736290397016
-0.12222951519356523
-0.907189570959983
-0.44141660978056707
0.5725934962074357
1.4217432065393851
2.46927854740096
-0.28040647141042385
-3.024295189067358
0.11143386076281284
2.739863590298765
1.400535867402033
-0.9456571142323047
0.6297414820418124
0.18559840104387687
-3.6206794540801637
-0.04729299246502386
3.8282536298500176
0.5050621112275682
-2.333156943833333
-0.4740788149902816
-0.8361980460224019
-1.3372218059159993
1.7217208724495983
3.007071293602352
-1.8884593147808988
-1.2338369601830195
0.5894988180551071
0.42079693295921505
-0.05287350025070531
-1.5641722331798629
-0.9400176057273312
1.8921754809942017
0.7053791739108837
-2.189098920021551
-0.11005466257145413
-0.17171149641812056
3.0587107100692736
0.09893875429515264
-2.3430858207931804
-0.205680297064752
1.044347825412639
2.5865360276089855
-1.117749375944531
-0.14404585843204565
0.2990073700161897
0.8151748348649277
0.5957008373125934
-4.634290393646388
2.365005764392606
1.608984485279264
-2.168903117498206
-0.7708334786821345
0.6596190740195473
3.7596686779955286
-3.4041835402494938
-2.6914187356821784
1.0873716748337876
1.4393385573356958
1.2830226173153763
0.3831789348138508
-0.021300364888033774
-2.4028052696002637
-0.950158434049025
0.6058612218713939
-1.2587302734100814
1.5931493610922756
1.4696087093367602
-1.822433124223168
0.2839523674738019
1.9320371185710004
1.3819007325448702
-0.780298223336561
-1.323526852073346
-1.0386589400680157
0.017850142346621245
1.7375743757767528
-0.8609397234604357
-2.0234937435318145
-0.41479401862901877
1.9306739111459725
-0.1757282250005685
0.141533732580283
2.7673763587614078
-0.4423518634040632
-0.23886519742700818
-1.6973287413940423
-1.0660249853563784
-1.352600516954718
0.9466593697371449
2.57097267254003
-2.258136325522207
0.031230492710272895
1.2137990127537883
0.7641656078187073
-1.289157706935761
-1.4123284154518398
0.3645344325173441
-1.1244765264294954
0.35220316952933106
-0.3133744366815736
1.3935848160832798
1.9256005109375889
-2.575102946434917
0.9376026029181129
1.1550197978156937
0.11316487889712046
0.12794878874679444
-1.670044014057432
0.03856658061656071
0.9602617757751584
1.5867437141286518
0.4792744089181193
-1.5002912375335125
0.4200325189190688
1.4468480412363929
-1.6926344835818172
-1.374928511240031
0.6874061069766613
0.7864797834686554
2.1504125502935167
-0.2474318207754092
-2.6235482512250425
0.4351287805826211
-0.5252820909613456
-0.5286719127787887
1.339378705318833
-0.4035657217522123
-1.1266420485962978
-1.313028532705003
-0.07423801504673794
1.959900590112642
-0.01480188009411798
0.8682822717957733
-1.1666735621258586
-1.340715199869305
1.4739284779100532
0.7070273885880051
-1.153833288850356
-0.7497701451420357
0.7812850466254079
0.4727740170358604
0.6415443708216488
-1.4800819730694559
1.2674605050436065
1.8545436645771063
-0.2440794912492139
-2.4867806829989014
-1.6007326866660205
2.758867623445277
1.1338149631539285
-0.7535060392971418
-0.15832083396618574
-0.7437111586489709
-1.7702427991176788
-0.3843778528113016
2.11187406182268
1.8924199754874111
-0.05131454067787433
0.15147627524592755
0.4005562395423249
-2.4736201492378083
-3.030573662284147
1.8260227145068635
2.3201046899782565
-0.8284797368997654
-0.185243818581907
0.20282562210643573
-1.2716725252960592
-0.8411331404410034
3.063079799203005
0.5064265104501325
-0.2300431998847252
1.1080751199607126
-1.4578285872404333
-0.45728744714314445
0.8195269618464933
-1.2994830893832596
-1.5463583691990714
2.5200276744335244
2.4299241529856705
-1.6099923920407198
-3.304340050854213
-0.4904622563919813
-0.08478161575666476
0.9267248302582712
2.332389186958689
0.4565301336258288
-1.6067815708590811
-0.313024378058516
1.6377240627273542
-0.3910341005967172
-0.23825505030212446
-0.17713891358520292
-0.13541940628387406
-0.5955011165603721
-0.9846251076748702
-2.070850847547504
1.0518198041975484
2.4514073962811747
0.4782350998774081
-0.4332157301140424
-1.8007288740932297
0.4236446530105199
1.6209227306588803
0.47880643993045147
-3.1049564669087455
-1.4936105754733755
2.29789255303346
3.0069775721657797
-2.0435203386341945
-1.7735509810490904
1.9910920647643708
0.33766607483195693
2.371095700031746
-0.3930396517385699
-1.2353974166442148
-0.7705583511441702
-1.38856032870276
1.7386262545362874
-0.7085378641911027
-2.4047549453851493
0.8603808568771004
1.529777903887894
-0.3694295573199399
-0.684825392679501
0.912610631216372
-0.6724222721895239
-0.9919639273590695
1.245764171657329
2.0869478111096416
0.3898400993921155
-3.9813148218718455
-0.8977212185989965
2.9369603288177064
-1.2190378645290825
-0.6472711848099714
1.3676624822787513
-0.23346962921415687
1.087480694336083
-0.16287922213067174
-3.1509736866679843
-0.6542394206988097
3.9213184780563015
0.7800434675848082
-0.5148785269890909
-0.136251476512385
-1.5169415702753972
-0.6855157545692248
-0.05382714374815989
0.5552998491230595
0.39443931269626686
2.005029173582526
-1.5016040548066505
-1.5428244002083056
2.258762220369452
0.2179274144457954
-0.24295600417554675
0.49006431098927283
-0.763499214127064
-0.6327452743158182
2.147324154094641
0.8897261042922288
-1.7286421526441271
-0.8124541932967786
-0.30478515031831876
1.0865822083908616
3.3402009118169538
0.44764180148693855
-2.4762290486569754
-2.4597111106298306
1.0213878601534507
1.7396453713849
-1.0243609156536173
-1.45653208448489
-0.2999275875257982
1.3738260475411503
0.0946240447089062
-1.3041790974893226
1.3115209980392035
1.8492099146402592
-1.5944253480595607
-1.1764431879197277
0.01706614104634291
-1.5886709667883243
0.2763993988041427
0.6594893249486286
-0.9740187266091986
1.084448757573883
0.2777784905236278
1.1511452326304057
-0.9961204289809525
-1.9484581825356828
2.8798500278691486
-0.20206566420214084
-1.0166214143638903
1.849251936790194
-0.09858732390442759
-1.045886659407357
-0.8252448176944573
-0.27424413815551196
0.15764305783756488
-0.11785815044464579
-0.7565486136353847
0.49761144942275337
1.554902805443613
1.429508289007736
0.07568000179596202
-0.7736502866700482
-1.053004984253437
-1.3458856289590209
-0.2867239703739387
1.7563512972932829
0.9165343802825068
-2.1715220494421135
1.0354855973841501
0.6808988572657366
-0.36573022085434903
0.6635000766753775
-1.4278013790064361
-0.1640662813749899
0.644938212208384
-0.2290067819108206
2.136286962640624
-0.6549642429651131
-1.9547819179698547
0.30339270677759467
0.6532713229743244
0.3287229887850571
-0.5474647424310397
0.155590858452994
-0.39037374236783323
-1.0079215351293047
1.4511293876326432
1.6043576667803119
-1.6788065244523964
-0.3251489390830354
-0.1253852442993872
-0.1769433935245076
-0.889444819774559
-0.5602086668875103
-0.6216336745915159
0.012353012659960638
0.026349766661874607
0.573372838972343
1.0404404961798273
-0.3473830768086582
0.44019487250308054
0.668994235044226
-0.7231568955041626
1.0234872445743162
1.1744238249051597
-2.278222721034436
-0.9138081793388241
0.5357719655105501
1.4744713866802948
-0.3937017482648691
0.2887433813470891
-0.8648494732674361
-1.870720484838185
2.0426930597706696
2.3113138173766865
-1.900108491862035
-1.8784574026571055
2.1004811349842374
0.26334730913536647
-0.21521072758835857
-1.4017150236059992
-0.8385542607478262
2.174418585979424
0.6402142967508491
1.0632713932505506
-0.7423113975506006
-1.7522512497768572
0.19099439905393178
-0.8443124446012115
1.0299230403281046
-0.5012120067296055
-0.9656525486972798
0.857229301247054
0.34243719899528363
-1.3128825828887294
-0.09034576773710284
1.8333816247648973
-0.029879988585880618
-0.7208304848235669
0.8499756605497106
0.8576222181680005
-1.7496220037805301
-0.7270441403347945
-0.4242543561190454
1.6125835458820652
0.24340058082434468
-3.261844030334075
0.2942705903676831
1.5006341140803827
2.040656106302643
1.5923547711342185
-1.5907556776071587
-0.7519518970252238
0.4750429026290251
-0.08675814338240774
-1.3821848173805182
-0.21115388134115498
-0.9604740886709366
-1.431610458921401
2.983842703363056
2.122013290676419
-0.4937197012752417
-0.04746365198360697
-0.7943546201245901
-0.003228150173397115
1.9275236518027208
0.032284407478588795
-1.3004552495219333
0.6944444844555977
-0.01049754538781067
-0.8703051889982046
-0.4365047606329023
0.921737275903391
1.0591581770137604
-0.09242343162969291
-2.30649370914554
1.9193871274869982
3.297810290274019
-2.4745358788397365
-3.7519740086053943
0.854924549274003
2.1055461377527793
-2.1730079434501213
-1.255891838522784
0.7713685596802977
0.3360784448052859
2.485661635249604
0.6665171622303163
-2.76020505540866
-0.7648628428172944
0.2990453878859512
0.19732016055619528
0.4647077834294468
0.25293808412523466
-1.1393759505848209
-0.4143954325649841
1.2468157610777295
0.23236073826875403
0.43341257397977534
0.15588266990478472
0.174941134117783
0.34914713816387916
-2.7905850828757908
-0.5153607090286018
2.046204901145343
0.12361406068778868
-1.2384780495166265
-0.38829671402759636
1.0197944323049448
0.7551620959566668
0.5220111883384742
-0.9534520359587643
-2.056789511295965
1.2814881700195508
0.5246176562403695
-1.1608385994666026
0.7665291893753041
1.341979521212636
-0.4596382069803535
-2.813046793902701
1.293479033781454
1.1170079530032475
1.755837280261374
2.180317721117601
-1.3065764821096244
-1.371407674416181
-0.2584035562816791
-0.19605511396713537
-0.566343102107639
1.2096564360421571
0.1749107812773068
-1.2565232892376577
-0.3122517844300647
0.02053058156506027
-0.47262574633263876
-0.45502189804592574
1.6100292878728173
0.6515517188892164
-0.8535478621669979
0.7730195263269024
-0.2235777706309812
1.1964822277864962
-0.3068189569721952
-2.1928099679764315
-0.6242297893250977
2.741725019966827
0.9004773369636864
-2.9716606280230273
-1.5105703551044927
2.244765995657902
3.3261813155577507
-2.1055155663990384
-2.6492253335561817
2.1320810444738307
-1.2879235085584213
-0.43633252343152074
1.2918189024542204
-1.1746254921675183
1.4644926378835488
1.8814868747843887
-0.48623268984788265
-2.849217781169923
0.4018060675338671
1.6218751622864271
0.49326264922410856
-0.9421574669663697
-0.8557530021408746
0.8688398023938089
0.30314832240727546
0.3700285362778634
-0.42113113107248107
2.2854499157924852
-0.5227113487262764
-3.561912784477274
-0.03181425673526639
0.7447468912728472
-0.9199669587706987
0.047346884867794425
1.7857627030250152
-0.6407657978010526
-0.17643070197619126
-0.311596126464522
-0.26449930117826403
1.0938871743184893
0.20521931473472194
-1.8537408421458585
-0.3542115998867791
0.8516912382421347
1.891435468293317
-2.0730792096485002
-1.4598138299583647
3.2299720547057826
-0.8593424164617585
-0.5687870278872106
-0.04947830925382207
1.9988247768524072
1.0534203868984293
-1.6965787007378472
0.838913708981625
-0.1184675278093103
0.11157289394460324
-0.859234836838083
-2.392657418219642
0.6652164521069757
-0.4525430833831202
-1.3527300526335762
1.1212044059398159
2.9398438182726485
0.7346816897635535
-3.0037465451056065
-0.47213739333241384
2.481224326641031
0.6897474431686071
-0.1795261169109208
-1.436560799508635
-1.035448412897442
-0.005044398924811677
-0.23555804993025392
1.2276848532794298
0.7742993205731549
-1.2004055350811096
-0.49316191291092587
1.8315360964656966
-1.617933344660204
-1.762388978429156
2.187512910811752
0.1943667646145385
-0.818543093291102
0.632070681514279
0.012351652355711618
0.1290905559271868
-0.5308493922604263
-0.11500101631884446
0.09989374512536453
-1.2532230978470884
0.647481451873487
2.1394099178426003
-0.2936714165251941
-1.2653261930358854
1.3546526435268844
-0.03269843266367184
-2.375184317007365
0.1592304907082029
0.7452170269268842
0.645413264979843
-0.3615807315920937
-2.3092446209564375
1.7253912127620454
2.1321237937362283
0.2665291242493436
-0.8636699038297195
-1.314750934277033
1.2453384938335965
-0.07131458078318476
-1.2956725886095122
0.5003377668297296
-1.472791139035166
0.0005900976737799879
1.299409032821384
-0.20402884206119082
1.3719309749526891
0.6006123485571144
-0.7752067950770749
-1.1877938247176905
2.0582912301166734
-0.48230133915668283
-2.0094831540656264
0.6773309641320037
-1.9688590291938275
1.348310351690684
0.08986986729733926
-2.0659588307587198
2.590455863226817
1.7990085206407063
-0.8980607085170749
-0.581821611046329
-0.22402026822597831
0.4445929702286791
0.48055997891416435
-1.0918546795477737
-1.1655200140197206
-1.221163113257791
-0.3547112537286563
1.8923769327289206
0.9942800103590591
0.2112884621414265
1.0665610144836508
-2.498488086431974
-1.151713280826919
1.5557315218836596
-0.7778189086403616
1.2825188277529485
1.2048236527177314
-1.5351847767278097
-0.062204213392868024
0.28286567792492723
-0.5908958096576148
1.9791631956589937
1.7823716329832764
-0.5305236441640931
-0.6591325806935222
-0.4631220332340514
-0.990726362573024
-0.9191988933308008
1.7139097931430265
0.2784334877273724
-0.30849426672942926
-0.45808005126439943
-1.4309154959246162
1.3340945068840302
0.8433391151734809
-1.665155863438041
-0.3760007474487904
1.8575496809266476
0.5088523411538947
-3.628685904301038
-0.2867659812041771
3.2258330933977923
0.43380241033471706
-1.7417566137015117
-1.787621971101247
0.0526753125438042
1.2074421020127584
1.080394919281351
2.4020999994245726
2.1917974500107515
-0.2535517432197629
-1.0506803547396304
-3.2445976650127433
-1.041066723153334
1.566655350819223
-0.41040463414997885
-0.33331428905924954
0.34761389702574963
-0.28710806694189267
2.254880851480255
1.5540611262023039
-3.036634016042662
-2.2654140587633336
2.567831176266361
1.0997432997965157
-1.2249737277472732
-0.9869608682667308
3.9529226007861684e-5
1.9565140550664775
0.16540240786428534
-1.722975683746995
-0.6818833361909168
-1.8691003329118212
0.07584774222753482
2.102204514565701
1.1515496392544382
-0.24490152195971615
-0.29569234140575673
-0.011252046499722224
-2.994867391723811
1.8578761879474333
3.1988775499945756
-0.013331668236128413
0.0058600507876830354
-0.9152943225889368
-1.6503738161937647
-0.5060364287734034
0.7770210631968874
-1.3926588378679783
-0.9251641570477244
1.2757297437205461
0.5252169500379569
0.3291764847258275
-1.3698688619331905
0.3909469134844989
1.1975687871417398
-1.2414422107278646
-2.062661862082587
1.210672202825124
5.037533702482811
-0.4747684123253444
-1.1927517088633102
-0.7190420318263868
0.29301764264569563
1.9853617018108958
-0.2350711633993705
-0.791258179966181
-0.010165004621780271
-0.3951909271328285
-1.7189214391826375
-1.6936305052770029
-1.4290202780887618
1.1280857333165715
0.7574449702056365
0.4618205357710902
-1.4379043098793984
1.3703533367860945
1.6756300374147655
-0.12960891866471247
1.745753131365979
-0.5856493192368453
-1.9889284420692968
-0.7558224718692401
0.15976677677358897
2.0216954940027865
0.5492489739876583
-3.1563472087094935
1.6663620025577672
1.2525967911834262
-0.28736363083727645
-0.3019598355383758
-0.10549474976378681
-0.39515915260350315
-0.6939391204265656
0.846340791168326
-0.7354294527173824
-1.1498724470735133
0.405220857846928
0.5506552868786708
-0.7684606509678547
1.9860324761172756
2.20917693010462
-2.3334747811881686
-3.3292539499775686
1.1116126929712287
0.46862827549036745
2.1917297720891717
1.0005843901551277
-1.8128403704027025
0.4274949263737242
-1.0717542317080293
0.7641643976476892
-0.07472582872192435
-1.2341833625008214
0.40365662733401264
0.6064060571310059
1.076549292758346
-0.38877391227191455
-1.2660789476538408
0.6495985579885992
-0.9930125159797386
1.1825872117068312
1.1842349764209996
-3.8253200464095984
0.09906463906170702
1.828603669988752
0.4436280481758308
0.6751232557843936
-0.7034740256912915
-1.0015334457520402
1.4900529568678285
1.1967513236508898
-1.253002142441848
-1.0565027018696924
-1.695424495691733
-1.1920093591338095
2.8588388019620687
0.14595033412004743
-0.9470321730052182
1.325311289915685
-0.8007724355463601
0.3314929858497605
1.7289178330321942
-0.6573565775090121
-0.2860471395874732
0.3164405680563953
0.6189783815767155
1.6890181953540329
-1.3443492073011656
-0.04415863453960567
0.8537502802139487
0.3775420525562778
-0.49620766038958947
0.6010431339006432
-1.3119904624076575
-2.850991443969242
-0.17862861040258204
-0.5454379470096989
1.4517672947197604
1.441600832828522
0.2970229259545114
-0.6541020112057871
-0.16282665994794127
1.4459647310169463
-1.5015731734261895
-1.3247605103226743
0.5853783824647618
1.7316426411438186
0.002611338413049391
-0.9311897415686132
0.9647079349899241
0.2735196263719775
0.26016963554128303
-0.44955919672612216
-0.17973051876647805
-0.12268359995659617
-1.4555899265741223
-0.3182268893328808
0.9552498294870284
0.5822819817703192
-1.2940073068410687
-0.4174509780787583
-0.32217692160124867
0.49749755444791804
3.624675342109938
-1.207003692769073
-2.2294643787980117
0.38267904943743597
1.4409661338171833
-0.9278086462292303
-1.122510967505606
1.8041960783219744
0.6477385569308276
-1.1799268820403077
0.411880533661778
2.1975946893049287
-1.9000979598296803
-0.013211272448449662
0.3524110543476598
-3.488487058149153
0.41878879274493686
3.792054423736369
-0.038849538843725745
-1.4237811184400386
-1.7349690335518608
1.3313606426347249
2.2137365717860393
-2.3889010595972846
-0.3856061810319853
0.8413141560294973
-2.4838590444848316
0.46512971402524994
3.7751045526537332
-0.13817404511762532
-1.562854201796932
-0.6317016594177525
-0.7481374880876349
0.6436936684698162
-1.5022004017765913
-0.7916894030053078
3.7571469855941677
0.15896380890123077
-2.1368741633909867
0.9524387149120951
1.3258617067051568
0.679860997096406
-2.7374559154414353
-1.2413208849868487
2.1771957933230697
-1.7840675365558178
1.7932866801899467
1.100287679904029
-2.047909129035679
1.564709251394428
0.48899726624300227
-1.402471867987605
-0.7953518970465137
1.2932179414528295
-0.5555202130756924
-0.9835239162511784
0.2518418863833064
-0.37174115674573666
-0.15903974107810426
1.5512206959897754
1.367128642930831
-0.6608980762891512
-0.9452209009735375
-0.010348900555157359
0.002246563910099031
-0.3168442836917762
1.1756092367766626
-2.446482397439178
0.07302821003066218
2.831431256740264
1.1751327455563763
-1.4607336855190343
-1.8191130025827351
1.4428234607885053
0.2655863202525833
-0.38591921827744496
-0.8176962816544417
1.1320732508909095
1.3718063853265665
0.487455297595748
0.2806714374254522
-2.615266236476974
-0.2953167194918601
-1.3339763700488545
-1.1595905459435578
1.6358731311929677
0.11938847197233099
-1.0969321377097716
0.7700314730569378
1.4449118492173905
0.4337779650896084
-0.7929356330842686
-0.09905657907501586
2.1880912041401235
-3.2826741770818693
-1.8831215145990887
1.6668008355275195
-0.5744728889162974
1.6224837168670538
2.1273801723136945
1.0258842225337332
-0.8255844303634235
-0.5038471915728582
-0.016345716930784404
-0.2647353261997387
-0.624898600152721
-0.2572913401813315
1.867308353751847
-0.512621978837932
-1.1375063708781525
-1.4497969385480145
-0.3875727160942667
1.6185451974949427
0.954274522176298
-1.3310577711361815
-0.7412870798411237
1.7456599652905471
-0.6367494295103883
-1.5688322742621676
-0.4119121253800342
-0.034615616510242586
-0.4417629985326348
1.066463263607151
1.6587701239339412
-1.3868981215002116
-0.6123432166763147
-0.13727833107031429
0.5157111264273371
0.7489786047995808
-0.1342393940722218
1.1952889062347418
0.738810591361386
-2.1309080805380205
0.5944426067443875
0.5883801173111866
-0.37931950354668187
-0.16092494893601872
-1.719955831404374
0.5061282832694152
-0.5745089466015677
-2.2778188590691744
2.2597827810056814
1.687418684859505
1.0439737500997763
0.35352534368037225
-0.7254792253772002
1.5701378135023372
-2.3410108770804765
0.17208062892466902
1.592120704136168
-0.44307506319328627
-0.11654983911913219
-1.3130555145140956
-0.3818865017695701
0.879768944380231
-1.572261537902165
1.3625875283875368
2.470725042401674
-2.1130056675372297
-0.9676990248614952
2.014911949679612
1.383410824179666
-2.027159222951885
-1.270662294994189
-0.6516846923881581
0.21506489228378492
1.4638877229384857
0.17266766910723946
0.3194588802357403
0.46009599811694524
-1.8871581512951958
0.5315158722633718
0.32546736073062343
-1.732086503614412
0.505293698136402
-2.159742356375758
1.0902579226631224
2.60037634656398
-0.003823587163061415
-0.3539860188356407
-0.6280858190423152
0.5511042354933906
-0.7497280452169293
-1.6718472912840903
1.8988888948084632
1.3634617305965677
-2.112768665807103
0.6287351766854926
0.7510510918149202
-2.531816809897043
-1.087804389896788
2.2129940806736985
0.6113028895419543
-0.5813227380865553
1.7649451224412414
0.9820780853237506
-0.38196965294484175
-0.4342870782383844
-1.447116811972153
-0.44672074958154034
-0.35576075755317693
0.13042924216618157
0.6958198849530974
0.23948449764392374
0.557341249776899
-1.3813140850798278
-0.6079282662311756
0.03402623984032882
1.6570165534096228
-0.07055309764558726
-0.8326688447810282
1.3129740133005496
0.7131040466793563
-1.0992721343390641
-0.28852237615843157
0.3270987301696866
-0.9743531661435954
-1.0260070009425557
-0.1171120616557964
1.5607845335906463
-1.5718502512287058
-0.42948273090168304
1.7325156613394384
-0.6789949644175846
-0.5147728813587686
0.798973775016894
2.7991232510429214
0.7907534281735966
-3.0411284272444377
-0.9231180248896484
-0.5905075268981673
-0.8839167962788826
2.86126065681147
2.743887740340946
-1.3635711503680013
-2.3518707249980624
-0.9485861336842664
1.8735133552243162
1.354231688896205
-1.4761269980756317
-0.9818602009437325
-0.5216326872182746
-0.1601529740926621
0.017861749094934654
1.0106864970483287
-0.759440275297558
-0.7082351774667148
1.4894216135130405
-0.3584654464088133
2.2494693153420613
0.3379287654727008
-1.5923554720060964
-0.009385134161095376
0.306798278680345
-0.19443515799144612
-2.379502864114901
2.3586153314046725
1.6818494428707607
-3.3560211245717673
-1.809154891222203
1.5080716165226897
4.2443716177698505
0.2494552012327721
-3.9402252664764457
1.5226505826463916
0.5635539997607413
-2.742969101905481
0.4012033462885545
1.1089043251348207
1.686672652691655
0.42678526152476737
0.16827511487996216
-0.7493376255343575
-1.702537545461259
-0.7411751378665177
1.6085535552880137
1.5794922049280449
1.058107541094769
0.5448447672601932
-0.6220474701877696
0.4499912913884223
-1.1253448868867562
-2.524674945023677
-0.6425773329372736
1.5535910948440268
0.916776905136836
-1.012844679377853
0.6709586442585527
-0.3372385169307435
-0.1130835154444767
1.103298513705409
-2.604722659670341
-1.0553554434186565
1.8579939585234424
0.9564911629519277
-0.11621342321785044
-0.9395111858971641
0.8358403184344715
1.0638135318610837
-1.9853600621623246
1.5175310752677313
1.3203840007771026
-1.8169089923189332
-1.170988601395243
-0.47907746851989985
1.6023399919785437
0.10827455528436741
-1.6295265758411706
1.4416423838926038
0.6156785413710899
-2.1004407637868185
-0.5006206989190474
-0.3473735150261169
0.7263554110584125
2.378946656238239
-1.3185616730591248
-2.2475525159703125
0.024781068634859293
-0.10022685111441931
1.5268619733484987
0.8475615473606046
-0.789383949064433
0.7564940701686379
-0.49017113824837916
0.9452184775196038
1.6842706268643974
-1.2752252938225976
-2.3691997240342157
-0.02922605342735654
0.09669766555260573
0.0915034636732036
3.1108299719212957
-0.514954514927586
-1.1927947109953672
0.29065105917386785
-0.19251160432124514
0.7908807420938517
0.15740915781037235
-0.07005962850525893
-1.1109736862994681
-1.5920128568876388
1.362438323006382
1.9578435203030073
-0.25963618890327694
0.6692818333284467
0.31427580794555526
-1.295045644147563
0.5513430829239137
-0.45462844212023074
-1.4296049848324615
0.18138059461369782
2.0545171179373
0.1555890335059642
0.31122066922812075
1.5384839340784346
-2.718276479781527
-2.7921636237725505
-1.5107104889513103
1.2908601001346638
1.5067121167416477
-0.25265931901972233
1.2936254503949127
0.1803654861900874
-0.08377481879235937
-1.3924183131969228
0.017853890936450956
0.6894386386583486
-0.37679529915851545
0.02243513046872636
0.404875380309172
1.1067137709474533
-1.7267173071722772
-0.36441147553965436
0.8163989599779345
-0.2389837509820928
-0.012933833724443289
-1.3902087936307308
-0.9381707993791366
1.6060258946558141
1.44707298220289
0.6184166470873237
-1.4132458293248287
-1.8295568434991798
2.8584515026248214
1.500839026955925
-0.1571877481803512
0.6552337708448834
-1.038069469544666
-2.091240846178967
-0.7445399396199037
-0.0622873129709246
0.8743919039802479
0.9131657684380898
-0.7429028381264384
1.5921966998451103
-1.0419067795088022
-1.370507778868382
-0.19751677384558675
1.0676030360387008
1.2019516489354356
0.524893686415909
-0.008705129508535608
-3.0216999389973527
-1.1664822161111579
0.22987608292548956
1.2663673154203834
1.1284955891488668
0.48398146743681925
0.2938513922960603
-1.1754706322045567
-0.10800913290631392
-0.05467981210925876
-0.6095657478033847
2.2593219604018504
1.0320686210464394
-1.3916591346492382
1.143793473254687
-1.9280985585110848
-0.6682542828350331
1.4183215731273173
-1.9539308498488148
0.754023959949654
-0.33878998618026124
-0.19757485305353978
2.5144640961252316
-0.5153112014405294
-1.2593870231596056
-0.541836947719176
-1.797498072011957
1.5134218918981621
1.6990104622922497
-1.4873976252270946
-0.544897232399476
0.038405631707503884
2.7182906835060936
2.043495286798546
-1.0927007543892713
-1.4742690717933282
-1.1484533810508706
-0.5139067835996787
1.2615775380867567
1.5464976223984257
-1.1971250426999185
-0.2786639834265999
0.42349597911268844
-1.8644634906946989
-2.3186446184732983
1.5818523751497369
1.976295423237824
-0.012798884979713154
1.722775528051314
-1.0128486871386249
-3.0042607295348898
1.2657368877592383
2.2640144255582078
-0.7047259871264062
-0.2758602921782003
-0.4210043293267847
-1.5487856389771726
1.0867127559408263
1.1322460916519037
-0.6336334785574014
-0.5197979111501053
-1.5075213549982698
1.188916706511801
1.2143671767380027
-0.5169995563049682
1.8466157201920126
0.24910919109094554
-1.2269245953563037
-0.6559708045635747
-0.5081037873276029
-1.3373435229332837
1.4438948790594852
1.2124828704766297
-0.32750574559345313
-1.8775590405804954
-0.6111384816496561
1.7340434156600102
0.21395586375285736
-1.1802066598727734
0.18494250568933823
2.109350323729114
-0.899678226391776
-0.8483564703348465
-0.27673741976630034
-1.605094149340186
1.4693653483750984
2.617823044884057
-2.369730010038062
-0.8029349256020403
2.752230407383676
0.5439191165249929
-0.6007399783105313
-2.23453111122967
0.2689189449410896
1.5226405216556136
0.42278850003656554
-2.1762512314465483
-1.641941667526806
2.652324225995876
1.1041335856453278
0.49420093668550386
-1.4715447336057088
-1.295084953321501
-0.6234141056303296
1.9042218863906097
0.3833137168291386
-1.572761435734694
0.9026914239617803
0.824740848806173
-2.5117174433986555
-0.8268527794554209
2.7517062664306993
0.7546366120748681
-0.4786113606994493
-0.550013024952646
1.1577669630844074
-0.4172139088634298
-1.3535432654756225
-0.2875786070017553
-1.1629627020715314
-0.4146412257615333
0.3272606518045065
0.9205078525268078
1.6301588368590827
0.7355630148537908
-1.2243663858415523
-1.1207980830533657
1.0644617167530595
-1.3018329879701116
-0.6935808538535602
0.2831412830473361
0.610428424465956
0.6895332738195358
-1.3473911080284096
0.11957875443329713
3.3638759557588624
0.567056737613466
-3.551124129261407
-0.5462873180108412
1.584631194761531
-0.20931535509708177
-1.6723071902018383
-1.0993538458832606
1.2636719932099918
-0.23116334102342218
0.6820789055638357
3.0889592427987558
0.1925900634993053
-2.474657384066732
0.12204690509838712
2.80739255525146
0.4626072678395712
-0.6470409244026651
-2.725066973599117
-1.6636052051610568
3.116444786337099
0.4610653043620866
-1.2873240902177019
0.7093097249572885
-0.6028591533054559
0.6931105029950666
0.06056670762018351
-0.14934295828013833
-0.06921172348456806
-0.27450894383607966
0.016831061343510645
0.16563546664320755
0.5779744785787693
-0.22759435360175662
0.2918634038137761
-0.915243311129351
0.37787655571397316
1.4002768923616515
0.7828621837976764
-0.2096382770223416
-2.079107514259562
-0.4134370226955112
-0.26991148846162477
-1.5263031652535681
0.7654285130759516
-0.5639725051858895
-1.0146436473341518
1.1730992389412653
0.6988013002623543
0.9896378873121341
-0.709557888004751
-0.3868122562856224
3.704127871808128
-0.04397799754692533
-2.124137982675927
1.4231966395652946
-0.3479962134349323
0.44356657351555273
0.46252363971249183
-3.4945077651414627
-1.441603769422195
3.8220413968946243
0.29268683086604
-2.6923983200024315
0.636122571243875
-0.5632313368691843
0.43147146517031915
1.3734204794676212
-0.39897686310552405
0.6076823503414024
-1.555686005834831
-1.1672836413070635
0.21259811992792677
0.18558148311986325
1.2665004791030607
1.2933239800158014
-0.4412874422165152
-2.071372278004761
-0.3900308406373878
2.1277378100629822
0.21290510866341683
-2.165121428125028
0.3106883860119176
2.2846480353887837
-0.6618244860602425
0.7223745279417186
0.15969099214204407
-3.0742785566091144
0.14779332961357738
0.15643301860954772
-1.1575090149221605
0.4119002162774354
0.4252279597858024
2.186116163187997
2.5657863881945513
0.42451896841273484
-0.36429750110143266
-1.8060725097123287
-0.557493489309472
-2.060552498407972
-0.9942456730210266
1.547362518338267
-2.276514551838852
1.2914899899869239
4.238542586971975
-1.5139440247369669
-2.557249192773254
-1.0116317898700173
1.507585717811551
1.99915088072327
-0.47284402652599916
-0.9286169938903197
0.29593392439562355
1.976163113671585
0.23948059128960175
0.04112901129873525
-1.1377516659773845
-1.4360271703842755
0.8607634441133871
-0.7235185512571375
0.23384746108687007
0.7623242034208557
-1.8786155001142764
-1.6969655450216945
0.9644871426862949
0.6922252096850257
0.6739360483413257
1.0889526205680964
0.46744178099698297
-1.609411514915841
-1.0562115974260269
1.127609682679633
1.6790443370925612
-0.5751194960211197
-1.5341523961501213
1.6626128433970258
-0.654868706059752
-2.0835499483220645
1.6362130983557535
1.3767890708428439
0.7310190548369393
-2.7940830260635967
-2.050353370670507
4.050319609662264
-0.1735539343132637
-1.7245678716427741
1.6186463005916196
-0.42593894997299114
-1.2781516299955442
-0.4810828889008435
0.5799620987214447
2.092302261381044
0.9981831552620603
-1.6401879769620058
-0.4265452333138392
1.2479787353341654
0.2726059502918067
-0.6449735030606608
0.10471358101223704
0.6051127460655843
-2.404053348328925
-0.029820939594627782
-0.1499550202863047
-2.603822975285753
0.6217116679666331
2.37444374566753
-0.6002787669251056
-0.09833235066451107
2.0436255517846833
-0.4969497974335286
0.33940204198226154
-0.302786939826728
-2.632151685447129
1.0851895927616169
2.448802566493951
0.990978993185053
-0.20397233939961812
-1.5518278991519245
-1.2431064391732183
0.4455340813204856
0.6155794353389297
-1.3062325450056749
-2.908340407557182
2.1373017332059097
3.3882449075806407
-0.7232033322661089
0.39266786697441763
1.1215062709589434
-0.2812747718063958
-1.777074342698207
-0.04531122456086645
-1.3970312750220155
-0.803756681681562
1.4211050271025925
0.28934550670522835
1.0096363028695436
-1.091609319043175
-1.0235179340535008
1.8151411636729495
-0.1254890550350148
-1.0406190701158475
1.3984026589190401
-0.7792764203274282
-2.1221508233212916
2.5024838433369316
2.076732568139013
-1.0415654548250874
0.14757099555247355
-0.5799931730664172
-0.39656377364629125
-0.6425900296684045
-1.8833046892643965
0.08876385939872866
1.5928164163145484
0.5651722156143695
-2.076288095574663
-0.16186926019247755
1.3952087501553605
0.7625147622421027
0.6567036912140409
-0.6040069923630925
0.40045084565029887
-0.7425280791203825
-0.15376310318718223
1.436715085454035
0.37604061784195864
-1.8847419161617438
-0.042007665807545225
1.3252208996828365
-2.941473108187737
-0.5075108712273564
3.7809928681140956
1.6137470416455537
-2.4975422359586266
-1.8874282158168634
1.0784780882948048
1.099545558590291
-0.17893714721634152
0.1375584511778434
-0.27802628016014463
-2.6372162984067167
1.5447283520921178
1.0274544659628542
-2.861211510721846
-0.39962175759222474
1.0674860963726498
0.4852587416965737
0.13518873290010242
-0.15797669848431184
0.3735160944724867
3.4778789155976266
0.4129281416821985
-1.9201543936989571
-1.8770966216221343
1.596237612439305
0.8282530346624062
-2.061486383389509
0.9134553402237076
0.7771886342449035
1.3829787973649954
0.0671442570233799
-0.6466402693872428
-2.2995410235676315
-2.857002946769513
2.988131295402746
0.9707626586411835
0.17991538866332557
0.5104638359149862
-3.14706204585222
-1.4798264913052444
2.652392002634937
-0.9143530697206346
0.12177488070717013
1.6063402163393006
-0.7710958838890981
1.9321568358944763
0.2158533303914545
-1.4496063198970475
-0.9795990901917044
0.45617838417165474
1.3132989923595937
-1.8501654585702318
-0.9779076009702458
1.0351533110539783
1.6092693588348366
0.22545700332605167
-3.190111697304519
-0.9845481194217145
1.4820693027108394
2.492637157725098
1.6890516369271655
-1.7687087640124202
-1.8691502018044786
1.4327865890287534
0.46778731846110333
-1.0131880793154162
0.798080618865798
-0.6275919769110202
-0.22599844343072273
1.2079316270388
-1.5502591347020416
-1.9685709356349879
-0.864857133109855
0.25324547431746525
1.985548414631889
2.3882449415520832
-0.39804188412639785
-1.7636808465977674
0.6816718071249522
1.2974286684860628
-0.689227823163288
0.14143513008195924
0.7145780656037984
-2.860828241863702
-0.9537413010853355
0.37245301736588066
0.6179215164692389
0.8742261904369542
0.0684412267190693
1.338059620570306
-2.580040035004553
-0.4379949516446612
0.8871073229064346
0.05304160754871
4.222304324224314
0.03863827959017546
-2.7982473005415187
-1.0111063305745127
-1.1367365299360526
1.0829333059653077
0.7599234969740295
0.55722301170121
2.0362139713769984
0.39323172520410554
-3.8057871765304947
-1.1086147945434985
-0.3653897298481157
1.0139150561988741
2.196824049561798
-1.6708038927396127
2.240950280524915
-0.6553665028671145
-1.531253004739633
2.964501373840147
-0.5370449111549577
-1.8416122752678126
0.017946805955458528
0.7751770922265817
0.19929982867527818
2.0482809808790416
-1.2037234067474392
-2.475263796853242
1.6490017031100854
1.275690885542939
-0.6532486763827098
-0.6422753833346952
-0.28931576299869083
-2.4617709548864464
-0.17320753063961652
3.378175623627535
-1.1590800402833037
-2.0188998369032705
0.560404772850019
0.9193812680176716
0.19761838711804391
0.138526145315703
3.2698275002852335
-0.6354640638157153
-3.658355220489268
-0.44061635878293665
1.598888114191486
1.37012371464619
-0.46469302715568117
-1.1310775651328153
1.4438460226241623
0.9820305466178831
-2.26019304756293
-0.328126399208248
1.1427587693209575
-0.10136468770130785
0.22665481402267923
-1.6369684339547899
0.533212381971025
0.069189181269949
-2.2718500838383116
3.0739993549514057
0.6864534925355332
-1.5049042827788788
-1.196914298670051
0.8769355231429387
-0.5315229692372074
-1.3687619801948687
3.41987690893349
1.8661299916757375
-0.2556481219294985
-0.6533359676854624
0.6999250890233631
-2.56977901020977
-2.6455704311319863
2.7561368695125728
0.2954047109837926
-1.0874995474089322
-0.23400045650439216
-0.6316793945861314
2.016622155031677
-0.19723081166993617
0.6689239630249245
0.1631096948369305
-1.5810479527175003
0.01755656506360903
1.6091262854398887
0.7195125001837196
-2.091851601842369
0.5369102206825195
0.7023682668929143
-0.2632741555801929
-0.507619233996478
-0.06675759757220262
0.15981109217442668
-0.10385915482823538
0.9085765814814986
-0.864230475099587
-0.20230325225943702
-0.1600195388630009
-0.218446176792428
1.759685256497846
0.7155786658164902
0.32935634020934845
0.1513928207197801
-1.3871185693657055
-3.3812376438904996
-0.2932020812199699
2.729031238440656
-0.6425199958835013
-0.5228109634396662
1.8920057132452113
0.7071428404943069
-0.6740771627934177
-1.956704577350064
0.475396073683873
1.2634170571555154
-2.5793241346388025
1.5368997748094588
2.0065822098303583
-4.267400071147043
-0.06370674103701214
2.8945534993195685
-0.8754456964246097
0.32235301137781747
1.3935151194982183
-0.34623072397090116
-3.0783178201315278
-1.18096706694384
1.4916513717928004
0.9452484099967173
-0.34849502840458224
3.053937850136905
1.1042554376427423
-1.056865180178238
0.8464295522859873
-1.0430703686923124
-1.267398272236068
-0.22659115601431645
1.010984561282927
-0.09793892413672634
0.006987991738584942
0.5080898000071321
-1.815962658479868
-1.743510197780458
0.5427096460081972
0.04559612358056264
1.613363703638834
-0.4998742676673279
0.7939982081976297
2.957987303466916
-1.6945735752699922
-1.2776817236985172
-0.783910655898237
-0.09622841602749488
-0.14844692711836205
0.319554023974148
0.27504875634690573
-2.781040587322899
-0.4144927472172941
0.782329600244505
1.7420557994528048
1.2442347582073896
-0.791881785459533
1.366891145024675
1.5044057623894507
-2.7387850114014856
-2.4775802455394342
0.04280184813560539
1.856745942977307
0.4101221856977384
-0.4936667936900344
1.376323154919914
0.06897194097081526
-0.2170781267025767
-0.8496288969289335
-0.3505478892580429
1.6292702894481172
-0.1497960253938531
-0.736471114704004
0.7395520702319827
0.8626074272669881
-1.622248605209761
-2.0925046555060236
1.2297124242094803
-0.0788712677605461
-0.16467181539506665
1.4215087723046431
-0.845724945015281
0.5630169304531755
0.44330762346630376
-0.9346966926246829
1.5419358663583027
1.8114398272665073
-1.5760511021016748
-0.41692848341493516
0.31716226477382636
-1.6299987083704157
-0.2123769975759687
1.194441477088757
-0.2032776432072108
0.15730143256809648
-0.8544330838725551
-1.2914043471015548
1.220572846878215
0.01680571020656163
-0.2529332762179772
-1.1691644497049853
-1.1553131810425175
2.3749981962086046
1.2006763827342886
-1.2710756333304989
-0.9398043841506343
1.0988529535171323
1.48738221134582
1.1188198700750325
0.6574754132609233
-1.9349291752416207
0.5808049418062504
-1.2508099605017218
-3.217174602703092
1.1046292195441096
1.7001830031807956
1.8148553208261808
-0.4261570795689126
-1.9780067930905432
2.1570105220928673
1.3502095656890911
-1.0124849435017875
-1.1944116954870443
0.1445763495825627
2.3380818262616656
-1.4490404280067928
-4.208235710309493
1.339647685058443
2.855189410706341
-0.15554355782437246
-0.8387431150157696
0.17491045923888626
1.659147202989576
1.058844550863175
-3.401669194447801
-1.0159141564376495
2.7863622764750726
-0.5432039902814162
-0.028305921551996516
0.07556786945886095
-0.529467777454426
0.8450851131754223
0.15945154205165002
-0.13467343470200777
-0.19044670817638837
-1.0761295749185207
-0.04361223587261687
-0.24215097297910423
-0.630970855701445
-1.2133554605900327
2.1215600340357574
1.0194345068769683
0.6782426021569619
-0.2698813344768747
-3.527735603963896
2.818346984953793
-0.07555693775452166
-0.61458159317503
0.16119442822997876
-3.3072123200502754
1.6442208753884975
2.665815056012704
-1.3919116967476068
0.14363694998087306
-0.12766963896615524
-1.0975855362230909
-1.008052421160119
-1.6152852575338348
0.043044873617443136
2.3091623928669733
1.6432056766465954
0.20528394568805597
-0.18338535457479488
-1.3550126539372664
-0.42954413839815125
0.9346475995035748
-0.47753719605894107
-1.30538241473759
0.5320483071971741
1.1649600172728038
-0.6312448821664197
0.664439693744947
0.7194549880339121
0.9597692938685757
0.32260637470988046
-0.7260128351651477
0.18280349344921984
-2.3517177067501267
-0.8598880085582903
-0.3555511265512865
0.45799856103246256
1.7115737466825713
-0.15973260352407165
-0.5835188953391512
0.34240593879141884
-0.10767068935171831
1.7858554594275764
2.106130803911069
-3.086315406705711
-0.7157610539644668
2.7387931921145277
-0.470260117394809
-1.3237833021001717
0.45403817084446085
0.9043885756923293
-2.8514401487477663
0.46009137713612935
2.749979497347023
-1.8224506178584932
1.2117520981548227
-0.8569571410929067
-0.14525735486774116
-0.6121692451275722
-1.2785061163974207
-0.46934870269762463
-0.6270741390779615
2.597663339878517
1.8123940688674305
1.67011587624185
1.1707091484727818
-1.741412109097347
-4.451685608687987
-1.3778046371577857
1.8163232349524898
1.0444564037323922
-1.8530683011819162
-0.6239591398352866
1.6976078022641694
-0.40995896366992124
1.5032022820065238
1.4790157337651841
-3.154561882238965
-1.648187556447812
2.64590010825349
2.391746918181399
-1.0973579744142188
-0.28395643727145103
-0.6431524959726618
-0.5741960403856015
0.2377988489647791
0.28416941160619585
1.5006491256381462
2.1544749383862016
0.11579624715786385
-3.247357617370152
-1.0898820524081352
1.582777991371369
0.8037230126208337
-1.517558694401102
0.24408500734454952
0.9066523034045884
-1.8511691527223506
-0.5202754884155524
0.07639743124932963
1.142520706224369
1.2005057315459293
-2.7413710894484473
0.1332978905348121
0.26273191539072327
-0.5621225373389134
2.2727040081796184
0.42737725830465123
-0.4829006370149328
1.3675190803004893
1.0964161343314929
-2.364590938286625
-1.064636425528599
0.32343225643906215
0.19458151910113058
-0.4221326909970434
-1.99079769228811
1.3288737399760069
1.5610113927068818
0.028252364077626657
-0.08693029687138387
-0.29345985005468006
-1.7601523493906395
-0.5250892049508848
1.0771749294222275
0.3065561954152819
0.22875862397176716
0.8094040943462643
2.2712917073065038
0.21461698721274491
-1.6113321405655316
-0.5686211384089144
1.1991463459971081
-0.6249152961921536
-1.4457492054401178
3.2080181231464144
2.0868279152263973
-3.4244936990323436
-0.8840491106737038
-0.5765227288104932
-0.6236138589680892
0.7692014671239994
0.09008387714506383
-0.7097606767771699
0.7035599505581959
0.508217449549432
-1.0211692311017548
0.3209399758272354
-1.081362162031498
-0.7235683333927995
2.0057611411016496
1.3939906939220124
-1.9614954614702356
-0.8171702396898874
2.317942833619121
-0.20426693506855187
-0.023608550807783235
0.7327109077915716
-1.886984311040802
-0.37172043873943555
1.7821681919513255
0.3716408383316249
-2.0464294991195184
-1.2232960754406834
2.2624350280007492
0.47679311127976515
-2.126881074450477
0.6653904615071558
1.7711310466889372
0.10707491445685502
-0.8412850606790703
0.4197203178439033
-1.6242329366646617
-0.5153662981345942
0.447599756146833
0.3905506918206245
1.237404215663886
-1.0097716803136474
0.9755476164782612
-1.069371112761554
-1.3643850054484858
0.8126518772495166
-0.3361901630416573
1.2137448753413629
1.0504954470049954
-1.817459353876488
-1.0467628888074676
0.5207355332357668
1.4024599668678692
1.005150288215611
0.6977052365330412
-2.2461020737778097
-3.0904796497441174
2.074623139738669
2.8153530223028627
0.5708741591011045
-1.7179984492249396
0.010905293792108584
0.7677335522242497
-0.29974679624773615
-0.6932252322809775
-2.2359280356667397
0.20523114516044377
1.854184921670984
1.1030944977458463
-0.8553066485667528
0.018868084110073013
0.6122494987091994
-1.1688980628120782
-0.5803413099294352
0.19875532158127093
0.4788872082814307
1.2987960848765132
-1.6415815848526591
-0.537286880274885
3.5917740481685634
-1.1019242158244156
-1.4885442177789312
-2.1061444545192685
0.01699576027183161
1.029211156242006
0.4161028994144268
-0.2652539317493998
-0.8082019043683639
1.8908852209714233
-1.3326359301126773
-1.2167770930810495
0.9508941329468347
-0.044676657342814896
-1.0958417501213624
0.31634590002882823
0.13557465542170566
1.4520326058747208
0.4526947491765674
-0.24016567510649056
0.9067532195297392
-0.3626181143296799
0.5633923868472234
-0.2792145383335346
-0.2865106637011432
-0.5394945878327443
-0.43198420749950706
0.9067059700023998
-0.2837026490412837
1.1183122748356022
0.16344684955383404
-3.3023866262934565
-1.1680917057330484
1.9273045326077893
1.3653962199696357
0.4564582633433239
-0.5216037189507681
0.9206606595831733
0.8943708593880065
-0.03916630154923828
0.28414473619708536
-1.934263104050048
-1.2831274301945004
-0.9686903741997979
-0.52916135506394
0.7985761204171891
1.203923127575151
2.106661131647705
-1.451040320619195
-2.660976669784004
1.1442401206743726
1.5658549878003678
-0.3263061969654485
-0.8248564379034945
1.1953169167011057
1.2137242141005142
-0.1839943103932091
-1.4884453543282512
1.4717229135248808
1.3618156742550114
-1.2081282857916944
-2.7059205525488363
-0.3286912831254412
1.6601756573500766
0.5967208922461154
0.9661249217231836
-0.02081379498046454
-0.013676467798854341
-1.1395114241299777
-1.862248801535316
-0.7912573500987787
1.5964995895458993
-0.19570627930720907
-0.8076466323209154
2.7496540545712502
0.6748004838588137
-0.39852195209942565
-0.12310079480153868
0.4627283861692839
0.9269289121907458
-2.035133297896652
-1.5764024404087054
1.2740444294835984
1.8103104806850283
1.358108037672927
0.7194978365823195
-3.4160768512881194
-2.842535727539307
1.819145051926339
-0.10217368285356665
0.26093840700684784
0.5675415897462835
-1.055554695468972
0.27769798438229626
-0.4289931346048624
0.048296893724422474
0.2518376130949722
0.4587919353964335
1.6805049361677606
-1.7280381447379554
-1.3104447433323825
0.2636868732622677
-0.022092705717225963
1.202629696534297
-1.8270458785013988
-1.8232259873428205
1.99668129210074
1.2829502523566059
0.6727624623286981
1.7463980341903247
-0.25378869258206627
-2.093679741112562
0.4883929679669208
1.6670451674113713
-1.8110126861417157
-2.8909832109411697
1.570273958102319
-0.02275530694912442
-1.2585415365812458
0.8822545445351819
-0.8129341023317403
1.6746987122469945
1.2193675149010852
0.9989905488919457
-0.16733541782975656
-1.4383781729735392
-0.5666020879793087
-0.9996432558981753
0.5281086236285197
-0.1891948843320025
1.1441553575732013
1.6446046814837478
-1.2334767941780806
-0.19488145974204496
1.5566417189812403
-1.378884497276086
-0.7462979798719739
1.1977209289538224
-1.923939215382648
-1.0455156136009633
1.4529114201908886
0.7719755916851272
0.7727526773650106
1.3642741286609474
-1.2521586194879317
-0.8400828040120388
0.9381117642069958
-0.4004997738914543
-1.4953281522064152
0.1435761756952677
0.6796027211276036
-0.24576403162663424
1.4602837612655486
0.10262237192858241
-2.0418605953228255
0.5746365742305771
1.2655928481991086
-0.35025327032218434
1.1679401377569028
-0.8304364687089213
-1.8110513456737107
1.1910433741542799
1.599064686049988
0.3788837192641077
-1.2399221398685223
-1.8698353703719457
0.42306618072863444
1.7279713770872336
-0.43947102613633116
-0.4598683016454004
0.9375803806098613
-0.03453978236437916
-0.3159818300675228
-1.5725054317111664
-0.20728177343692278
-0.8396989577811242
-3.4792654585956653
1.097856874806611
2.9716966938826612
2.1379446104936752
0.5640248038312123
0.4143282857246626
0.5686755943043447
-1.5349142258543467
0.32866921712001806
-0.055893036902818605
-1.0229115226530108
1.6987897748152134
-1.2381399539768556
-3.408338008906658
1.5244476218299148
-0.16568277300267953
-0.7120032488604349
1.0751486969518398
1.4845689536743534
0.4621802565839068
1.397231525963724
0.8972971131076619
-4.054330011194693
-1.3122348597424511
0.4127482467268684
0.3454203522705945
1.8876668206305431
-0.1275067590534767
0.04844767020369012
2.158046422738117
-0.43860499349862725
-1.8706276764565966
0.7102841313715564
3.2110337086157816
-0.8596298054752762
-3.280916760142546
-1.261209360906796
1.132949202874982
-1.2018729754437745
0.17348200843410566
2.39999679113316
-0.8989296211709346
-0.8336511654735197
0.49018559125757444
0.4582877954757426
-0.08839510162787095
0.3561324138845157
-1.1888141689348166
-0.09010127032309115
0.5425705819422386
-0.3891730954935516
-0.9803939521601486
0.3976703742259207
2.6642448736792943
0.009137547647280697
-1.1400254441016677
0.8324635785248342
-0.07993162015782879
-0.20409825829720196
-1.3962869491157552
-0.8459719284485349
0.44948577681150836
-0.9535053122743161
-0.7755089717936701
0.4403333144018614
0.9650436607637606
-0.8598815164272452
2.3422775157763223
0.45880784721774237
-1.9417014004766704
2.3075720914220152
0.3657501218487571
-2.7684054903033335
-0.19313851159172055
2.383842221029165
0.07330448747407034
-2.0647796903664037
-0.2811352491973964
1.7513009202404772
1.5329735471743775
-0.9156937327999548
-1.603021070251382
-0.011654564384581484
-0.11264446921555663
2.4471620813342874
0.347203726096761
-0.7706935854821908
0.9411240834617148
-2.3212075494472812
-1.4079425721171046
0.46953167451448224
1.6813060466942864
0.7275879059553353
-1.1346675198435232
-1.461367103846738
1.5071079892049823
2.0454414923954785
-0.1212606743060054
0.05867332048368634
-3.5352436937755556
-1.137780171903086
2.686072658008093
-0.46193196615743914
0.4047359364461752
1.8410570341567452
0.6506676127834836
-2.2083850714932125
-0.5485791228373158
0.5605945282213093
-1.5768263939513154
1.7507802397946484
1.2073849293707217
-0.8401970715363982
-1.5140365983530741
-0.25201990435614974
-0.7306009644497666
0.07771867617696179
3.1291179495816186
0.013938589734230178
-1.6239695838196575
0.4099364804283793
0.5478314646117315
-0.03080243100034208
-1.8158551743477103
0.23653905758950844
0.23905916795893223
-1.5826650768114023
0.8169816757030613
2.3018868644894317
0.8192259427358096
-2.2077644827801235
0.014165715319474304
-0.5480611344805304
-1.5855063858485308
3.995804550901191
1.497346876793709
-4.036370921350329
0.8646975776777072
0.4991863685881408
-1.4496683826049195
-0.4801825588393529
-0.7903693960156724
2.0826571341885227
-0.10470561594965988
-0.7196848811112392
0.8743945923654661
-0.23891118889207583
1.0638206861681139
-0.21993453278180336
0.8986284633462281
2.1084852230050197
-0.21517750722460938
-0.40626069802573506
-0.6815402263865237
-1.5026250443003504
-1.3371848737550036
-0.7017442987312279
0.6641417837056409
1.2064818547749712
-1.6599459048696101
-0.43447953802786454
2.800597932346339
-0.31709707723289027
-1.0117802968197864
0.4184081176747503
-1.2820995283706154
0.5133021861346158
0.8654243935482067
-1.0940295196584242
-0.39435338156221805
1.6502277918106547
-1.0653592002940906
-3.176845713786319
0.4644012724565132
0.5877016247584719
1.9569218401875585
0.5099083005594303
-0.9934168453923665
1.5381059829608885
0.09206344121816835
-0.4358521351697858
0.3355627112716521
-0.786597647128193
-0.8673444449114716
0.656238447573983
-0.45043296639588687
-1.3161431388414737
1.47265595229503
0.6841026453156377
-0.9337566263713148
0.004983514492139851
1.0692044887079954
-0.7459271967445134
-0.9455861277015652
1.1000155280344566
-1.7983383997841687
-0.07269042104808554
1.5310111574831602
-1.9140250179886709
1.6046129180799011
4.460183036826619
-0.37620804353476744
-2.839730528046911
-0.46193251906224453
0.23580110573085372
0.7938828335931323
1.4367807740160488
-1.8693094384978313
-0.11972296195402143
2.3198887774253336
-2.1641046314094394
-1.0854828215512755
0.7949968812482977
-0.9960313042177737
-0.031134797923533408
1.1313305087838805
-0.3744541410207724
-0.18722234000930532
0.5239138638072365
-2.6700265559947414
0.14472656595415373
1.2027793766993602
-0.5231932781210028
0.8431270269070248
0.18658283964745054
2.8728520286728196
1.6149559589173266
-1.0320206372050147
-3.144579599620376
-0.12610423300715534
1.7168524822092919
-2.1807187678882305
1.3993331708520902
1.5781396006173334
-1.3405047777663537
-0.519205264492655
0.8835349283853646
0.08240632249170965
-0.3935574093388986
-2.3516029820225715
-0.08067330451513596
2.550215611095126
0.6899206963014969
-0.7383072414834717
-0.5417239623412888
-1.6215717717167213
-1.630249815144644
1.6887667964106456
2.3174621261612516
0.6431373472964216
-0.8190025500319242
0.09671439386119363
-1.029674366070148
-0.042148431887338966
-2.1586925183063403
-0.9770117796878435
2.98110669695333
-1.63675384997395
0.4233902899275219
3.12734020637245
1.0134872209234722
-1.6250739114384851
-2.9601957195161828
0.8203374313362022
1.0457734802421714
0.04450959813341421
-1.3705579135837764
-1.6643427517974743
2.7105607146577784
0.04796880811935855
-0.47829379982472997
1.4806235947919961
0.4208551031149781
-0.12442442328328354
-0.6663463566273944
0.6302297129493294
-0.6542872206880377
-1.1201271788749763
1.033517901719727
0.25005990978522075
1.1960190051735728
1.1348090150718395
-2.4765723312624304
-0.33341516749883127
0.6543996727472691
-1.3929028727139183
0.14990177331984533
0.39239961840279713
-0.9398124314917579
-1.0054067350459888
1.2956830586749835
-0.09217276355208659
-1.2459561549040137
-0.4451400796385423
2.055362855021516
1.677428825072517
0.11284030112507559
-0.49087413131109636
-0.31945873744147857
0.019942510637647848
-0.029016628004547407
0.8025668628217671
0.761945867890027
-0.8772920817679738
0.0781481610460768
1.8484331772527118
-2.136998523994494
-0.4755219958849456
0.8100449688809748
-2.9093564550706246
-0.4716543323793239
0.9575545782617325
-0.15171392425388586
2.0043961020071324
0.19640149365354764
-1.4829899355628462
-0.5698592639223319
0.13378889676764272
0.3513774451615219
0.5687798118153387
-0.4919288075022893
-0.615247921334635
0.4527980843603585
0.3949856174274341
0.9501265471267263
1.332090592204588
-2.2189440211725917
-0.9851409962023124
2.0511462907091818
2.6889365357600994
-0.3535811397152152
-3.3826563443022284
-2.1056315990396772
1.999235866098295
1.1387333378955327
-1.03939462661771
-0.07432681389884677
-0.9917226645238968
1.5086057129226251
0.7496930977092477
-1.8489246815961689
0.20454791996221044
2.1256832538410264
-0.25302191921801753
-0.7572428174500504
-0.15785814975981244
-1.9728663026507425
0.7261132462635305
3.18519043944146
-1.1739475347247765
0.7602261000891217
1.7191178587289455
-1.0005071617819343
-1.4293132765925314
0.22181036919177943
-0.10437573246547377
1.3086585169709242
0.17310256669691668
-1.9405264080498636
0.5854380409998253
-0.762258465988366
-1.6475202203702248
-0.40691968755312885
0.2715613235127968
-0.3658707745079616
0.07420040952672924
1.8036827237569026
0.8054077669761613
-0.6449327702534302
0.24079561700911223
0.8427515678452016
-1.9662270609222912
-1.4582362535055633
3.561450256143692
0.9874505411172605
-0.9370031080068305
-0.20038108475827576
-0.9603768515113335
0.7340252575406851
1.1322476103200847
-2.531883110667189
-1.9652388253662916
2.7247813411914463
-0.6037671179339852
-2.3927709981827348
-0.5637563655620395
1.392768569360338
2.534516256158681
-1.7586799457886104
-1.2896217086107664
1.067388451717251
0.4109389200366549
-0.28191986571500416
0.41300157000242116
0.3441158423352273
1.831822712996696
1.4229471464975711
-1.3526073620013321
-0.4124324052326064
0.5589425558130736
-1.9048041811534835
-1.4113762879879153
1.2846810964534483
1.1369922802713832
-0.777604929317607
-0.8374488215184414
0.3348752624527116
-0.4954970600375964
0.6868385417488752
1.703161838064387
0.8573691404466615
-1.8746557113103015
-1.2394189964354345
0.7575953724236857
-1.7879639344916793
0.43783857134094906
2.329066833989596
-0.6275722762757538
-0.7447369892904172
1.406199197259905
-1.147455194123425
-1.1511033980918925
0.793401555891003
0.12205655996569145
0.5785096175890905
0.38377619673849545
-2.1309993946913455
-2.14660582715545
0.32295374521871834
1.084694255240581
2.1745163960026974
1.044142271223219
-1.184009838295096
1.0577079321708975
-0.6508198262633942
0.051502295716310265
-0.14242444485608097
-2.5746421557124917
1.1813096160851266
0.6418284375138982
-0.6287975932722071
0.621432379725795
1.5487826076454585
0.9163001721058497
-0.6370268905001301
-2.6199409781474423
-0.0031794917076899895
1.6681949839478392
-0.7818655112243278
0.7107251055768262
0.7233611764516962
-0.4826781281062103
1.411354913378151
-0.46438001129397866
-1.445999664815492
-1.7090037335983657
1.1777665344918238
2.0535611287602533
0.4334425637866095
-1.8989140066181776
-3.1387175261796223
1.3772874947717282
1.4338130581247412
0.8218684309673465
-1.0970648143039692
0.20910030791907208
-0.1597266258447605
-2.0789960368642086
2.066924723989561
-0.22458964981274931
0.19991193178519262
-1.3301915682122092
-0.011979176178079753
0.2086919900911477
-3.103199853819876
1.3069112870393347
1.4780754932116817
2.1292717887524635
1.5315098675024084
-3.0407261333154048
-1.0075290825156582
3.0125129724561703
-1.5276620223786512
-1.8821915554758974
1.3743654987527394
0.5399082759997064
0.1304555701569824
-0.4381702247067868
1.8526860367502218
-0.03248522474767068
-2.515514180245418
2.4380644566731533
0.8839452929139227
-1.8828623757352594
1.998530714325486
0.9904279796533546
-1.954926500155574
-0.06229968730894775
-0.19896594416882057
-1.4350220864167682
0.6611364974845156
1.4500655427429012
0.14713714864223243
0.36511038828351183
-0.5360008213221107
-0.49310249099093356
-0.5194122911892394
-1.0570207210572522
-0.5149512219202305
-0.6311808439914374
0.579861965058442
0.8425875605457165
-0.5449885433020754
-0.39365262297914355
0.1317865563898033
0.9410863536553361
1.107021674020029
-0.3461637758663129
-1.0741706758740757
1.578379017607697
1.8359756213956584
0.6643522100584893
1.6499502970329114
-0.004979565382369655
-2.5214581913263823
-1.164739055804947
-0.3291443839231206
-0.6053557734007118
-0.43751017419904376
-1.1466192099376442
-0.5856706119196817
2.499998297577465
0.31620066601075236
-0.8186751166210194
0.8024118635579817
0.9236419646434811
1.3628950778139977
-0.7035435695774072
-0.3051294258457866
-0.6421704449027039
-1.9714447410886566
-1.238638997306712
2.0283456265682682
1.6539662921449376
0.12189089236932049
-2.124052714177178
-2.4546645949657058
0.15849061145806287
1.707923441745941
1.8982072620905113
-0.9838746640195215
-0.7884739455793666
-1.5449372252243259
0.35426955876679844
0.6989370207817056
0.6135437286089886
0.20089304433688593
-0.4169873608639316
2.194685356046924
-0.7045062428577403
-2.0499760565136453
-0.55459164011135
2.2086807199871252
1.0934029262751304
-1.1415313240289413
-0.3184344761831443
-0.19660695923413268
1.3803056419404147
0.07951459823583229
-2.480336887764682
-1.3684665753401137
-1.2011485183060895
2.663068860724553
2.4814077691382703
-2.425351600616336
0.050415163642559435
0.6542041831039951
-0.22205738089758345
-0.0449346662029978
0.13669692685078677
1.1721197958413936
0.42696209821476
-1.214913747976131
-0.9386376195966206
0.8123146147263632
0.5507111441448815
0.2649424535368692
-2.017987521031333
-0.28247982662073556
1.7841216851017068
-0.39415301985842655
0.8705106339333265
-1.2828159317595782
-0.27695144922617354
2.116996121771486
-0.866175873149677
0.18289583613730453
0.4731405910644923
-0.9219806004796379
0.5849817298288051
0.4696308783512445
0.7319628060633907
0.9136673307476546
-1.7398576306794689
-1.9206383965743634
0.035433535443838704
-0.44404093123086985
-0.6793403028634225
2.1915494194694505
1.2021674235741922
-2.298772779355904
-0.06782940469753532
1.7197799316758202
-1.4191698915803228
-0.8865119773792394
2.134359926980718
1.4651818976727977
-0.15123306548094717
-2.024079674929056
-0.8004416334678246
1.5146020488555254
0.8227441270489508
-0.5363477157929537
-1.6547295757192377
-0.14257216576710002
-0.2980041667418879
1.3367442886763263
2.651310519828651
-0.4586801035769331
-0.25226413281133975
0.3767216012664535
-2.277116685733386
-0.48925341980541703
2.079236546994019
0.20951179414193843
-2.6047453704117407
-2.634963029430201
0.9749190950056205
2.426733068688864
0.020540457460690886
-1.0233832788315185
-1.3247966404778553
-0.049597537007449455
1.0488418175437264
-0.36902243737529633
1.5421154682799187
1.6914105881220234
-1.5837151202698887
0.13731704571268455
0.8984389201418123
-0.17421444278112708
-1.038233025744052
0.15990569941242394
1.4887457054983373
-0.1453659635459612
-1.5435598020386698
-1.1946568196847203
0.19582975599853292
1.2231458957053856
1.2263101774989926
-1.4860493923406715
-0.8689306910009519
-0.7523337945340761
0.32829418621128065
0.7964416441787522
0.6271717471685238
0.9489581809784647
-0.4755946076956057
-0.35460176599279536
-0.3935394443563339
-0.7345169339467198
0.3623607309993329
2.1722943535933985
0.013659554239998623
-0.3563161445759637
-0.8147416335853483
-1.6813817365417973
-0.5231709146290482
1.7571045747374692
1.7739046287559979
-1.7736271769845802
-0.1390021819843009
2.20575098857021
-1.130903021011723
-1.6441265466214654
1.2151228136956491
0.7976932613665285
-1.1515296424081523
-2.639340797783752
-0.17025574100451657
2.7915482520386754
2.650620486163131
0.3641635283699245
-0.029295882881003488
-1.0660626381531584
-2.3639993146676153
0.24059692263413426
0.8779522689543423
-2.321977690646365
-1.1613056660732435
2.334040964219893
-0.0982637888182758
-1.440898276942646
2.2152948019595975
0.9921508869503068
-1.4237079513852415
0.6383371676232256
0.8555273909331507
-1.980708945538558
0.3693553229198086
1.9701556189051643
1.7462007059665507
-1.3039080699823709
-2.0021496742126867
0.7390947396077658
-0.059155639276450955
-0.3992898957160326
-1.2146753017361616
1.1259463767636493
-0.8711738479381986
-3.355503277017162
1.4979485553473042
3.700230039789325
-1.2893998807730132
-0.34460734613874366
0.9183761569941948
-1.0479844532475941
-0.5715179884980106
1.6088778137140256
-0.5452714931844614
-2.0611250032252766
1.630465815198987
-0.7351268494424703
-0.8196151367074982
3.077339199243756
0.4762011160716359
-0.5317826832616936
0.7845574555456292
0.8470848203323147
0.007171856245700936
-1.6936559682526098
-0.8745889060946406
-1.7995786445062536
0.3202341384874603
2.029644513970558
2.2317998271420296
-0.24028266199755466
-2.6432207724769268
0.347087401744412
-0.13309421052052745
-1.197773886536437
0.7508413173477851
-0.27827461151626876
-0.4918082325725175
1.7855811387968015
-0.7020983051445877
-0.9118137359068537
0.8677182310141394
-0.53948540713904
0.6868834954156418
2.577604140647468
0.5753211471015385
-1.7529440096617952
-1.0989961132321582
0.264387993332539
-3.546272520595264
-1.114398224941403
3.965906975440065
1.616863002360816
-0.9225588405548051
0.5803716816907678
2.5408808350574246
-2.240478017493262
-2.305982968451896
1.5601122195243557
0.02937743638276316
-0.6358053564349601
-0.25749119702650236
-1.3375931663877263
1.2658065539612482
1.0486425712892762
-0.02304995630195339
0.1392835784327201
-1.627861125362724
0.9615684243295777
1.2255098595543934
-1.0968477670582177
-1.9188096412765483
0.024009940827042914
1.3736688272743438
-0.2893257940711296
-0.4112505577550594
0.861921395132943
-0.21520333888468424
-1.2837888302849412
1.3913827297975012
-1.1227477271820976
0.09993449548414901
2.250415445016497
-0.4020489216093702
1.1993583184692111
-0.5969334744419519
-1.4489631774539513
-0.06081484769557827
-1.836728625482951
1.576356675347908
1.61870640501226
-0.3127568267745441
-1.510929938053029
-0.9670488866044304
2.760885273335525
0.33288381484535823
-2.2534007362361894
-0.9348773608946888
1.4838798840081375
0.16901098958404803
0.7724871590746095
-0.6932146226242123
-0.11283664794608317
2.169240258359202
-1.7416735625274717
-0.6043219646062836
0.1882655747342034
-0.2223720119362156
1.080948364635345
0.7255706036868067
-0.6931579043702993
-1.4160725937622547
-0.5953225856164495
1.4463897431935713
1.021767301324049
-0.77890978216174
0.45071093051761557
-1.0135310529921973
0.11381355599012655
1.4151590564514116
-1.9666940933309751
0.09905690650555221
-0.2849564049766544
-1.7407390174476642
1.7760327929553732
-0.9445253938370026
-2.544564670413946
2.2932149900124394
1.5420806793528008
-1.8549303020199603
-1.2510949989504887
1.0888650399461555
1.5122260493551587
1.8231889462508672
1.932231404579346
-1.6317303435173882
-1.4515703410684204
-0.839942735582758
0.2862392444505978
2.1830016771230936
-0.7908032735805408
0.29463988468436775
-0.02918304736305183
-3.341872540717956
0.3472843522153122
1.6083269752814546
0.9109495338780895
-0.08949611573388871
-1.3729036243592294
1.8845199434265865
-0.4043422132899654
-2.256850811875117
1.043676157819527
0.47294297470298374
-0.5110735543351707
0.7857705105143207
0.07696430582039979
1.0950494254338876
0.20826607870832642
-2.6513156355074834
-1.229741588332579
3.1406233346764116
1.1572518249336632
-1.7242860303326841
-0.10936400904237553
-1.0828828021374073
-0.8145484503260233
-1.1682824333932718
0.8038523396800337
1.9325143552760715
2.2978973751926675
-0.6980403284131187
-0.7177209744791588
-0.03754946875182308
-2.1995606779289822
-0.16101033908109985
-0.6124670282683324
0.3563385732735659
1.624306032248164
0.8530926005309817
-1.286524386890763
-0.39706523851578696
3.272444354738721
0.4603195292179829
-2.618289101480724
-2.3015900561139855
1.114555851727697
1.0822263077323386
0.17657811510530752
0.3900903245899968
-0.42158057306080626
0.46617385743871903
-0.38216807758688875
-2.4110190557157023
-0.17576788295423607
3.309762270322124
-0.122818363190365
-0.9883923792805525
1.3154874269923318
-1.4402954111488029
-0.40224939879928956
1.869652206278259
0.6461260800454417
1.6026601148366253
-0.431918420771333
-2.5733583918658534
-1.4932362173497453
1.4467655459009663
-0.5229193828620395
-1.1148501621847666
2.4876179589095315
0.6797056177972789
0.37093487636760947
-1.3280764254349973
0.5963143455617266
2.3554953257817886
-2.267189083998693
-0.32062053294531
1.163902099792013
-1.5708026130492478
-0.9877737504588584
1.1655726141087306
-1.5999836238736198
1.2253513589072647
2.5307695096346197
-1.1185371353079014
0.1988420514036644
-1.3947733670661115
-1.6689862930509396
0.35857511154581756
-0.0004116266688427017
-0.26777769365285886
0.8985421099728164
-1.115726543504229
1.0340591289942267
1.5075875656361704
-1.231155459662082
1.8602447233532935
-2.354699465295886
-1.6668930894813299
3.1476648509040333
1.4046993409215007
-2.9617452517210348
-3.1299404162785573
0.528455148897047
1.6889658185418872
1.3319306609928494
1.3067011351595863
-0.5057486292805988
-1.8510335384161327
-1.4499180320752254
0.9985866352027504
2.3011151793658478
0.8544752027546374
0.3815827833751814
-2.638475043715766
-1.1901149133571218
1.5130111425367336
0.2742313496658972
-1.8249403136714162
3.4333876927453177
2.3199797620638787
-3.1999732639463234
-1.5853139851182556
0.6076170975798176
2.06873557057124
1.2214553630903728
-0.735070249874042
-1.011934931224966
-0.03798088550939105
-1.0004763909157985
-0.1028541821996524
-0.4538209633021316
-0.2964539255484834
0.3276065043618921
0.8377554872069637
-0.14209330148747004
-0.09432525228962096
-2.0421655299374177
-1.2686202700436513
2.7219726731164187
1.3873002837120103
0.06097919572705107
-0.6000729850187005
-0.8183413903165774
-1.2734035285650607
-0.2569302479762013
1.2362674262728068
0.4857349958703424
-1.576827737312955
0.41244714760687995
2.9050156224033596
-0.40072065781907906
-0.7836084389334177
2.643721470623668
-0.9333633667082459
-1.9626905359315676
-0.7413098033434953
-0.04739104431585983
1.770214016155614
1.1302778754933884
-1.727009740858877
-1.2120303015679579
0.41294175537565836
0.3763030271434937
-0.028983999947485795
-0.8985832450349068
-0.6142183523428034
1.7406895506019389
0.2778858745608046
-2.4747303926279285
0.31861239542577624
2.056807349939171
-0.3531179587557861
-2.8083774360260847
-0.3192658487126411
0.4235129505730899
3.40437027080835
0.17357868638028373
-3.1464980177889013
1.5366628243902665
1.6495812858855297
1.5319015592156002
-0.5741357746416819
-2.4181058435852796
-0.9354949952759988
-1.6355623438483906
1.4430449909450636
3.263941004905207
-0.6142592163811451
0.41824603096058577
-0.10043945926883491
-3.941830750723879
0.6241990510759832
2.142022906765034
-1.792933690387283
-2.6412382570647144
0.6886892847088874
3.695509469245076
0.551539891795327
-1.3393696655993614
-0.5286425091719438
0.5507775512771804
0.35150064207724485
1.3983424244789695
0.4124646349451572
-0.6106471961727222
0.2951273490505226
-1.4719543312381491
1.1922882714978993
2.422112031707216
-0.06285985713390807
-0.7811527356918047
-1.7916793245157032
-2.08115192347708
-0.38130227864370725
1.13620389567729
-0.2176528478908737
0.04343297426721873
0.9222657562329959
-1.1443658806315988
-0.825281042665382
0.019858498783082434
-0.4575575638561791
1.2371935414042987
-0.18509296562784483
1.0277631553307924
3.636710511125118
-0.9783448795566789
-2.445179419661612
-0.20088739438127334
0.15084040532906617
-0.18977194372337736
1.443971069569519
1.4933214613907924
-1.614112702587549
-3.211386164315875
1.9631367015116374
1.5622127485923705
-0.8974370397266582
-0.5052545138225671
0.22643815100401277
2.333545734119591
-1.6554420192239057
-2.4362223175136606
1.7057380005398546
1.394538794029315
-0.7209378431317834
1.118400873421305
-0.9730053328834939
-0.5212096322568713
-0.568891559227732
-1.5962937698076594
0.9249665338876109
0.9835921300209405
0.18606706985188667
-0.7366606185573785
-0.6986058979678603
-2.6481690332309364
1.21074859460451
3.70150552645752
-1.8785274004708368
0.21185904302365466
1.305212686468456
-1.4071911384255005
0.8989822418273151
0.8688274537964745
-0.7349118888881122
-0.4087891654839315
-0.655288524750725
0.5243751040664699
-0.5430326460216438
1.8777727446838235
-0.8017055084230005
-1.1909846751137347
1.92182543311213
-2.6905385686254837
-0.7553345215849016
2.0795281839826916
3.6392931248326783
-1.1698610625968673
-0.1477353116855138
0.21583202744992097
-2.4082416613173647
0.1922291089018255
-0.7617650044179922
0.16815343583894893
0.6920764745408605
0.6409541042912188
0.9892234691149169
-0.3969272648833747
-1.613059565358482
-0.7201998342664184
-0.05312024568130247
-0.04313395976727108
-1.2229528776121374
-0.3868253356699574
3.2308617163188176
1.1145349940062732
-1.175193760029087
-0.006476395451307515
-0.5761503365474169
0.4409115684267958
1.0362028815734823
-2.4592747566908266
-1.4864166654547972
2.530515753119616
-0.5705323341149736
-1.2729742288829948
0.3947210446599325
0.6998470155527132
1.8771021991084214
-0.08238191291095445
0.8604641827189647
0.7657182566049999
0.7833962597956678
0.05751430062534402
-3.2335169335989473
-2.259671032914058
0.452064027487587
2.0362201495333307
1.0628857525578261
-1.7939674559863246
-1.223117122288522
0.17032366257590814
0.0705052320740326
1.4030890063439072
-1.2462145691364814
-1.7397619432794462
0.31879522424208695
0.4397654125408397
1.4231632005757993
1.2968294402334921
0.6539384352532454
-0.06939099307745078
-1.517410225074143
-1.071594476954632
-1.6050490900941579
-0.06517251692941273
1.8434505979841211
-0.19760825738440146
0.788740512184971
1.8235793491910672
-2.118699937131136
-0.6269393826853485
1.358512789866489
-0.38529890711341447
-0.9985318320356024
0.6802732348635931
1.2859914141388515
-1.4031812717790095
0.9862298780547998
1.1431658595184615
-2.6505334719031413
0.06029989753132908
3.7254959200795845
-0.049682230678115724
-1.784583108350898
-0.8216057511343149
-1.3363559948578134
2.941225558278002
1.0639880948293654
-3.954549948064837
-0.29713685599063744
2.401757161290642
-1.1316123723595268
-2.9378900747712566
0.18639382710103125
1.8136067612373552
1.3584208402946103
-0.03428989143391173
-0.6704692008306399
-0.3496005139376564
-1.0847705409184951
0.8981536185838814
1.8660820048005873
-0.8401051835973075
-0.009398903150864446
0.42081720996624633
0.4400114687018156
-0.20168012581701136
-0.2634840982096468
0.14217118945667287
-1.3748069272727816
0.27260312522953606
-0.13822235114140236
0.340666591615372
0.7623815745360244
1.0376545101193662
-0.7510327594827819
0.39481323846133387
0.5241503933328266
-0.037014927417332366
0.7499829552612791
-2.3794548273344995
-0.49705176734910794
0.3492068967748861
-0.06327051503670483
-0.31548254250707886
1.0154840774893616
0.2371907495825248
-0.2942596858298732
-0.40437255704443187
-1.4088785144873597
1.0957569838830699
-0.5444561739734962
-0.5255507374793219
0.7410124687709927
-0.11950837492294361
-0.12548097508815148
0.12881621153273684
1.2324396865803413
-0.7652934119345423
0.4058352363661791
-0.5500206224884086
-0.31855413603576077
1.999492126541945
0.6735009792672791
-1.5022478669721675
-1.0634048094366708
-0.6201826009415368
0.08259310231833875
0.5431114543456143
-0.03891756773937398
0.09132758774989469
0.02628565081549146
1.187563621809416
0.194106133789135
-0.6731448496672424
-1.845627425098534
0.7448865032101875
0.867952324137471
-0.68165364889593
0.9179617698004272
0.46446260568430603
-2.8807267971062065
-0.4058083319088569
1.5304228932960424
1.1646229565841164
3.7245537987377126
-0.18642244539113895
-3.850793094643332
-2.145043902332003
-0.08363163849137023
1.006495826584608
-0.007238606098688649
1.1854280760999603
1.2448125536894958
-0.4855840419007627
-0.009966600954746177
-1.8444965914595948
0.36799041632890683
1.1567213972550112
-1.0745593549502772
0.574168011374727
0.11006215955496301
-1.932749652302215
3.0790389979972574
1.1097312315092043
-2.1997417211428423
0.4857314749282634
1.492404541886994
-1.530259389425365
-2.4852884490937255
2.0091465593816102
1.680587541878188
0.4679467396804189
-2.135192751504987
1.2021271200078676
2.5316450720713473
-3.132189762356621
-1.0642621078431782
1.1369228388231212
1.2284443937431793
-0.3824592762500822
-0.7565574133152445
0.308949121718064
-1.7695890345348646
0.5492752597306247
-0.7362489613634975
-0.614405131681491
1.1358684652865403
-0.025986968877615597
0.372239620126058
-0.1716662871347473
0.1786462126233785
0.5746552496715416
0.019038656253552888
-0.48530907936456824
-1.1247952886614734
1.7996441692499119
1.0058829599173529
0.08398076338813798
-0.10915209803714057
-0.8712490411003179
-2.1279911193733305
-1.2376398805222195
2.9201210419354626
-1.6039301304987221
0.21257634397078
1.533593327060389
-0.21090742528214707
0.6651404409365999
1.112790509849579
0.9803128176206601
0.31143775866345136
-1.8989670341757736
-3.510344637306583
1.4943452911933908
0.9891236253196866
-2.2431030571083372
0.8369552666705964
-0.20410247627285383
1.0966420858595782
2.289320841035918
-1.424706650541515
-1.1177322344391447
-0.18648518419642354
0.9035308187205588
-1.5314129707239466
-0.23839139179297705
1.7544811789083923
2.323369584211142
0.16595996332550694
-3.0150859670138
-1.5520266100597087
0.6513101567035968
4.083723341237817
-1.1709872802332875
0.07856834568859172
0.9892495506027552
-2.8972936551316844
0.019609302848928273
0.6436615095608011
-0.2446814343784559
-1.1712954426837636
-1.8888106339062352
0.49240936256504997
3.185275671520194
-1.4867088411114961
-0.6717672452897523
1.9068507346100732
-0.906751365315742
0.3929106074572578
2.120843412099575
-1.6956629475497027
-1.9414465745412468
2.2725503858675458
0.1956154660123615
-0.32870997897018006
-0.49637925919583403
-0.811504034513854
3.003126533706837
-1.13091218341865
-3.1540956645331995
1.9032498403667932
-0.5998456605383461
-1.8335530967174918
1.18957749076018
3.278769347891391
1.1168740574540705
-1.9097752029116966
-1.0966204274614006
0.052359411154940194
0.9710659228614057
-1.6000395161173335
0.313537882283198
0.9289823439007772
-0.5341271281124563
0.9313829940780742
-0.8342376524414972
-0.4007129528230404
1.0723002389725527
-1.7551093625350511
0.6464957591629933
2.268623264771574
0.682752443549878
-0.48390172310899965
-2.6764775989752687
-1.7263538135982308
1.9984567439403786
1.404779238180066
-2.126566830268514
-0.2566184005104902
1.3204627770421826
-0.9713254546748484
-0.06916114337003432
2.479687232494782
-0.17198904040642338
-1.0480869967873185
-2.0663109009782623
0.9886118774351226
1.621100243393854
-0.4750700649329659
0.6811178036878133
1.2515532461349044
-0.20669195962806725
-0.1480110673432724
-2.2547772720419674
-1.230193110670898
0.7309858946963779
0.10440058156366183
0.8299309486786045
-1.6709483522200097
1.3174235543948996
2.0041072951765875
0.678360218896461
-1.3488531896129723
-3.443870628511439
1.5553901714314646
1.542581618101043
-1.4407966228255704
0.7417257291587044
0.39889837594777344
-1.1202889977996473
-0.22937709505817633
-0.15867463394120007
-0.7905950085777351
1.3608736844088756
1.1514860909773925
-0.9694061102357908
-1.1082871331169617
-0.4018955660550536
-0.6154325009589301
2.406919206691492
2.4730572475563832
-1.5255296878060096
-2.744144090840275
0.27181758870155315
1.6104258940345972
-0.9925665624017143
-0.5973902382067185
0.2493306715481875
0.16762707845673663
0.7955445278662336
0.7265494265605446
-0.2121434142070271
0.06299754074625905
0.4724450671859708
-1.0793151966346684
0.21138406914874486
0.34320946685515574
0.1390239216359297
2.2066203847062127
-1.135289313485338
-2.133211208801784
1.0893527729546169
1.142647110892053
-1.3628309316636464
-0.4265301659864938
1.0959823276460257
0.18920399201349797
-1.6506248345256573
-1.8456406019336664
0.7339518755988448
2.011230901410595
-1.350084872079789
-1.6495874478479786
3.167498496633108
-1.1993213706310277
-2.0007493336036295
1.8594144967961312
-1.5632109195018673
1.0705580531960885
1.099222038933166
-1.0877174325957994
0.11276605552577956
1.333701375084366
1.5494898033705198
-1.7015463515034968
-1.3703893304072783
2.416902569958711
0.16895444386129438
-1.6507236423606644
0.1289156715512343
-0.7076698547752897
-0.46328079386639315
-0.24581755894822965
0.8754527594934298
1.4745852306678586
-0.7164552893431155
-0.7850788754854199
0.42514973440762865
-0.758228808320581
0.21114827506499467
2.2703824612665815
-1.680867513309848
-2.4387502991105316
0.8417068995558957
0.568636026916554
1.1752306329420605
0.08165684877128765
-0.08372018883556698
-0.30195444034708885
0.9554886992961632
1.489173810033242
-3.0873939077514785
0.06677243219323714
3.011997822426963
-1.2374239778659137
-3.1357289462944093
-0.030132770723922675
1.1632167444953874
-0.09330118979126911
-1.2521561658253297
-2.0203504524733775
3.4112589588463815
2.6969872380392634
0.21124416212928376
-0.8077513003864618
-1.598164489442815
1.4638633378977173
-1.3745904450377873
-1.2133920199369084
-1.1103420558945958
-0.343074119820146
1.4632041492566117
0.3762148776065626
-1.9837689640056908
-0.10000103614197242
2.0243781981662954
0.48931931911837495
1.946949082505541
0.3900080950640342
0.2773408159359996
-0.9310823234790806
-0.6041133987107945
1.7294737678963632
0.8036372268510565
-2.4565404523240755
-0.0033912306831846983
1.0977172677945917
-3.5816859114283686
0.5704433586801365
3.5413188598825363
-1.4332093267750134
-0.1613985602527992
1.0924400436328765
-2.513260418094317
1.3009767257931226
1.8914021392104985
-2.5608716176352275
-0.6669927707149568
0.8306383930526533
0.2742996087519217
-0.404964461784918
-0.5234009944486159
0.9691144751494676
-0.3033454309052769
0.9107012916120394
1.0751403901433272
-1.8105562462763287
-0.3971667007233255
-2.376649019321838
-2.444311266516505
2.5578118506788323
2.5362155119933667
-0.9405585608007669
-0.904914756375742
2.1566806247172954
-0.19583024371829072
0.3311178995784948
1.9358663112474315
-0.8444274628535076
0.5383896933379606
-0.27259800832926534
-1.6017377537831676
2.1391787714624897
-0.29475012967725017
-1.0925332248729522
1.2881040223667257
-1.1113929146320025
-2.0591971113911844
-0.12212774103045496
2.024981032661982
-1.3318536249016613
-1.3707298463755668
2.7480772455839624
-0.5131189836727359
-1.2467185590322687
0.8099736056262196
-0.23418287962575496
0.980346796565231
2.535707142919198
-1.514373020731577
-2.766421034184951
1.8468307464967824
1.6372834557470997
-1.3135426642244135
-0.26278074710592003
-0.8595492649002175
-2.739354604774687
1.3173333266898823
4.267137536915669
0.46668597472564044
-1.3084773834675152
-1.9556924864724141
-1.7810349601670543
3.4409792269838304
2.257937220542251
-1.4508571890722621
-1.6937267388588977
0.7210148471248872
0.4853214330466934
-1.1518976922425954
-0.3193916663395155
0.08950561957632952
0.793384747656911
-0.2950256623258627
-1.142451029160558
0.4651616720758516
-0.2750385787781881
-0.4369587233699572
1.3416468040497285
-1.6203398143604568
-0.5997521307114403
2.033219199834452
1.046879331605429
-0.3983917752126366
-0.9068277348642755
0.5944196302434489
-0.2355862952134816
-0.8603017008104704
0.2206025708893222
0.35754654412621617
-0.9519039149653119
-1.4897343105380096
0.6620915046610075
0.35289563678968894
0.49565133896145563
0.48539037032400895
0.6959544283914745
-0.12536986217691015
0.3638411662010157
-1.1793884420412906
-1.5947943963038966
0.828426226538276
-1.866654498649242
0.7599480755721846
2.0893625474744772
-0.7771927016982006
0.8703042082378533
1.5612066660245523
-0.5325417007608853
-0.8561613421160253
-1.4668181256218897
-0.9245852694121216
0.1901802634616595
-0.07595359257542267
0.6477570147247773
1.7216600264454072
0.2879329668268135
-0.8661495241587662
1.6872065314616895
-0.07551633150910045
-1.838248159676667
-0.6011717182152008
-0.5288888881788846
1.0700789128476438
0.3115420839610498
0.4603151996462348
0.7454464189255987
0.44925491487327485
1.0402521267612113
-0.5098553831541417
-2.817563862299391
-0.6543888981217106
1.5189148764299052
1.2727054952062338
0.1471243682290034
-0.7233738774773983
-1.4005215483798121
-2.958898904927543
1.2972563600757074
3.196052702501543
-0.40075700327434405
-1.2230271806762678
1.9694480893815351
0.2606836237468846
-3.354080275758478
-0.004251658870003117
2.8743503805015083
-2.6806123724640676
-0.8278624193512456
2.9029823179508765
-0.48958383899388125
-0.7204815939407596
-1.0917507379380107
0.8169564013879385
1.0853398036738162
0.1764763030795989
0.4121656724260255
-0.23781116576435798
-0.3719059329907198
-2.3476476189623128
2.056501801265394
1.9717009113988047
-1.7389248950954341
-1.1372538291047483
0.3041877699170328
0.3897287629768176
-0.7875816521937982
2.4012856982276003
0.6036676910743811
-0.9207283350565576
-0.13465920848102536
-1.5046275958580206
-0.020350390557238973
2.486509652521015
-1.9117049896524916
1.2561907553084593
0.23621186661003724
-1.6656145613254942
2.177716594617616
-1.4050897803445315
-1.6425073239492356
0.18855230653639987
1.4696887911651655
-1.7180476874103872
-1.6950764831764458
2.27673308017037
0.9994665465372472
-2.025587505212131
0.9260708775821587
2.7976309085958944
0.6284418140445256
-1.0587567500577202
-3.3052587132373388
-0.32754319768759554
2.304305704020764
1.635996659013474
-0.4413115060688547
-2.0218478082490696
-1.285137097938882
0.5772553535932169
1.2239987700164348
-1.304522242144321
-0.9432105771936906
-0.23972075792574432
1.4134080217724283
1.259766266157139
0.3543252769040056
0.7730154158641622
0.23083501718665433
-0.5232376977016605
1.8997226223094987
0.7783023547640865
-3.79424024698752
-2.0154308681491067
0.6629843777320733
2.7002183876256423
0.2619204940859787
-2.5222479670001414
0.2237047919035908
0.7973186401595243
-1.0365080467612358
-0.6812549782763637
-0.4853880062111291
0.5114778243928617
0.5107097642798722
1.3146078946419717
2.061092681899555
-0.0809325617931973
-1.4847143464748016
-1.6195417095507274
0.8865664318107824
1.8547734352684857
-1.262707258066885
-2.920474655082612
1.046924906686019
2.046094693335185
1.6604426118362539
1.0771910475459763
-2.608125790673433
-1.4095144200892435
1.1277616766216878
0.25152954674864236
-1.1963380407955884
-0.2991690036918206
2.2807299900404194
0.4340061318784355
-4.305868379909904
-1.0836797305760832
1.9848197981771687
0.15947454260542426
0.170355521624597
2.342113992816773
-1.0823182122756094
-2.102275395353395
1.2215547201083778
1.26441932406743
0.07957528068643191
0.2351899902754695
-1.4758886699859435
-1.0838853801847297
1.0640283740404453
0.130990333110239
-2.052653510871484
-0.085269464492468
3.5828592344670582
-1.1589087571235093
0.8584904509473171
0.25948489161086385
-1.641470366616887
-1.6981469727132221
-0.6404321754350637
1.6757712291729256
-0.9155192093305351
2.192775266481435
1.569351831532088
0.5393105818547379
0.5154998082128173
-1.271454117344502
0.20614834015674632
0.2515134495651218
-2.0195067197585637
0.41253843995970063
0.9527193807664052
0.979048258982775
0.6976686664240751
-2.566049651650051
0.09402267362937167
-0.6586974112159292
-0.5339963231541921
2.8077921659336056
0.3407071097167578
-3.2236361978010146
-1.2289234811828236
1.2561381705480126
2.268930642979565
1.483598974777712
-0.5231230809789583
-1.9848490635362346
0.690807537771284
0.4383871775448328
-1.5045917909704576
1.500309837806683
-1.284731170839311
-1.7109945067167884
2.423759152701353
2.001448852528903
-2.829790480839384
-2.8078789219987956
2.3024728844500997
1.3698173121882804
-1.577250203683227
1.1810935336717447
2.365365429309946
-1.9115796106423404
-2.908254473961689
-0.10048399446936407
1.1119231160790035
0.19925358899338508
0.3885100350115902
0.36389815486661387
-0.12313207706737385
1.208103105589092
-0.6235271669459956
-2.106366589477089
-0.25672832345925045
1.2135898264821023
-1.0133543086855141
-0.8215949499091025
2.075266001313169
0.8671010958625651
-0.8024695539628813
0.6830713819872967
-0.18244478229101002
-1.849474934333272
0.7677153032213626
2.3432963149710426
0.7608691144550791
-0.67600757893924
-1.790451178123798
-1.9872117096683772
1.0576984433800931
-0.29486576298527734
-1.4281462325199497
2.8913748856616963
2.539839340240343
-0.29685475094040126
-1.5672963597243483
-0.8595033669057968
1.4868301142479035
1.4667153265224793
-1.1375682794106459
-0.8411854034571545
0.3705087338436429
-2.000843362118231
-0.32848788899428116
0.8471144971877986
-0.7449894808844639
0.7365271789227115
-0.35200402047703994
-1.0084548575631254
2.412333450827624
1.7029802329790944
-1.2021035856867515
-1.260760580704765
-1.9741277984236087
0.8071462423165372
2.844946286649125
-0.2480571787688517
1.1162112731182467
-1.4174036935675896
-2.099812705453001
2.185714759783888
0.8656401304145297
0.01466482162760796
-0.967886866337119
0.46635924050859134
0.30887620965318896
-1.2268650679847644
-0.668820830099528
-0.6640150958112517
1.5870615078712949
0.5936245040923981
-0.9735242653902806
-1.1923987614485758
-1.3413542562617222
1.0952387754760733
2.6868168272478927
-0.2494920396963225
-2.4876585163953253
-0.13062232556089454
0.9376711313917743
0.9455148503625423
0.3506994071642896
-0.7726123715065335
0.6274300193165807
-2.4641430426814064
-0.9837264941101407
1.8887962591989984
0.3070595924666324
0.22853207582568258
-0.5186799578241179
2.3042691314544057
0.07990317809927
-0.9558933650798702
1.3199330558382367
-1.577293377694414
-1.174746409389654
0.14982987227553168
-0.3023734954273277
-0.14573833748186682
0.8167892710542359
0.645732456945853
-0.735793584659949
1.169845888288948
-0.10477626741784252
-1.8570844290402562
0.2180682640762418
1.3195770753691043
0.9654364664590915
-0.3767042626748045
0.1571855883950305
-0.44264877317528417
-0.7245919043822807
2.6128026382604608
-0.7789142350193238
-2.728240940700208
1.3668407684870187
0.5290597853922081
-1.9219002130983402
-1.4110398468554095
1.294207666681707
1.1212257603519358
0.31108536549812
0.4245740957553965
-0.895818456450409
-0.5096602652488711
1.1261322343821596
0.28911825451148
-0.10120979571392719
0.6592846583334493
0.5293835075423531
-0.7734263144391922
-2.0522722363362
0.8045260999780393
1.615001139103291
-0.6622576615268078
-0.4863540696858392
-1.1200277458423404
-0.8343247490615893
-0.8373865281937305
-0.27594292038879087
2.3981472200517326
0.7410602387665679
-0.5821080053775207
-0.1457282704596563
0.6621083591703727
0.2894131394127983
-1.2334186328319228
-1.308178319473055
-0.04556291605377394
1.2310238588173457
1.794138648832484
-0.9312531566824886
0.3982476111372639
0.010014641149343362
-1.8325339245071344
2.0837683064644184
-0.07832533317565232
-3.1980838369396545
-0.026958998733049966
2.1905976659699244
-1.3101654193548644
0.685027092559613
2.183086165877311
-0.17592571490964715
-0.2190111294243086
-0.35573860585677247
0.09867599400008112
-0.23078084678921215
1.5094684870708577
0.23789490187441953
-1.260191174191561
1.7324302961989622
-0.5594337596442875
-2.775282002266107
0.6062479628437736
-0.15172525162493333
-1.9951953649405911
0.31210440476864043
-0.04859687748078967
2.8557757066933878
2.1088190322045364
-1.4393599282092495
0.34306913076778667
-1.1944968676118968
-2.038621836486813
1.3102295786665203
1.5700756973858179
-2.0744587538232357
0.26283263700614146
0.3933432895032142
-1.15267048428643
0.4073237069420586
1.5701587092195983
1.037877713137465
-0.9432272690076222
-0.12075578989927932
-0.6034881064402192
0.7558294002454933
-0.6055999061141393
-1.9454406966926063
1.1147823498354656
1.106904862769067
0.44974668972010573
-2.5424110276574043
-0.5820626584612855
3.291377672359273
-0.1510089314571353
-0.5849902087996943
0.6555734525596585
-0.5467266831210336
-0.4500252045260046
-0.6663395219675247
-0.42189931777707274
0.5357179688228333
-0.8737152772988215
-0.7322530206206312
0.8328961307292447
2.221851771952464
0.4047372910152766
0.08911553413028295
1.118130495691365
-2.0952866620733626
-0.45366281545154685
0.5048460994076891
0.330158712940668
-0.3103604353603294
-0.5589341861260898
-0.1617933574858772
0.2831519870424759
-1.0924338170811336
-0.06133258114746698
-0.5095797386786258
-1.1194395334205716
2.157196136927813
-0.0703804535959538
1.8558667232364325
1.5869814560268836
-2.5162355801427982
-2.214742600104756
-0.1107798911015142
2.467356769260115
0.7857562232601275
-1.2809115653444076
-0.3321361535573078
1.7323910569124694
0.8794853761079244
-0.48215565405053784
-0.3017814692117622
-1.1961121351655983
-0.7504596163940127
-0.5227347947204423
1.5891413336006859
-1.3916141363220553
-0.9766166667933313
1.7070279533786819
1.3178888767245538
0.48100253274537097
-2.0033713054127347
2.305940414743142
2.831802505924486
-2.4399873107066155
-3.5733499550714343
0.1449213534336041
1.6408687777878035
-0.4438864635539984
-0.38448167513692555
1.04921656876576
-0.7227874709644498
-2.071042813202192
1.0313513064055004
0.1918909758633054
-0.898210275808603
1.6256398664953529
1.2466872125726496
-1.7756462648844582
-2.6710472212741516
-0.20030992908628975
1.4941858048853929
1.7394558769633695
-0.16801592298422885
0.39362208654185515
0.2681114103271932
-1.006691881112794
0.037490626881869105
0.29388162966457154
1.3972379135993376
-0.4552439988552248
-1.4487860764282323
-0.09216957894746597
1.0591995219489676
-0.47114312766729843
-0.3106855592903223
0.23617497250923747
-0.7781512427654322
-0.23833473880945022
-0.5162646731097998
1.738530265830958
-1.2432280066284642
-2.0368614533416576
3.2252168391864737
1.5714564564732934
0.777480385095834
0.06503152671564683
-1.5719309104940227
-1.284115777246666
-0.7124116690754647
1.2506588334941013
1.8957127119374895
0.3831752256482143
-0.10513655169174196
0.4510109316987334
-1.269153740350878
-1.8656023397583756
1.710878010870615
-1.1877998066596445
-1.6815957506778498
1.237201994649944
0.5323065422644387
2.9085041558369022
-0.8439726784372639
-2.5649786933582335
0.08483723118545144
-0.6958366727265857
-0.1636554151299794
0.7553582229106415
0.5023381046293717
0.4147567938230886
-0.8034840972736645
-1.6156476276234402
-0.7053914360947054
2.0416170552265545
-1.3012659234681918
-0.33483787471106524
4.000518361180367
-0.5555684132036132
-1.9115246216179247
0.7339275408767232
0.9595722825526051
-1.309219502651469
-0.6545789426533078
-0.5499921875706865
0.11254944758305072
0.8384173472252707
-0.21416474363063923
-0.7295839926363306
-0.8490259524453496
0.6727561972694195
2.357005828242646
0.9590819433121984
-1.3036568536980524
-0.4801418214523532
0.42200154774989923
0.03950624439554232
-1.8916113701330597
0.32457360872220936
1.1094491783683647
-1.2162714365639844
-0.31841665182018186
1.5247008887100906
0.9207265559956376
-0.7974626894534237
0.02794474828497496
1.1578460031763806
0.14159616140155315
-1.4430867557043698
-2.6292132218520887
0.9014910227970107
4.036003759021191
0.16965801485763898
-1.770044592425711
1.829285121980273
1.8551739782829175
-3.4363517124256036
-1.9122557768179056
0.2819659706677654
-0.30569314455702595
0.4127775366521229
1.0531924392086007
-0.052333883774400514
-1.132755324084191
-0.2812670848296983
0.7701567578740115
-0.6274368744647149
2.2025293428516983
2.5366700965589066
-2.973539288662834
-1.456926586694391
1.57696960071332
-0.286971004303423
-2.0225616450828587
-0.422054994309425
1.698370619540003
1.2856642141712595
-0.15078671570972285
-1.503896699070048
-1.497848708960099
0.6237867486793374
1.5477786940783416
0.534722897557537
-1.5111446373046984
-1.1273592185298305
1.2330371130907634
1.3498477736660301
1.12037048588277
-0.30939355399776747
0.3173930994968348
-0.27603618659847257
-3.1820821678075504
-0.6946874555487865
1.9378296112193472
2.9471265413262993
-0.7332486733020898
-2.753758275646298
0.09590205304626401
1.3307734507164035
0.8902226902688375
0.4023730627283095
-1.4268121011251338
-0.7910311585495642
0.9405561433505077
-0.5611326742859385
-2.0997973525589084
0.447057469709053
2.669384495231543
0.9411412817693676
-0.43303143193397975
-0.6705830099019667
1.0444692313106283
0.7459568607410547
-2.794391074556466
-1.4624203973016356
0.5864215897402356
-0.9449025819287442
1.0128140381529096
1.5052794350613359
0.4324698665395731
-1.8530582915320513
-0.6907549725987387
3.0359613230956928
1.6365948916744228
-0.030540883574928568
0.27446224844652356
0.7784312258994801
-1.8213058653889107
-2.9499027750757048
0.9472509343664638
0.8265323926976514
-1.2506705796750246
1.7566731974344445
0.290532221059307
-2.0349094067855766
1.0938882266168495
-1.1690211221611326
-2.9998302665412595
0.8215443592822486
2.94103010297792
0.0027226710360004347
-1.1711401875075662
0.573066509746092
0.5262399734493721
0.47458676352318757
-0.7270682220595746
-1.3132964293457916
0.39831037973372574
-0.13788325793144596
0.47383050504005964
2.8463229377493438
-0.41670337469336566
-3.165997436671349
1.0584826185435727
1.8402852288957512
-2.486911900812637
-0.20393390704578016
0.1389539276796108
-0.38141510055309413
0.4455278860720806
0.8035484826786534
1.577374081436526
-0.15909854530121315
-1.42089994116091
1.4065386447732067
2.4974256993069206
-0.352268991410428
-3.6008127991275414
-2.452560357261662
3.1115358132556103
0.8228972806405284
-0.2188362745854524
0.8782583445479911
-2.5882475866878654
-0.12077474981266334
0.5807240092680083
-1.4275982291756328
0.9848959918538951
-0.63748130140778
-1.7976384224921005
0.6214318439211041
0.034884780009002636
-1.5447111740443855
1.3577119540649425
3.12935460574894
1.5677743212649689
-1.3721183291855659
-1.809866501096752
0.778855103538941
1.2562117884219637
-0.9732685557179175
-0.2820352264533931
1.0063202476300992
0.16236415615283473
-0.10477861760519716
-1.641691447317555
0.06628126181055094
0.2021220308991174
-0.4790422597905998
1.3755641951251816
0.6587243827131923
0.4977383073308096
1.4900734734063261
0.3505250790048715
-3.470239108832428
-2.098456341757372
2.82820076591652
1.4059718501473712
-1.6264227339404758
-0.7311637575587631
-0.7932705240687146
-2.3540389531340993
2.9968869857195086
3.2341347491235317
-0.6430360427329769
-0.8380698469986158
-1.439262286357235
-0.2060789001536569
0.6896617610877139
0.45548404179130314
-0.6964670302115286
0.03465955940754961
-0.6848964384996905
0.69438778981865
2.3493056385962694
-1.11924194622829
-0.7350616883508346
0.40252547190731813
1.1450739418390659
-1.1729638598417154
-0.8847605999621596
1.2920044929897752
-1.1108448198191054
-0.2724307898662589
1.4195134043222482
0.05948117827898358
-0.3862613444497883
0.7964503973759198
-1.7403481959210367
-1.2146298942347336
0.3325197996850944
-0.42351568806266127
2.6179269548279276
0.34618732249655604
-1.172327441020169
0.9208162355918234
-0.7455958803704692
0.67184961980276
-0.16570563185672488
-2.436304469673474
-1.5644442561017464
-0.44201070457423963
3.2524975455416225
0.22925539684516805
-3.48473275464841
1.921095206516819
2.46061967790218
-2.196981364169993
-2.315359729638677
1.9021773252936773
0.816286634182438
1.4341610694212565
0.8844462770756287
-1.0743941896683664
-0.4437543885127625
-1.369406879930406
-0.05691160103775933
0.5256495437352101
0.6549748984538624
0.4226383691188522
-1.8874388753941598
-0.10579522127228053
1.342632298891198
-0.3396276072147491
0.7772576495530266
-0.06201431181531791
1.0079725324768116
1.1440802500670317
-1.7767647896079115
-0.5176204626983619
-0.4895730552846477
-0.4579377797565368
0.7992583383823391
1.2478097484679636
1.5456843121313295
-1.4110918429308965
-1.4556019209076907
0.8956712920411014
-2.2312168573868827
0.1273743616795937
3.7974971552333217
-0.5837688481293501
0.4488601802906036
1.1290472333387607
-1.7050320513150536
-1.079759629236991
0.26347297254673174
-0.6097723244687876
-0.9020414115187398
0.26353201223185835
1.4055279304920887
-1.588021107312319
-0.3584682174420867
0.5642612942675378
-0.6850532273170089
0.9066282888124956
0.1766145872122898
1.6016896032421926
-0.4287757612382276
-1.448443320367615
-0.677382002652914
2.670531540681309
1.6649409001792592
-1.6443454874726542
-1.5335070913940672
0.019113795353855934
1.6913160403056555
-1.232481912105024
0.03638970568116695
-1.766745218854433
-0.8680578611663401
1.938951912986572
0.6467373010284058
0.8559695458993879
1.2540680774180366
1.2094630412975027
-1.5062346943780427
-2.7456463730456884
0.555764258658037
1.3704822677441517
-1.1095983581736917
-1.2026251712399882
1.9936834788054973
0.5524471124156809
-1.8839599353180259
-1.1282298949145688
0.17612543629673835
2.2903632206241173
0.7561943768110477
-1.9384640304890939
-0.8478999955083707
0.3344639938233845
-0.8980081426435709
-0.02429177579531938
-0.12385512261114318
1.4356285673963252
2.0465225153019757
-0.5778535679041927
-0.40476103003360253
-0.36594077263819313
-0.5351018197692976
-0.007680134136775655
1.1269875438672143
-0.40796745594722744
-2.00033017032735
1.2395265658514238
4.0227873796459
-1.7223477581966193
-2.2740131856264094
1.908118933972288
-0.362990421430049
-2.539401979151142
-1.036854623434682
0.08639542484572149
1.2577943844035093
1.744862009478125
-0.8334319054171059
-0.16680237441277052
0.23017660525728195
0.327128187526328
-0.7488169371452127
-2.517605375614498
-0.12014632581459711
1.1338300594998174
0.42949584715759986
0.23607581088551377
-1.5885943797650772
1.3250406522872746
3.0500668032989378
-1.6272255612023083
-1.437243566462927
0.4279446414127758
-0.5797983842081539
0.20667123584572522
0.7590962616742829
1.5950355731622465
0.2687635493480892
-1.0150832591327679
-1.9874831700625866
-1.2707126885693236
0.5113850274757963
1.2199353184950943
1.4002054987300918
0.8551543997954832
1.0716397648855942
-2.5022178384262146
-0.5295622009660998
1.6504856422227878
0.007301485670539121
-1.0356558602951655
-0.7751088535399452
-0.09641638599844782
-2.0650995750225016
1.3926460502736515
2.7946715536557676
-2.3631921127484974
-1.496352948432004
1.9266103957523792
2.4632606223590265
-0.5339531146363351
-2.0626846412216278
-0.8483764115222328
-0.3569612846381531
0.5093567118493582
0.7731574007514531
1.9498518134104676
-0.6485353922488962
-2.022072134672651
1.895699477805103
0.24835599846594036
-0.8819670271977255
0.9071891175038869
-0.12178609854082895
-0.511106539975203
0.3791754863525976
0.04323806612670003
0.06668076343448803
2.3233528242549846
-2.2459586094201245
-2.0075364650629073
1.3056181964233833
-0.6126278368411312
1.8125799348265583
-0.18653515235929619
-1.8166023325918454
1.4151325697662465
-0.5515684290714106
-1.656883768930911
1.2992580051255838
-1.1888843581869404
-0.23276613737198315
1.4464133161364552
-1.746527423413819
-0.93816244145948
0.1683266427112382
-0.7916181652406635
0.5178189982632911
0.3376576922105441
0.43589349054074333
0.9308814996744013
1.7963492773282927
-0.3290934017259399
-0.07101293779761919
1.189811895589675
-1.2706970243423983
0.39134367536385484
0.6767743597415443
-0.23511136937987603
0.5091088569326909
-1.2213198940944558
-2.7313561390385903
3.453528206334596
2.777857410288746
-1.6048379255730234
-2.3426237232180984
2.3030259200409278
2.05134449236953
-3.372871721577641
-0.8225303631496583
0.5680192861468591
0.41874233273688977
1.1398378986338928
-0.31823192820409374
-2.3755682237824907
0.5392904249013515
1.7009873828622792
-0.0759068602314209
0.4587314461978991
0.7988982035683471
0.13821241387505334
-1.214163459937612
-0.7688629251560595
0.30237426770782094
-1.7086852824476313
-1.2679598000567949
0.9972144553539359
-0.5837519088938938
1.0694898339743877
0.3019643330634023
-0.6902615781523577
0.9101560230012413
0.4766157098825452
-1.3209386984249138
-0.6461492673252313
1.20725893615199
-1.1735550939268145
-0.7824309183438412
2.2575879414455393
-1.2482914905425049
-0.36856350408599065
1.138637192364221
0.200078822079986
2.8308299577588882
-2.0910968975335757
-0.14074404994334855
-0.4478017732651447
-3.495921049548838
0.6732749390938997
1.4363968480700156
1.1087386369374332
-1.0654995955703443
-0.9438291255616057
1.5004519996146128
0.668618893490782
-0.6218360156357232
0.8708601331063901
-0.022668480265105317
-0.18653011974954764
2.5629785663447335
0.41167701653892114
-3.9048424225615985
-1.0356853406536133
2.490126769563666
0.04593962685648828
-0.6822920970357755
1.4699017953218645
-1.370840529623734
-1.4722867626112264
0.6014694120289786
0.5423287739328602
-0.11148059928597498
-1.2534576033271376
-0.061576122331607364
1.7012552487784012
0.8876257166502418
-0.5166393171875598
0.31541919608154984
-0.3400539815577454
1.0008417239042684
0.7880813436129588
0.1920940779848288
-0.4826756375851941
-2.1109583388645707
1.6432028478157967
0.2683487730869257
-2.3151391391149585
-0.6532085837649944
1.6222146404191902
0.5232304340029683
-0.23813717033291237
1.2626325189266498
-1.4139421420531244
-0.5000176489063354
0.6946728746175078
0.6657716219058323
-0.0427867317015706
0.4883781140103315
0.23551123938324364
-0.6122130130045282
-1.0675398782290246
-2.898107534937452
2.287899717561098
3.559215057637658
-0.19637791707743357
-1.7374540585298412
-2.1677777896677872
1.0695419690267625
0.5166249599801265
-1.386850636118866
0.14872274119899814
-0.8862717713272059
-1.9537538987786265
2.2728138720674336
2.308117429796934
-0.07309781514057201
-0.13069863970595386
-1.1161013568516134
-0.4008830851052887
0.24123570880923048
-0.3878981648792348
0.43780612884032866
0.7718500662986363
-0.6134276606259095
0.34382227556226475
1.3519638115768469
-1.583477713261773
-2.8398959423268044
1.8816341713075788
0.8182468438709058
-0.3698911011328216
1.7261981233589085
-1.0561922448849594
-0.5240263897449666
-0.44675058201340534
1.2220074808735595
1.6032189741449523
-0.4496915154093617
-1.3004942734147589
-1.0111098403338021
-0.741727315845453
0.46932795862132787
0.9911669741685588
-1.0712320230831802
0.00886992270414666
1.727808053902835
0.4912729894876895
-2.0285089946785653
0.7143743826339393
1.8425354756183827
0.3748393108540141
-2.1698673761299947
-0.0038501440540734677
0.6184636240572287
-1.4434489271633693
-0.7661761122577687
0.7095278148047285
1.6304560239640573
0.3780984142785931
0.26591729914658085
-1.8093178033486792
-1.8711238658606844
2.2040007644374935
0.5412397467517981
-0.018714679810907464
2.08199571908626
-0.14668759224615335
-3.020659598420515
-0.6742169804040095
1.718480909464265
0.45700829287375827
0.21124905875323827
-1.2088810236323506
1.447593650486009
-0.3132688003610654
-2.1870302027424735
0.16860043653468038
-0.08630318441071794
1.6758327368642063
1.1894809975519478
-0.9095275652770527
-0.7207787329417396
-0.0038421271887831426
0.9942798609048185
0.015107484631762438
-0.5812737980030835
0.3050444258507988
1.1082124240233577
0.8227578819841426
-1.812864110360103
-2.3820132553428595
1.351557366825503
1.4610052846452408
-0.593768669980628
1.1420466905645712
-0.35189462884420786
-5.007675194641733
0.5508139553914356
3.305329155416825
1.9951752187698941
0.653042949041241
-4.289026263135355
1.3948048325582114
1.1029890878366897
-1.6736130112176038
0.1708546962684645
0.5597744645340598
-0.20074870322412264
0.3876462912593167
1.6713926489433597
-1.2606087925820297
-1.1348733889295428
0.19439281286085372
2.66745252787907
0.076692933583473
-2.7756164311624443
-0.27435932843784444
-0.5218028638525416
-0.12953615014249661
-0.4954862092078234
-0.30919764451485193
2.022183732088167
-1.0513837802506671
-0.05571591462457959
1.6094217482950754
-0.4919806258116117
-1.4943706608178076
1.2333972653630045
1.3172769752544373
-1.8565550916616687
1.0990548292825733
1.207400549088587
0.14522977763119027
-1.8758753868814855
-2.5249781050797973
0.8824073885921895
3.5242107084846204
0.08444176078432741
-2.170920953717709
1.2674321732417981
-0.31594700577028945
-0.5434591071096974
0.18989817003100273
-1.7762470271319106
1.5630412665560374
2.619923682994641
-1.7835041617679277
-1.5780138741634044
-0.24430778210670245
1.2389151210396294
0.02090984404691132
-0.9391172554672998
1.443020829090655
-0.004114237834477147
-0.7974199137524026
-0.372863919290978
-0.5039143832875789
-0.8967943896851917
-0.4345012377362022
1.2568652963845077
0.11140960637893738
1.6069983715564504
0.26128518150425384
-1.7475207161632682
0.47175899636751273
-0.11079021856134252
1.19187814800952
-0.7916086722219593
0.10826602150407927
-0.05656410773864862
-1.141242590514885
0.6930225220030674
-0.8086611491369748
-0.4752405721012226
0.15259106889655405
0.1569135823425617
0.07334987666837722
0.9818339958974496
0.9567373483359061
-1.3248202195363663
-0.2839439182230601
1.2728664315932177
1.1726927988118196
0.1546129942966939
-1.4021579691633652
0.6221322168354174
-1.6974434029509533
-1.9789746395713526
0.6414437601720187
0.11195320481377868
1.4031138754268255
1.163122568167886
-1.0401163746634594
0.7406822067832162
0.7537297201133153
0.8850228239743576
-0.8012046817505558
-2.558599026975119
1.3108829565843654
-0.4080142635104612
-1.8829267505278997
2.5601725131932103
1.1939052260382357
-1.2202465310890176
0.9407091140006314
0.05053278908051345
-0.6511539116307785
-0.29274750822890017
0.8781685984054278
0.30570072972623086
-2.178258688880704
-1.420131465269582
0.5889855585735708
-0.19260659482285647
0.8462034684581958
1.9870029240132983
0.5932244453797578
-1.9309765399468524
-2.3040104380276514
1.5130918333984338
1.5420678913941754
0.9213280652616729
0.3520009052164482
-1.5231637593822835
-0.8512426662022948
-0.25871549906692715
-0.9650136249022377
2.0065571810699083
-0.6333076415491361
-2.475105331021934
2.2348885211562948
0.2011639027344544
-1.3718496117859775
1.1483348330814274
1.0687996684604852
-0.6916443706829629
-0.41860042103456496
1.4625041282404898
1.1598988115056204
-1.756840365076119
0.14094651833919936
2.000824810803489
-0.4918107438336406
-0.9129853374667127
-0.4406563081207335
-0.2645475186952085
1.8182901794793287
0.7863313732280364
-0.06405217019224718
-0.17361788663853783
-1.173341972853064
-0.17383340615843745
-0.08321150989177448
-0.5301073650300485
-0.9768670723482759
1.025492541121715
0.43635536732557695
-0.4980616462184556
0.599010302589683
-0.6276386851766149
1.7322288727658233
1.1807394875378159
-1.7892993248130151
-2.6705653417805313
1.5767868652205725
-0.5508666344986626
-1.7543482359875413
1.244129287167593
1.5058362613342093
1.8016409772747697
-1.6333971136559362
1.3901766729944882
-1.0329802467835905
-2.142588085092421
1.9005222966444981
-0.6753125175723796
-1.246083801894067
-0.7147919979987265
1.338144214869246
0.9187698674329339
0.4274005529937903
-1.1210178011235103
-2.1624025786443197
1.423002668714913
0.793568648091023
-0.4800136282276306
0.43875271162093393
0.7739720461855136
-0.8720950969292112
-1.425633460762818
1.0750361713075745
1.8972115494900388
-1.055814289737255
-0.13507935016631567
-0.3160988630020996
-2.574121526592299
0.3536518014025436
4.831317328276189
1.4782233609779918
-4.04029414664811
-0.14542874185114607
0.9691517733521895
0.7649401935168213
-1.1275859443016847
-0.013240755318163044
1.3145841137358456
-3.485257672726871
0.03796312931782039
1.001825301905905
-1.5296735783599154
0.3230226176630665
1.6565045555425337
1.9966095737055207
-0.6974172673318728
-3.001032712293294
-0.09733761405133334
1.0797900367532405
0.17211237739733365
0.5566526370331409
-2.3389335577427826
-1.9927771734385222
3.2519149600602875
0.6271662618287388
-2.4474866208776076
0.05543265722050261
2.054162936165135
0.5328725111487869
-0.9522794530199432
0.18412738797373385
0.49643969243679753
-1.2590107602028309
-1.0096749325986436
1.7190460025982426
0.21173763919042998
-0.3112848039114979
1.3825334745667464
0.9087591454211146
-0.7332759995767713
-1.4980388094632615
-0.09063534883858143
1.4608244845747913
-1.5436564273202635
0.7983557768017628
1.5191690152161121
-2.1332441152739148
0.9526236923320568
-0.4963128819478485
-0.436681848491394
0.6520049246739816
0.607931369036537
0.2642786885165417
-1.594881781857415
0.968965006665673
1.8423831840905085
-0.7908436025238905
0.7574506115054593
0.46949776296761614
-1.090659216491662
-0.27365305848150084
-1.547315718885168
-0.8999020529727517
0.9508692520848966
1.5975241620267466
-0.19347924021403168
0.41047485315110566
-0.03829380606671279
-0.07128878860298604
0.07678127862625805
-1.1100486207362894
0.5242018575731997
0.036469786166271
0.24975292537784105
-1.308094208113265
-0.4664169935498138
3.016530586808627
1.3321470377978022
-0.8722168704402733
-1.8501751791420442
-0.9717914726141228
-1.0018892705269102
1.4956170935374162
2.3744582541534345
-1.914418231824874
-0.1214896829675517
0.4274056267915931
1.6075178688326928
0.47258776863315016
-2.00025634467677
0.4026593494819502
1.2384853304864878
-0.8415633563717477
-2.3453314287686986
1.901835199368978
0.36036096733463796
-2.5103598800749722
0.872072591353636
0.775001117687072
0.012998359845814433
0.11894869343963083
-1.2356104436398385
1.2111681294332648
1.9414729348248778
-2.4955569694932436
-1.7043724972148822
3.1371660913532757
1.1733677573100616
-2.416689727488664
-2.09410924323351
2.167739107282996
-0.16616370307476602
-0.4023159052227907
2.743571468206248
-2.637570032347397
-0.750259554647165
1.7937416648912916
-1.5549860536305102
-2.380695820110306
1.0269823199287385
0.5498950429848877
-0.8979517121234253
1.629261348455569
-0.07365140222879007
-0.7045646548671092
1.6662893523900275
2.5175195657590517
-1.663247074894147
-2.081681577278384
-1.1548835292317654
1.3590950080611324
1.5116722677230574
-1.3996092263621727
2.110162524562906
-0.8052485013095805
-1.9926130677562248
-0.7654694591113074
1.410133806706881
2.15231184913762
-0.45720251180196037
-1.931941405136269
-1.4089835580010894
2.043552147886927
2.0551627767657554
0.7619016955549912
-1.0650852261941788
-1.107875777027846
1.077111389409205
-0.2578036592231145
-0.8303215731004578
-0.39537812444942066
-0.4470532747465273
-1.194063614515883
1.3519273305657904
2.5082433077664685
0.0475094631407591
-2.5977176200391985
0.5171559879079959
2.2243334501868883
-0.7706669639579176
-1.5493883886263085
-0.5158245282079781
0.8229350343916236
-1.1674081110355607
1.1535637717825686
1.2586979110909207
-1.3337444400848912
0.05492093436721057
0.03350461066737881
1.5780017255934258
0.24798761022258792
-1.9333352248336164
-0.9003524521038208
0.2898242279673259
0.3968233962908609
-0.5815895823423585
1.6009198439489747
-0.33186594728943464
-0.6368575360677686
-0.5464462976428186
-2.124036988803277
0.48968393985336495
2.0511753233826
2.3178485550168735
-0.9991039184541678
-0.09916614940090063
1.4822991928884983
-4.494093300661265
-1.4223673447471954
2.6158069303313662
1.528259926459135
0.5486211435320971
-0.921155206430781
0.5345982474088253
-0.6715506925414015
-0.37088666634897505
0.05818189246203109
-0.5605636805681962
0.9660335207810895
-4.130267664320171
0.8988491559833491
3.7726778216467176
-0.5226524364390814
0.5037244495892245
1.0152376885713064
1.5265899685592894
-0.6752177204897585
0.33575385309436223
0.2718172508004828
-1.8969150592716684
-0.5271137879128376
0.7553050238951615
0.7329958812156414
-1.0417415798112302
-0.9392209537533363
0.22895692189012096
-0.410529273995971
0.1613262442573123
0.19250357600854467
0.01904274636807271
-0.8776066537640279
-0.9298437499437886
1.1467920311869033
0.2658711319498192
0.057103074784169094
1.0755007743640321
-2.5927445719807647
-0.658522441097594
4.4194162554527265
-0.5355471126135005
-3.2657352785580267
0.3789535458646036
1.1560345794694928
-1.8108679994059782
-0.8297439069106483
1.9758726878597055
-0.31422036574432904
0.18012748977257698
0.35851865027637103
-0.5400533585186431
-0.20934982221683612
0.7347505166490231
1.5402991007984794
-0.04302042401220729
1.2271065686395657
0.5453711386164882
-1.144572216354145
-0.7401907847976648
-4.00002002659243
-0.10841994620388959
3.870169168229771
-0.49694113690615094
-1.9512426012522908
0.7128125346982929
-0.029940407587539797
0.28841454514391385
2.805527267041649
-0.08534589362949979
-0.9254247709584187
1.7933205412231623
-2.222704632396177
-3.3507082113026385
-0.47026205644001884
0.8287761335336656
1.2408933996208917
-1.4344861978149954
0.10948233839785565
2.64958890149597
-0.3197449553881165
-2.070172596965352
4.217249269714786
1.826188800635152
-3.8886421713878394
0.20903387006198548
0.6375552523902734
-0.7512861709241843
-0.9975300005207819
0.3483634985599705
0.8169757050989048
-1.5207631901389727
-1.5979144396748277
1.7071785464929927
1.6261167676184005
-0.8553833256893092
-2.8320704023889958
-0.26001787856616315
2.3019418268789105
0.09288677747756907
0.5251351822596595
0.9472634906678221
0.3882104210837831
0.0024728892884974263
0.11674312009628707
-1.4803106625299787
-3.05004443236759
0.7350282765599462
2.394195999658059
0.45742380086712625
0.71982153640168
-0.04765945052786402
-1.0892018600391722
-0.4773743464677549
0.8526263751808576
-0.5028010846119059
-1.3843019284344642
0.5288989135926702
1.8262284497724717
0.10874224571239213
-1.3908911132552018
0.26134110318011294
0.6412989637001311
-1.3508529594090153
-0.02331720277042934
2.1819809410112443
0.8872575472508698
-0.10246051373442144
-2.1039568097619434
-0.2739012631823228
0.8051996112441427
-1.444445240155598
1.7620077415321784
0.976114773738583
-1.3375295717544604
0.9913702675002113
-0.008635790471423849
-0.8481988242840113
-0.6636932631749765
-0.06938747279547364
0.7575854492937805
0.3442642452916469
-0.22370419926096363
-1.0043783564510946
-1.424773225197081
0.8717590396568218
0.10606409299388209
0.24713189502768618
0.48855714944984485
-2.1451346547503016
3.1662527458774012
1.1304736585318573
-3.3067885271215935
0.6103029427693838
1.65300065476508
-0.09503212797002819
0.36364290089451423
-1.498285338581523
-3.8257605383401136
3.583526435915073
2.875982480929523
-4.756338386013332
0.6106142440153769
2.2325840047936634
-2.190765340363536
0.7768092699136866
2.2238281403513556
1.0243661156529476
-0.5086621831346394
-1.9330456742068827
0.0685451232454379
0.5614573492252384
-1.2507315614275683
1.3929371479960364
-0.6730542713644805
-0.30173570714270226
3.054002041046138
-0.09325003648656671
-3.4998603601881824
-0.9356069013069245
0.9686634814461896
-1.8234225421789425
1.2613237756348565
1.0837124128687718
-1.278388482246487
1.3514807031728286
0.47887842769949995
0.07327590847815446
0.5201956594583914
-1.4894191252827311
1.3319222872115437
1.197899316660167
-1.172065602800031
-0.10381864609673452
0.10002028227902221
-1.1185381454977534
0.4117354378863561
0.8084374096081246
-0.10432140174388077
-0.8099734433016965
-1.6406714884646252
1.5653053203889082
1.537004711823727
0.19305223489885792
-0.5845681488139208
-2.1524251981450826
0.9955715103034473
0.40584623460851377
-1.7177930118270854
0.47848930165511605
0.71912992982448
-0.03721079460437804
0.31219300289283153
-0.08438331639005639
0.061161718872228106
-0.766285283981963
0.6668036286772275
0.8000527565394974
-2.0347088364377286
0.6898762686277959
1.1780274697750226
-0.3720764613382884
-3.0036275666698065
1.2943381123295283
3.1569242704613805
-1.500281299852384
-0.07881778000907212
1.9299727282344858
-0.187674566054251
-2.764215709714776
-0.530595764827348
0.942812580253151
1.0017046459195427
-0.06453987479453452
-1.8673898292653694
-1.0912687831117074
2.173919737310555
-0.10140272331905131
0.2477022362596355
0.5900070205760829
-0.3913937187106929
-0.33378374035218783
-0.5054289205761366
-0.19820066312412465
0.00516812923188785
1.4963408066547224
-0.5317492185591288
0.7754973022904657
-1.2722609299822762
-0.8197545463641811
2.1269640296615355
1.2676487915345933
-0.5098497601785821
-3.0901944960554726
1.5362885345065922
0.7894041436711036
0.12827285396353738
0.5906761067891032
-2.3300027149732774
0.09623655845274336
-1.5021838481915586
-1.3302530387955307
3.1349884505904146
1.3014668192480128
-1.8010071147947175
2.1966070986774446
1.4823627188100865
-2.4989267754902187
-0.4190903863812684
1.7683518540841323
1.2291427393369256
-2.5024810529994976
-0.41564652959177983
0.7651776860749407
0.2198982931938791
-0.37746680456758563
-2.1333336887783236
0.9005048797081013
0.8768559418227538
-1.8969215507040498
-0.8492233451626378
0.4433449128455931
1.3118907750204551
2.1422459327145567
0.23474921945933064
-1.0352873409694778
-1.6692580995364699
-1.477952899866004
-0.185733784840046
-0.16805307406503145
3.0227433170623974
1.6856326751077264
-2.673941135673432
0.6532201488228376
-0.880658316020368
0.7824086425883614
2.249775786747145
0.7645371629349453
-1.3870589376501437
-1.9346020573637628
1.4997373344484706
-0.751121931412221
-1.095049494247113
0.5205396874311211
-0.06066061387841837
1.1863905103775958
0.528131312043169
-1.1707340015755823
0.35335644087109314
-0.39149587490143256
0.23053948717239828
0.2103770316525655
0.393907507493586
0.8898435342790718
-0.6817446061511493
1.3533853172990766
1.690430820614106
-3.2343172902045483
-3.0880331234940646
0.7083430876114847
3.7024289804172295
-0.4672732787868148
-2.961879703884254
1.3824950454419753
-0.22323981072600185
0.27999314774539796
-0.049326339478384607
-1.0236781846125143
1.330657854031947
0.6602808309442953
-1.2332211660459858
0.9752146821789123
2.0493699102116767
-0.14596100874276208
-2.1039307639214258
-0.6391836435163695
-0.7219035641879923
-0.6699472820044278
1.392390184206819
0.08088051705213035
0.963607363155552
0.4519183709952935
-1.3121052152786223
-0.39546153760504255
0.14095152383366716
2.0774894232642773
-0.9460050103939139
-2.3434199294470863
-0.32314625405939745
-1.3331890334274
2.678074400844646
1.35320496916307
-1.0285406320480313
0.1477425703349578
-0.4786512254921213
0.2768319838293702
1.2733045315881695
-0.314197675706258
-0.9906185315995416
1.8198152077261607
-0.349332811866393
-2.3649191935241722
1.2319105399308423
0.7860690134853041
0.8253413117891815
-0.04720292782795955
-0.3267334096291492
-0.9742302945624484
-1.303553362171029
-0.005192062307439738
-1.528145802916989
0.8488623882509105
3.10939084656466
0.4099321487062769
-0.5377048889629831
-1.4357976410912685
-0.744990662661144
1.688929235543411
1.0148780132721562
-0.48894413273584386
-1.8436106760866473
0.0023790655761700558
1.6296131146041173
0.3583707370788395
-2.42938624462251
-0.5851551097492111
1.576963403370464
0.24347304474528408
0.11551922430373185
-0.1336638158254433
-0.09904035614828713
-0.8285868598566597
0.5946097987462595
2.5378068806087057
-2.038172183286123
-2.1674293506922813
2.349632791607122
-1.7048052359885084
-0.6150447187071735
1.967633314718607
-0.48685392558550755
0.17413999581726242
-2.3693540714378396
-0.625663868339314
3.4719567462680936
0.5480168979960456
-1.3876301049445035
0.7521677076661144
1.088082474194275
-1.3444080507662153
-0.929511402311029
0.8315662298362444
-0.5488918216611381
-0.7404444811077406
0.13757402292868104
1.0188086445132294
-0.7453040606256379
0.5324759251591922
1.7306655411270953
0.2566754118542579
0.8232132846814483
-1.7195041049526165
-1.4048885839843082
2.6619768896948606
1.0146938825140432
-3.533108033498099
-2.2252762644137305
1.2027307126181797
2.8082320216423415
-1.9181579692679256
-0.8973251769793957
0.6058705576844052
-1.3356451095615438
2.1095912759125888
-0.2331759658800877
-0.9381309428276055
-1.7537804972243205
1.663800197781564
3.9970845625537876
-2.4968969987317933
-0.23804421294682954
-0.7731139305440977
-0.6129114358830052
1.2137033380522801
-0.39137749379526204
1.725047439050237
-1.481599840813543
-0.17396491155103866
0.12154118732492325
-0.43070928484093157
-0.18775418487934648
-0.8025285300427984
1.7129060069062116
0.39711731069027306
0.5319599255616756
1.4454049586889894
-0.573422246304442
-1.0790641996783654
-0.41002829546949404
-1.53332836630719
1.8139395859409433
1.9809829811476627
-0.6142693249905941
-0.417597364812792
-1.813066523594833
0.26489457739488903
0.6257686987094495
-1.3382182774058584
-0.21309473535280216
0.4869821332258685
0.6026323414851226
0.8380873667058517
1.2731647661055883
-0.4828784878361627
-1.8354719300039521
-0.9348542684571024
1.316853211931903
1.468491706892081
-0.5091849333830183
-1.0240597666859015
-1.303813508497103
0.6535393947649658
2.0686789305699316
1.4524574886585326
-1.496039330031349
-2.3208252675331025
-0.2831852760815389
-0.2745560764074477
0.562704225963002
2.1167846565568627
0.5336098733806449
-3.3995740941330137
-0.09053756641228478
1.2073153848307259
-2.3988718719165236
1.3792544954621921
3.9413589531915427
0.026918578669692494
-2.8239693653173807
-0.28606309284025455
2.2716548547124664
-1.6422124348453697
0.6322978264493768
2.1778827496376914
0.7492345136016605
-1.5711269222501552
-3.6332125657302066
3.076854222919247
2.415349264801363
-1.0361298859423675
-1.1291572680673942
-1.4705153725987083
1.475114913131574
0.15135529005894238
-3.1940984732268682
-0.736321241719386
1.3606317796994527
0.9524388011995136
0.5129997317058562
0.08798559243649275
0.011312805452868446
1.8080784141278647
-0.6958262336413215
-2.18998728220154
0.31416976710538147
0.6250830138281214
0.5434152388943724
-2.2146327302948507
0.7870939165152229
1.9198218831771192
1.2140159845931124
0.10814452356933213
-2.9086554469974866
-0.6843649449300885
0.2845286572815712
2.5283839049832006
0.3284542746157909
-1.6694484633565811
0.2677376985715283
-0.30708677527293804
-1.4230412491269495
-0.1519017645995728
1.73992822789915
1.2701871340713442
-2.4851587759381113
-0.41386848489283234
0.0032099097198901028
-0.747606737796632
0.9610913526867563
-1.6117140434732802
-0.6401082036121292
1.2171727066448377
1.485839186430783
1.540591635170442
-1.4156634171009126
-0.6612575075418703
1.376810128289462
-0.14116045905345198
-0.928694616851804
-2.4657480864228845
3.30661598556544
1.8909697753207364
-2.7006584106849796
-0.7882769642861718
0.6568120180269428
-1.4190549232520828
-0.7510711326079119
2.307056483447121
-1.2709096057181517
0.25916795588030217
1.155020454501042
0.6839771936227335
0.1336718063181935
-1.9708891375530524
-0.12922049839916575
3.34650261597413
0.7832141351250237
-1.2472536405225279
0.7477354930587774
-2.1406554508093403
-0.6851997213888329
0.36875394221591973
0.11736115306158568
2.37603963204557
0.6940204151551624
-2.9716548672424192
-0.224261112246392
0.17615038038494157
-2.344662643254067
2.3146968755366357
-0.9426227849487521
-1.85657460434387
2.8849372243341227
0.4809638123443269
-1.0578861637243642
-0.7187546333832133
0.1611968545184525
1.7224913645625182
0.7761976063053897
-0.7147890839523011
0.37813013076483715
-1.1167420268433896
-1.614505966109816
2.7877030287311895
0.5895283051232436
-0.8726915100047435
-0.5328197560160525
-0.9730045329189364
0.8294876714474596
-0.10291307161874419
-0.01711223198237452
-0.3929817480676454
-0.9228667155941995
0.9641083209295781
0.9771408622575171
-0.3534950177084149
0.9404870085908863
-0.5176220076984491
-0.23518931392644093
1.0379774215281365
-1.3884301964064303
-0.9414295556024872
-0.17360382993773382
-0.32220299625789933
0.2874599089128724
-0.13109669334453122
-0.40925457294716966
0.6487444844330916
2.0754497519087027
0.40985096163526014
-0.9386690046894897
0.5593041677534879
-0.1368037155599951
-2.052649239076284
0.4167493474431021
1.1971511921165678
-1.3278224784509356
1.8241141877853975
0.0676045271989607
-1.9236790568490274
-1.5443847406576618
-0.4827548360775974
0.8917435511803768
-0.06727548777998116
2.1840594323339024
0.04905781310776591
-0.8512110859856094
-0.3435716978138287
0.1391881751618237
1.0505237403913315
0.9466611181433746
0.22073008653174297
-1.5860614983533161
-2.1612828034119516
2.080793845692934
1.5344235757411115
-1.5754282948782294
2.1200120828113636
-1.16714687151155
-1.9649386048007944
1.676133662341662
-0.20176110681606196
-0.36207209502125304
2.0710183698373967
0.9595016319775936
-2.7762614146903024
-0.7726102965507293
2.277058354143662
0.5088509975086268
-0.8193231494032236
-1.8112694589371001
-1.4120575294540152
1.2158875220226264
0.5159615669025707
-0.6094549748723339
-0.3691047518292888
0.9902126433765538
-0.5817130849963363
-1.66712379896032
1.948031451530128
-0.13394717458247762
0.4343289126055758
0.8868962614901262
-1.8732453509813856
0.4682894998715645
0.419666529128188
-1.153034859346847
0.5292708404869096
0.6142569292794579
0.27408797846357175
0.007239691165342593
0.8559646143013765
1.855531528068244
-0.5808111316770799
-1.2983388335116506
-0.7910159360917135
-1.2643845194014243
-0.9573059217676327
2.0357905394305016
1.6955653181161938
-0.8755494481518503
0.252382292624541
-1.3783623182950522
-0.6136604091644939
0.09756086359851723
0.8579639234746829
0.5515169286771954
-0.08030899969621774
-1.3168778006982804
0.521767512197511
1.4246740412325056
-1.634167708382642
-0.3213713654064414
0.7628825341488165
-0.7350700173878275
-0.6572394013235772
1.1830408432619783
0.30721209861570337
-0.279842315432663
-0.1756914106253456
1.9858706612567316
0.7576157580909937
-2.55322118706644
-1.1898786758244264
-0.009514986566314665
0.7498273626537306
1.146726070470601
0.7218268504386953
0.020926996535529735
0.06358910252191985
-0.17339988910765203
-1.4279046416563428
-0.8064046282200743
1.4700250592351327
2.0994010365545117
-0.653932118385743
-3.245789457894846
0.4374511788312888
1.315819830215803
-1.328563757673337
0.21126175516348433
0.7921104164951525
0.5399796750940092
0.029265283135647413
0.039634658818749405
-0.8713985755129288
-1.6178591284091326
1.0183473795973619
3.532111443206205
0.01568642647205809
-2.072829533452345
-2.519222772643308
-0.5285499203925683
2.672373942423367
-0.9615772307898753
-1.5700025979392684e-5
1.1674617515847987
-0.7169082640943392
1.1451645212705537
-0.5427448559404182
-2.8359839942951464
1.3330110526491648
2.6500753697626593
-1.1114524898565414
0.7299954948454533
0.34796418444859145
-1.3069338482194865
-0.005429696787365459
1.1037584730404868
-0.4732096276565778
-2.91145454816791
0.9843835785089097
2.1491035417380777
-0.34667480528321015
0.11800798846452065
-0.5575594024364208
0.5673273772807418
0.7411057500268525
-0.29694224766741417
0.5536100784209024
-2.6374035604317037
-1.2903554426531978
-0.3354793522673072
1.1629340826398538
1.113712289740388
-0.30958475890997955
2.8620460847698626
-1.1561724066894763
-0.574512574955085
1.2019271482844176
-1.2459516801488435
1.031855460508543
0.40401461843208075
-2.9429536511025143
0.4492262055745284
0.4400732093586499
-1.7669224539950679
-0.629599478725781
1.041192656279841
2.7686033036353193
0.4765767688345002
-0.6692604086134808
0.7539656456472448
-0.7082862306806902
-1.104072005120323
2.1591594175661637
1.3225093102854002
-1.8610590111276737
-2.1631891104959795
-0.9299051520388699
0.3207153448483258
2.8923516777446894
0.8494505575978338
-2.623952859191764
-0.3005601048277065
-0.5921388475369213
0.23372953065064256
0.7651508516716332
0.5209169239286919
0.9844492030501089
0.5820647234231531
-0.3158257868918637
-1.7600241481975005
-1.4218675022331113
-2.497000328214146
0.218684446546748
2.9786326201921445
0.5733200444779345
-1.2273422318074103
0.7743770105488044
0.8687126415522685
-3.7881023608154387
0.39834990608271964
3.2911390299216863
0.09453468761711448
-0.07148682549168499
-1.5284118128132391
1.2511447766000594
-0.04966935168820319
-0.7342756834577131
1.7739212794751733
-0.16146486869304183
-1.2941941269563488
-0.26315141618329824
0.9446029467812983
-1.0997274050316945
0.011404502597683497
0.943078199583771
-1.4918981120010248
0.770272079549163
1.88641174513946
-2.3575636908278077
-1.2437513566313458
1.6724363690567028
0.22249908049434602
-0.3913704518224716
0.34089090921700205
-0.046245670097734504
-1.094480688071858
0.43180930654656463
1.8890735394661538
2.756606704730048
-0.4705195735521554
-4.021795983649778
0.5839097066007806
1.708364247888183
-0.677251925242585
0.41311892304860065
-0.8764950405597491
-0.19726288568844658
0.04677403530145874
0.1438267359355488
2.3344529144198956
0.5225302766196012
-1.203901804846278
-0.47903683260718244
-0.07223291914696928
-0.7595803436985349
-0.7237823891473321
-0.8406682573954137
0.21423256610574531
0.002915795467983484
-1.0869073740273236
1.6422887667454464
1.2554462234100092
-0.05909205943376994
-0.09385817097359092
-1.8932350420941022
0.02271559485217095
2.3890595096417804
-1.9204729755328678
-2.517559378466491
0.959135712391177
1.8247192119129556
-0.09800215431241943
-0.4898310754328941
1.5630316144584055
1.0157938075398132
-0.9490851642385518
-0.42457054456723775
-1.1559203227697163
-0.6977444687643697
0.1444744549631236
0.4282157621245862
2.3892855441618748
0.21060946498702576
-2.463034841667203
0.40535335653679105
-0.02845171938420976
0.44000878140124833
-0.07123440641500078
-3.0535383032112655
1.6438318117546238
1.943841371671874
-1.2643194700987213
0.1855321068635741
1.392429562370791
-2.0338107239288843
0.239331853012758
1.4735515591798432
0.44773990787926166
-1.1456748456669297
1.3703500039884284
1.7940946214056015
-4.019005748507821
0.7912055214973583
4.109395087994368
-1.6276203438251777
-3.4211259618926793
0.8720210544497349
0.575193934453125
-1.2380302936476166
0.5951254561880279
2.427857337736076
-0.8094539974084277
-1.3416333934859563
1.0883728007271785
-0.9549708922478701
-2.14458230106603
0.22993589777546425
2.2529253972888985
0.2590816760663746
-0.9285105035776051
1.6116034262523837
-0.036809047198270606
-2.999299453944819
1.3888816535798814
2.124331385216081
-1.9659163845623087
-2.1750244606719464
0.4260025453709281
2.0696877609734257
0.4626944059526214
-0.7288250612114294
-0.18553076509479338
-0.9449273317040736
0.6336027351168423
1.7973801450091385
0.15267122481081732
-0.8333550372988919
1.2005047574919805
0.4084665891089815
-2.5570845802354603
0.20043712678092218
0.949147953893675
-0.24217243771053742
-0.6578692963212924
1.2416029366189028
-0.48129286168818364
0.5996657938773104
0.7046718954955741
-1.7070966895562878
1.931816495045052
-2.399917094123141
-2.0843610617162582
1.3525143577168899
-0.1324488507096263
1.085158103127793
0.895077232422686
2.246474264207953
-0.5143031904115111
-3.518734225384379
-0.9643045097604694
1.8258608468500643
1.3578952841928829
-0.8026478727341881
0.14579885768773662
0.5281279352968261
0.12128249919235906
-1.3349624175534305
-0.9463485348333025
-0.213400874504584
1.4562965343773357
0.17407014526557119
-1.4754305061002446
2.06169031920812
0.9894736103866666
-1.2637001268056496
-0.1311139770223937
-1.8734130432289011
1.7752190907501961
0.9722510390059939
-1.1488064209225743
1.5860310016219847
-0.8497128592395273
-0.9570165727398177
1.4140453657041197
0.026762684764963685
-1.4923139935551186
1.3606553610369139
-0.06802150628803683
0.6371529455534788
0.9416644668696358
-3.129780015368185
0.5418056947226673
0.9632327786949229
-1.4128173741406085
0.3280668884455997
-0.24558687415652602
1.0320038586145277
-0.14834575766044428
-2.684120750038438
0.13236102167095914
1.9698405887167945
-0.1677782616543611
-0.4523225451213021
1.0113346791187265
0.633854043128207
1.6018186883621626
0.08742855296753727
-2.529076915845086
-1.2873108951871064
1.2429708284575536
1.5059291791191407
0.8784239240263957
-2.4395108198525866
-0.8975878088090377
2.2471809464655426
-1.475403155509119
-0.11062903965658644
1.6417844394277878
-1.1145534884486632
-1.4695031784198427
-0.6249828593581087
0.8105408858679546
1.046704741784652
0.42126800237050976
0.40527802114477707
0.4019643981059562
-0.30907762394060917
-1.790339773029828
1.3996970357289595
0.9714044810715535
-0.9134489155830738
0.24152785893451872
-1.6672907577802423
-0.45459786140637815
1.2535541696860864
-0.16868656133487908
-0.62961623905962
-1.1569146555965724
0.47705855642753126
-0.2101128893086417
0.025180663552574117
3.490412197575761
0.5176484929824893
-2.1521265100505063
0.23937923964730257
-0.5744381905233648
-0.6593003442025538
0.9785533421807255
0.11745003302749793
0.2665433858821501
0.14349413467779587
-0.42007055456875075
-1.3179114319185494
0.5979315787686902
0.773368262702594
-0.42393121297217473
1.255564130302883
0.06617290319729918
-1.731052732432191
-0.3720328939807889
0.09547224746773708
1.5752571982824854
0.9481289406558764
-2.1890936306898667
-0.32296454141944786
0.6477681703082812
-1.4440604310104153
0.894536372456335
0.8078205173620121
-0.6547493631757384
1.0912040024371232
-0.8921264255369679
-1.8101155257731418
1.0049590312620684
2.3452236267158475
-1.180309938901881
-2.3902137784467032
0.1788573742330154
-0.1398670562185258
0.997464903487832
1.3449514878978575
0.7878015004000274
0.10389042038798174
-1.1115802178072038
0.7049806630621485
-0.655280798193907
-1.3105236305112828
3.0684710563814264
0.714995813058028
-4.447780914951918
0.9497252780865786
2.7827419921128795
-2.36728252225628
-3.256252610565471
1.7960144261412365
2.9182069887789064
-0.2872596091079088
-0.7113604382035554
-1.3431877022805536
-0.016920283998184626
0.8934049288994403
1.7018192659953892
-0.10841522153303934
-2.1091472446302095
0.5098351048819795
-0.17907495005016172
-0.4660624836069903
0.29450997023352155
0.6888668853920232
-0.6783664966229711
-0.27048890933039504
-0.7897544641994156
-0.41099583238713916
2.6311617051541867
-0.14300148035526122
-1.0129669246215713
-0.3556091110393139
0.379228699811228
0.17770696562391142
0.1229256442645231
0.38277763882760824
-0.6480599614752343
-2.051495506475965
2.0293991841988803
2.4922139520472917
-1.7832175098461642
0.4434145665230936
-1.1259123442364989
-0.3704654252451043
2.542530536792428
0.053306054250975524
-0.3295161212123707
-1.0184277778761217
-0.7237392624001431
0.9670595992890486
-0.6394151194343839
0.15487936524099732
2.288979168872555
1.4977977942130423
-1.4350607829561568
-1.1964689390079668
0.22952561449575348
-0.1754329416990214
0.5123882309525598
-0.09492383414248323
-1.6286287659242231
-1.2847859076574168
1.3384683885747108
0.916295169398583
-2.311734072641983
1.2371768069975835
1.3230378161904912
-1.1101390370566049
1.1221872664246213
-1.1980818186618736
-1.1439287562876124
-0.7630895789064156
-0.8846786246080958
0.8071631334409684
0.0017780797567643614
1.6389464806931882
1.407060578727971
-2.0153292649655286
1.614076848624172
2.49675615769687
-2.440775773378708
-1.0211056333796085
-0.4107755720282613
1.6948546146665924
1.988683545932442
-0.9470863364662945
0.10237407763812068
-1.7057081246052137
-0.25754834874760235
0.5402801171163945
-1.7004011551583504
-0.11003725657755081
1.4426362393783583
0.8685064066732425
-0.8132465248579414
-0.6571553576815763
0.46878260906769387
0.7138786731673333
-0.4850399222313988
-1.4222497326256933
0.8237175088436576
2.147385490119998
-1.1970776679986495
-1.520655073877567
0.1990294170381951
0.6667438794821929
1.1415460674310443
-1.3562165857956272
-0.0029114702615077315
0.08236195999936968
-0.01801456586182515
0.4349851303414818
-2.1611835497412093
0.645293300132793
0.526117095165529
-2.1599893220043036
1.5028747139773069
-0.15387071409074382
0.8832137280319253
-0.6226252316939971
-2.6971529377621284
2.2325234130745226
3.4099866508242256
-0.024744247378832296
-2.4857278160629566
2.2859964703911837
-0.8163459913144291
-0.9980218184414191
0.8895083988386071
0.10908248198577541
-0.023676454862573137
0.175816277541192
0.3969035587012413
-0.8945619029621893
1.1196830675909193
0.12696097733771314
-1.6437829381726465
-0.48901673295873505
-0.5189154184158717
0.5229861890336407
2.9293994542125907
-0.6610558822578552
-2.1394366414242008
1.1102428382375034
0.3511848725878859
0.0889048433507541
0.594417005674515
-1.81124991707408
-1.6580771890358257
3.15730832712537
-0.679781091139633
-1.3381741637846254
1.962812186649681
-0.8821130356418176
0.08747967666902867
-2.783855013437884
1.2599282560891516
2.6838818951431405
-0.1695906415264492
-0.34041215962032156
-1.41941320665167
0.527710522894192
-1.5686459944756996
0.43504176561313607
3.7793026949093522
-0.6913314075364054
-3.086310074568188
-0.6782731143093694
0.37809865335679477
1.3366986407848787
0.05518171747632722
0.32051301937011484
0.6327036341059056
0.08515328628352037
-0.8780768339829588
-2.662174285044791
-0.29128041525696435
1.6066142461869541
0.8774139975685001
-0.029238806264209827
-1.5522500220269346
0.9252973724780698
-0.07182182885450827
-1.3236341791354795
1.4299102206207532
-0.42525625023769176
1.251821497376076
1.5930052438697115
-1.8071410230516214
0.9443781220032361
1.389244088347148
-2.051515308572161
0.24943482010255125
1.120919250129105
0.5626905639485054
-0.9703810401496923
-0.6128000206025431
0.34459301211151594
-0.8648839893351926
-0.06603224454961598
0.6952503287926036
1.1207973473406696
0.6949279714976234
-0.25608152316897603
-0.9478472701699115
0.3952033165621619
0.1755453011420528
-2.476424265782921
-1.713215467112744
1.0634054528681156
3.040283079511016
0.37321145525897254
-2.4602084966750093
-1.7571649246508896
0.3409554223322899
1.5014094629777637
-1.1669547028366616
0.31115369968306655
1.5660551195787393
-0.6522289164344421
-0.9944223708400831
2.4239232270225206
1.316014568980048
-2.259191234234149
-2.780497111612286
0.9452304109589691
1.7802228691612851
-0.9452001485776818
1.0198580342876917
1.4754021346736295
-2.300592461695598
-0.4822450295129209
2.0120536406894725
-0.2946065037655493
0.07966112872931841
-0.9862229712173239
0.43559394693640535
1.460852777068467
-0.5606692295990603
0.6552582244815198
-1.3249858936666972
-2.3053136311413094
0.9643808848495843
1.9657056063762028
0.577945284511745
-0.28058509868838044
0.9098222921649026
-0.39994392983888866
-0.6585362636529772
-0.2656581898701775
-0.32108385019341046
-0.18209067891720276
-0.8596233934623551
-2.4639361021484945
1.540275144062548
3.5975191881571957
-3.027945543444488
-1.67918980168329
2.339794137382918
0.8622806987644742
-1.0035240018094878
0.7395452510252294
0.46518386676009427
-0.9121982633849348
0.5566875184700107
0.03437611430527367
-0.4404326903818325
-0.6397611150805513
0.14584935110605204
-1.4356904003287592
1.5582936910690597
1.3540034344712992
-0.3158651830398498
2.3136229838708684
-2.263452376333168
-0.507770949254752
-0.5480164482701974
-1.7293151744764539
2.9152493369241044
0.5447924472832316
0.5028263520025873
-0.49327370924594327
-0.5843638899150589
1.0152329613991133
-2.797535852954175
-1.5467882773603194
0.8809169277555365
0.670438542219085
0.829786962210459
-1.0240554981413645
-1.4839037363756145
1.3803723847920377
-0.2977616431987886
-1.023140440861067
1.4256166279409588
-0.6452623091064928
1.2225384313791003
1.7653143690925255
-1.5321954197136445
0.9349148584296622
-0.02005518919826621
-2.0034481787272416
-0.014652788680868223
-0.057400806321140196
0.3027392116425951
-0.2833156368417329
-0.6494674406621466
0.6650612439081302
0.27838048899084517
0.5821878647441066
2.405795945657869
1.1458809630881142
-0.7404616672863062
-0.9577336468713702
-2.732530161084381
1.7026973820464808
-0.10697704904657557
-0.4592111819703575
1.293891954775522
-0.4951761328687594
0.29089263331852644
-0.5780788622938454
-0.23823399091547934
-0.01799081284212467
-0.20948349357260132
-0.4468279961173328
0.09056234289097609
-0.9315397457304666
1.6127784203592004
0.5942750448472565
-0.8492968973455642
1.1328984926286816
-1.428490973924725
0.45868368321683484
1.7948984624152378
-1.0206726589154238
-1.137158842357041
-0.3578826897201016
0.9311381382620235
-1.1374827262650724
-2.0307675328772925
0.4689969457771255
4.046130289373444
1.077079349931461
-2.023983400042179
-1.2270662422478833
-0.3179120163708933
0.20629189510897916
-1.0338867643500644
2.3872761560588422
1.6544480359760334
0.5268714868262427
-0.8161183565775085
-1.0370819389998411
-1.09372913010106
-1.5320708406757708
2.422777186001293
-0.06914981203531301
0.0840372907214566
1.1772172551636495
-1.3565937547228197
0.4964701610865514
0.33705498000610173
-0.6751988301853945
-0.9438664244494095
-1.3528925367329374
-0.2851372094375174
1.4464389979467347
-0.12718724752368893
1.3151451678797537
0.2824471043488813
-3.1896186062524885
-1.8147115884946605
3.237669725168312
4.120846686668083
-0.3225239674358542
-1.9598123331535344
-0.07224240439800345
1.4946002179358873
-0.5908639916227302
-1.0216458859306068
-1.2231507570706894
-0.8118270013046323
2.1929747396517114
1.3866878414268875
-2.5424961096319305
0.15994509348714858
1.8436249785773946
-2.027986954379378
-1.4432154024548125
0.3076149511724168
1.1799069187632212
1.137382842700711
-0.7550790117208533
-0.9320097500032261
-0.11685762020118826
0.9754058049207524
1.707634962576107
-0.1266230708929307
-1.55081573697995
-1.1929794375779954
-0.2429246385792769
1.2116662983241255
-0.05506154027279936
-0.5807219919221073
0.3584773078600924
1.1192962510215814
-2.5568870472233174
-0.09308107528246212
2.7801506365669795
-0.8798922264029599
-1.8840419583903687
0.6540646040938723
3.0649155107402293
-0.494360055474623
-2.3614043330951455
0.6506911361244727
0.7501326644795697
-0.04680660869990638
-0.1676751339292335
1.3970234587907173
0.9949181781343129
-1.031148207470959
-0.12719313478812977
-3.6936226499756577
-0.27171970374504034
2.075408549775017
-0.30165068855512644
0.30670849446825793
-0.3697447442936054
0.27724276479728205
0.9939786066211098
-0.8538273572710232
-2.303750556306659
1.135090565172178
3.035775825802979
1.6472433950313934
-0.624135811861025
-2.101170419074946
0.29548606005832423
-1.4898821224635705
-2.3203287568283737
1.754152820196281
1.889420982845187
0.49012083753224944
0.4914476076325933
0.049687355983913994
-2.0708903370929517
-0.6269435968073475
0.5034055203553929
-0.7404422515098057
0.9629264930278768
1.4842762522436903
1.0633049272359194
-0.270764467712303
-3.5575858005619656
1.1230473490622257
1.7243035484711389
-1.0167275131803062
-0.3324800093006741
-1.1615028775086538
-1.4507062896808711
0.19712380757014702
1.0981721206458201
1.5773342814226712
2.545872475119846
-1.103976022519278
-0.25183312023621385
0.8009234191434327
-1.9562354997523785
-0.7460351761261148
0.6383823514779023
0.1625586792791172
-0.8386147466901028
0.15402939804075463
0.374915317475785
0.05203223731300277
-0.15861957691340278
-0.6149157669652794
-0.2167329032405677
0.4338511668315489
1.7633264327768123
-2.2302173785806794
-1.7294167976816857
3.0008725155503693
0.6229936183296807
-2.6037783719453635
-1.2033909326554295
0.0702279162958459
-0.31124036738907934
1.0163840026738253
1.0893433464552897
-0.5180026955395975
0.39444215665915894
2.502336861638243
-1.6806966370551233
-2.121895798825644
1.3093014065435842
1.2342535637545646
-0.5761079071122615
-0.790858054535733
0.4531259623941831
-1.1980717790018036
-0.062451376407929415
1.7906664187832657
1.1897983117508333
-1.7102878269041568
-0.6776736060878803
-0.19612387575670187
0.6054913291894813
-0.0948919959498069
-0.8740923048316027
2.675518698311845
0.8334518745775066
-2.100406075156018
-1.226678063430751
3.820637336293464
0.8344497317875211
-1.9304776513099595
-0.8351817628681756
-1.3715414417240757
0.8839296781008454
-0.6519507297409519
0.032341627507089715
2.4645826231797017
0.5001610247316934
-1.9418053539379554
-0.09948676502580295
-0.02097318234300327
-1.2066801118512396
2.24855084552609
0.8576602019747296
-1.9869004942414354
-0.28605755678315226
0.13511648591174413
1.7418952473772233
1.7424421594812864
-2.0792294939107774
-3.09008280590243
1.934704782189443
2.453198179656127
-0.5013585618075127
-0.3379042384128387
-1.0684268942520583
-2.0161770273821666
-0.15164514277715418
2.4117981210780437
-0.5875470185657483
-0.4958351128008109
0.05602921969652441
-0.07396461936005994
1.1547869510391586
0.9892614162623639
0.8844589331455285
-0.19215787062547118
0.3094379427233793
-1.4447449128274898
0.08471385478941729
0.6341973894411466
-2.2248923055998278
0.23673289670516884
-0.9554453729606112
0.5117511307004715
1.7082539756153956
-0.17717245467940634
-1.604501678425731
-0.4979572300169764
2.990343768923153
-0.3209017695312046
-2.347689762266782
-0.280060586421496
0.2648671905345743
-0.009898932087462453
1.8040640780826729
1.1095762554867115
1.184259188401516
0.6527022436425505
-3.203337311983303
-1.0678318950811636
0.9356067439485478
-1.2484019172393035
-2.3348577035694604
1.3184711083077165
2.7807654892026394
0.2886004217516579
-1.6708638557714313
-1.8002653133012059
0.08753944535867231
0.48988084828753864
2.6683842780415703
1.4860317136974506
-2.084587201376683
-2.4975933539913777
2.062272891737947
1.7294054853586367
0.09850106100505918
-0.5857312852521105
-1.5298437727115664
-1.1006131314895948
-1.167081715029297
0.7272097563471305
0.6775823892899405
-0.26590937917332513
-0.7813622341873743
0.857290965538941
-1.0390631226262432
0.4968786717393497
1.6891173617788666
-0.37285271320331126
1.3119712570835904
0.0817799354500113
-0.2948976633653031
0.3671983168448468
1.9590765187771064
1.0851927912322146
-2.1582103214863877
-2.2739638515013616
-1.1229461853546912
2.123317822026159
-1.1750435683330835
-1.3158753410251853
3.3167226060588226
-0.29306487622918814
-2.143110448789232
0.1337925809393167
0.6263730769257501
0.881517400318201
0.5393901099988324
-1.41681055970736
-0.47374809431908393
0.41918666297017165
2.2776358355058695
-1.13430336319699
-1.9604465744533244
-0.005991274380018785
-2.063309472013213
1.51847840367841
1.3938584548722606
1.3182811355399302
0.004034239766986525
-2.7042901907107906
0.3574744438499871
-1.058082038269729
-0.041936643544592034
3.914814329795938
-2.3569244903466977
-1.9877446858547994
2.0931407146291985
-0.5515529638546045
1.9191521855384885
-0.31802060251460285
-1.5121069170143868
0.6758294388726398
-1.2754519789034247
0.27649011071133195
1.5813179386383769
0.9614475496773016
-1.065693896999442
-0.5861363530360801
1.1942274688908268
0.5398302881386153
-0.7278970505890273
0.9183536400075856
-1.5457789841047775
-1.3577924800127306
2.9685557246636827
-0.02667991383478599
0.960159516073565
1.5356422710589899
-2.256176439837547
-1.4948427997000562
0.8421518605108208
-0.009582182307854958
-2.528306687671733
1.1476041288630314
-0.010277657918450034
-1.708889363824865
1.0618649828941478
0.38783099171423263
-0.5438018492718096
-0.30094111882432734
0.8765742334357514
-0.6737607517867858
0.2737060257911837
1.5943842286567667
-1.623073029602006
1.2642857543989834
1.2055447077317267
-1.7238630071380525
0.9108508261051378
-1.162318273002082
-1.063046300797857
1.6568129404411207
1.5990768289718176
0.42167706461063403
-0.4258631549165345
-2.2615465473124017
-0.13528577237436318
2.6291939627678027
-1.4347726996659373
-3.7902701717189915
1.7224885092291569
1.9438911274996127
2.012465967067336
0.35948614114768535
-3.423273871935164
0.22294895349525395
0.258907592281611
-2.6047249201006406
-0.2767949039153984
2.233513921832724
2.12342120843942
2.5209719547297493
-2.317849003336391
-4.077069007247478
-1.0666008584717561
2.7003001858005735
3.2209938971445724
-0.5622880860720929
-0.7940105254282055
-0.08917134226873974
-1.3380515762272531
-0.9225516296509502
1.012363959534879
-0.028171396969476348
-0.5300002144672236
0.25866952781130365
-0.7729165836233383
0.20599870907759515
1.6101154246675258
0.04730832915243069
0.5370149917712055
-0.31704199311603387
-1.6248126427683856
0.23457826992655612
1.8743976572169072
1.0828912144988034
-1.7903912064243725
1.1288246739697287
3.054607388760653
-1.5808686317741376
-3.5456466585284643
-2.0186832312260696
1.466081756726505
1.8714890947979197
-0.1933268428607522
-2.6694519922448254
0.3823997293997605
2.790036493158218
-1.4349043252723352
-1.2729894257381882
1.6545769681398177
0.10308210643725801
-0.3772690039432543
1.3937814040402963
-0.7170017413313476
-0.6881326968855418
2.0819571963601273
0.14619384568312277
-1.810660751085191
0.28550633594071595
-1.6725480871518648
-0.9981291050864558
2.1102265386988983
-0.43351472201902497
-1.1246010452085455
1.879601525299024
1.410899404282309
-0.9964800311294814
-0.9227431973413371
-1.2478961728451388
-3.275758316504845
-0.43052776505944235
3.110690344566294
3.1386723873184343
-0.33232076910219543
-1.6842061001489461
2.3850584353061266
-0.8592908760076026
-2.0854120773250093
2.493672498607717
-0.40546896875693667
-0.3662986560879701
1.4307947190468537
-1.718811159382816
-0.10093343412243228
1.4956589036369619
-1.278561543277143
-1.5752564107069231
1.809744790508937
0.9322640220286135
-1.6830556613951178
-0.17811135936810343
-0.25796570548890696
-0.0368017012229839
1.723584264666271
0.6663206631126781
-0.2512729639542387
-1.7485883848184935
-1.9004807239940131
-0.0872266641076671
2.077721810900939
0.7934096467640535
-0.9677442991382235
0.21449124663785257
0.6692062298987591
0.2988969309843026
-0.9837024269799035
0.1775769662690329
0.410558697210323
-0.3474818841998963
-0.5882389177552233
-0.6113785810782995
-0.3145653935092273
0.8115300245767368
1.4077201260274723
0.03658078287248216
-1.6075580277443262
-0.8359246668000596
1.3871701517158943
0.9144094501151666
2.091979197455459
1.374166566795269
-2.3041677479468006
-2.2739820792901977
-0.5933365268631082
0.9254829131024015
0.7940837567846938
0.26047628335849254
0.10018096309981558
-0.5204169707725557
-0.5374299031718544
-0.17160781705396094
-0.6125364893659098
0.0880889394780256
-0.36256012617298017
1.6171255331006393
1.9498338179026167
-2.3013943211914283
-1.5653541446901977
0.6483612685453215
1.265848770220411
0.5442451055658994
0.9665641654246457
-7.14927440200186e-5
-0.6121022579911789
-0.3377069532397988
-0.6190033640622796
0.079878715304884
-1.6499766405973593
-0.10231350664191172
2.525613050341176
1.0961405304459453
0.18272676785902509
0.31426826108465555
-0.8394928436599897
-1.2111305810090174
-0.17784884885356897
-0.360552987895619
0.5716898766403871
1.750805486607235
0.5697892226660765
-2.3179695210546916
-0.7432328774884437
-0.2135487150235983
0.5455967193455867
1.094768623374033
-1.5103152977964247
-1.1347136059389187
0.3684592746741843
0.7413469335356444
-0.34722830225258705
-0.07663119073612651
0.2434482665455811
1.6031584599030586
-1.9195547546576495
-0.07531461891056535
2.2791033254928696
-1.1467305251173951
-0.39237732159639716
-0.20130155193354157
0.7437773516559545
-0.6574148976741859
-1.9731272315453474
0.15128861654813908
1.078922981547755
1.5466765853559878
-1.4419681645079234
-0.3480747089279246
4.237315947798591
0.44839467748548156
-1.7221904236583834
-0.27943860877893734
0.39853680560181715
1.8015040876762263
-2.087998836447333
-1.8624074921073337
0.7326020208392684
-0.6227506016839405
0.8020294129714246
1.466040084639073
1.100390189718475
-0.33315153211647397
-2.458179169052515
-0.6703352649807954
-0.6473113487405971
0.08934950436229694
2.0933863485358977
0.23012529639472834
0.9818383560699787
-0.3803770219997052
-1.4459744212297445
-0.8536035835656022
0.21906423927312368
-1.3748685401465468
-1.1085646097265451
3.016137151961109
0.8946200188064473
-0.534846598363932
-0.39781489596776687
0.40944851895808565
1.6353664519127873
-0.5783280415865257
0.28953924324185354
-2.0254607150084145
-1.5403831935956607
1.8215716068085237
-2.7165955129258563
1.3910948316013358
3.6322967306159297
0.4367942066352235
-1.1181058121632583
-2.380583085252698
-0.30476284864849446
0.43192936553494493
1.7588155386656665
1.0496179206128433
-2.665379232292847
0.15786342952810783
1.3271352487485029
0.2765616298979754
0.3362736133129553
-0.288740703210401
-0.4867172231890875
-2.050386967188436
0.11590438392763569
-0.588777964789596
1.0037895285849778
1.3780229456374948
-2.3435037036935533
0.9651869672665407
0.9475202237639968
-2.2238920709801118
0.8561297907672443
0.5505194994465946
-1.2993389544780976
-0.9805369441101538
-0.2779845015244188
1.5352224977791027
0.9979180170266356
-0.45437124657262257
0.7236238247502706
1.7793487640057282
-1.6972267174955218
-3.010291683537842
2.3628166210875152
2.039198163194941
-0.48434490996212
-1.9380699086513786
-2.0681140691538387
1.6569142404026678
0.7316187460371695
0.48546251724811473
0.5999579858649938
1.2696888912655704
0.08869032918340908
-1.451270478272269
0.6351353468791853
-0.7461391013856403
-1.4005807670867485
1.7818587496165605
0.4920935681376486
-2.108080981173661
0.254863921826755
1.1513705140047046
-1.0110867440079945
-0.8997901400623063
1.7959225114493815
1.0668178333444742
0.40813574248261053
-0.3943696169471262
-0.9883501355566882
0.6019655356359406
-0.6119550184447635
-1.4375178362428915
0.9633224497075378
1.8814776772442707
-0.6020794993847569
-1.2917562280618882
-0.48058656985035764
1.7545464211683888
-0.6958385246747447
-1.3056577128992197
-0.3649117426985635
0.666720425550576
2.0720463362959483
-1.2408312516956261
-2.1360353172262
0.4314128123825698
1.2195198876284026
0.9303941552653159
0.4752289031224145
-0.6122592663185462
0.9625499799747902
0.03245904906932873
-0.3634658297790998
-1.6230002017822245
-0.7412234744322609
1.9570119104620523
0.4083312611897806
-0.8985951758269813
-2.165612540171478
-1.2903587672494519
1.157406036816368
2.0399557090248246
3.2058616898794767
-1.3418817394211753
-1.1306280855356219
1.8305376296843408
-1.606710900812171
-0.413259371356951
0.7290730758777928
0.7567134434781844
-0.5547234608765086
-2.1009979262285903
0.3647057093579319
0.8838424998787104
0.9832866189396541
0.695836595685805
-1.7827638726106203
-0.8662384146992147
-0.0330975472131928
-2.1845388858836086
0.550042000419985
1.055293581316378
-1.6991310112590614
1.570410405205049
1.539566230509338
-0.5501435726590194
-0.5679259141995889
1.0519637104659
-1.1844785015884347
-1.7942329357266438
0.6536292804849451
1.0274435564688464
-0.5407293537772295
-0.0013116418167593569
2.110618960268175
-0.7519677954650243
-1.129817923404244
1.0193433035020831
0.1763434113943766
0.7835682202681455
-0.3334402296362228
0.38999768839190563
-0.4082224419907572
-1.4861910049875797
2.083841472475786
1.5124133182089203
0.1257233949159411
-1.8392954392153062
-0.1372571364204479
0.1077793925366818
-2.765450356016827
-0.9458340606959044
2.3132072551322347
1.5491684275246143
0.3737837467314012
0.6588212012772108
0.1473985347053316
0.9258974276011431
-0.5710268535414242
-0.27550735376002344
-0.6801576665572028
-2.6911503699473127
-2.493978848934061
-0.042640632809064494
1.0793689620444893
1.2582818915828957
1.638626607722479
0.14127869688417793
-0.5858432532802408
0.729662693709348
-0.15345904338259364
-2.8899949212746683
-0.7659480311227962
0.9740223948512445
1.5039701276664126
-0.5273410218921217
1.5324865036581505
0.1550405558932485
-2.1988476190032853
1.8212684829316281
1.2525812603198005
-1.7877489294322468
-0.3674749091355277
1.8635079544925768
0.8103798577847394
-1.8472662917538907
-1.0625715506205915
1.0532801763946302
-0.31951265821301733
-1.0921930420767776
-0.009262247098205334
-0.32746380243817974
0.716532631062236
1.4424715752929758
-1.6538334066950942
0.07231608631430075
2.734737925128969
0.2306050773370949
-1.2956406309589452
1.0662564456625994
-1.102488892659703
-1.2332055530019885
2.271153759499524
-1.4653906207085765
-1.575019309886346
-0.27144351477094286
1.8508883950147006
2.22733213415836
-1.6089721016690544
-1.9752089775425974
-0.9827340180059565
1.1965014879928564
0.8669646729379232
-0.5885180552521468
-0.40809162638727653
-0.8204226763625129
2.0628099821042545
-0.4498789545312003
-0.8914750955860997
3.4152343820844653
-1.6837684017363972
-0.4147618428722135
0.5915121509078476
-1.769305900503618
2.635829259901379
-0.7706797634317393
-1.1596129551346137
0.8291549793537025
-1.0637822214883363
0.9478367751426817
-0.04023486129745692
-0.5164038302961422
-0.3762760610069223
1.8680303786499777
1.033210099634049
-3.3300126878759038
-0.6669640400579315
1.0889355521739243
0.28251006611046836
1.5263345106620212
-0.14431003673934384
-1.3873315480077462
-0.18528063273102402
1.2178301293048432
0.734679439538095
-2.624135698074009
-0.34269149096904533
1.3827120622883946
-0.32717745233783785
0.1697718212037218
-0.5362994796308298
-0.11754120954519726
0.847336822803087
-0.44360982995411224
0.26364677528284963
1.011515887654165
0.23378231682121509
0.09650102448880266
0.33354192000455185
1.6104005699654573
-1.1148491232386362
-1.7786451652868052
2.9066611082543616
0.21101201595215907
-1.8426206402646703
0.29567900893359017
-1.163859975348512
-1.5280610378233566
-0.5257270388569177
0.13380452100484808
1.074334903772069
1.374682709930298
-0.23694703939586245
-0.9175259213204814
0.031428524700122196
-0.1989430724296156
0.3053051975369927
-0.009931918458923938
1.112347979195191
2.1543511347903066
-0.9877928421849976
-3.0140149430638425
0.6663317435024688
-0.39853815708533213
-1.6896909856169875
0.32537251948607904
-1.8799781609101904
0.8776145351881609
1.8952327137119322
0.1962979679636987
0.3399382505379239
-0.4685206877590009
-0.845962541092921
-1.0482653012767962
1.1800622942643249
0.024247736708849166
-1.0721681010318038
1.0322495643394045
1.4166350805656887
0.5716582130041946
-1.312213966580643
-0.3761006186863952
0.6031942876582699
-0.3175782649193535
-1.0325191092333745
1.3691986298890322
0.6994325069915157
-0.33238288104705094
2.527296962120642
0.3171769065305683
-2.328549815060043
0.9175158563339552
0.9698034515486589
-2.5861753812379504
0.1285531427534442
0.07887441660782102
0.18959484727721032
0.5321849065685113
-0.2955907304943457
0.8445282197188237
1.1899224728525046
-1.1089532748951136
-2.3571142768835283
1.2478789717860115
0.4944138489844423
1.0286128988833976
-1.7304227589515238
-1.2527197168955617
2.680944281751842
-0.7572074010932588
-1.5452714193935742
-0.35974962967704693
1.519726863870184
1.9283035702068756
-0.6367231533321149
2.185003122753651
-0.5058410578627459
-3.963372769594619
-0.49564547991778546
1.325338888569867
2.2870474335978677
-0.7304821675764914
-2.7235839098471333
1.0233963482419646
1.0935421229887956
-0.6906306703600859
1.8103799331787709
-0.11801781449610196
-1.3219838244516544
0.9649312171931079
0.6456113214330879
0.4584200456651132
-2.688006631207493
-0.35330786374416423
2.9537092588633787
-1.497393253876347
-1.4679022457286153
1.1066282282201512
0.6083013662965404
-0.3931811239642601
0.21191682403549417
-0.022013570219843626
-0.4453553994627013
0.08690077086673187
-0.10625134808911019
2.3824229530423127
-0.043782357170447594
-1.817939034507738
0.27741469037554023
-0.8451875289706318
-1.8238109300045158
0.03943222047082372
-0.1008597147599477
-0.9327689115200054
4.762532523658717
3.4438837503196975
-3.4492634079506175
-1.5348952613873568
0.2432004400706917
-1.1524339100196648
-1.4920119231974487
-2.08646408693363
0.135736067750025
0.18418400002794066
3.224404412160346
2.060355431418376
-3.095529302100032
0.046011772964592135
0.08086526720160703
-0.12131732776250531
1.8911305806055891
-1.4632006792329246
-1.0936219947154513
2.0621087026313267
-1.2897285369310092
-3.569161091154761
1.2028362187567945
2.72658891165127
0.7584798021185712
-0.029606195655106887
-0.5956496094400627
-0.6893252821313776
0.976630702606018
1.52196086683888
-3.4260593804687147
-1.6227901511610647
2.900587487035951
-0.34707740169999357
-0.9898109018907671
-0.5397452608087214
1.6155394629268112
-0.2590354551854144
-1.127235530805632
0.386887770682776
-0.5923950250738951
0.20256832173766393
-0.5583611491423526
2.2835599290708366
1.2574398579001436
-1.2404180944395777
1.3104361334049355
0.8021185029827287
-1.0591989241706263
0.19817308088948934
-2.1475654997560114
-0.18433029130571982
2.1270511752144077
-0.0218265369964685
-0.022626264324497526
0.4906934203210751
0.6315684437876055
-0.9635976125802371
-0.7428689192718458
0.5723686306407758
0.31732795701019256
1.9996143208527744
0.5356637530292561
-3.197244694903519
-1.8367177777365307
3.7442994494712165
2.2557116490336204
-2.1132748303805333
-1.729507621350896
-1.1661836835130677
-0.6678714789215694
-0.8033811124277611
0.37629757298563804
0.028616977279682043
2.353240780048357
1.5752331979908005
-2.591057415779307
-0.7153658812754751
0.06060758934653432
-0.01783264483908531
1.639160379037861
0.4403202916869966
-1.4944428939455787
-2.057985531999463
0.739581730885046
2.144529478842249
-0.3252453593397553
-1.062955700814974
-1.5651436037077393
0.43112975776773416
1.6789835806874294
0.4429151985659161
-0.5378087107446083
-1.6815833410542058
1.6345295077919526
0.42156765061419565
-0.07514872898139313
2.0891237230760007
-0.642182801589224
0.7630121064292129
0.006754801683788947
-0.11168713332746738
-0.4562290516324846
-0.024834647342037774
-1.0136575265854846
-1.3451644833909437
1.0204636966204883
0.6256112136522686
-0.41318412182684133
-1.4575996858573324
0.2761218114078049
1.2467400831570816
0.3130530675782047
-0.09528146833462453
-0.777629643116025
0.3597740604754847
1.024290741521092
-1.4610595646109086
-0.8748324334126599
-0.5515705079828551
2.0140396701876324
1.893276212830123
-1.1797226970540817
1.3824890913024817
-0.12063234227398136
-1.5152803250704512
0.3707049870988783
-0.15853900481194416
-0.03618367248715018
-0.46793032886299324
-0.7515479043872656
0.4580356335013147
0.6693479362137811
-0.41815680537922933
0.08913915425916422
0.624146803584066
0.9643295877006567
-1.1234685382487286
-0.6750509184790281
-1.4076344270800698
-1.7010290639272279
2.354709405151075
1.9683767502706373
-0.18205260103084606
0.007155231072129342
0.009212704206088912
-0.3192448303737559
-1.3483991111139297
-1.622680988840349
-0.3399876524448364
1.6002891476622865
1.96081621420207
1.0903986312044722
-0.3047631484043073
0.1677860732548826
-0.020903033511306512
0.18191107503697612
-0.5665227577580432
-2.9831563309056897
1.5835329375175706
1.208460155964058
-1.1026828648343097
1.531063229911765
0.6905290673300818
-2.5788830719807767
-0.7157836352959821
-0.903246183657288
-0.949319860539423
2.7617915298088986
-0.19167061884450454
1.9693724649653255
1.20734968995172
-3.351751165697597
0.8365571213052542
-0.08297476397828141
-2.3171095097188306
1.5521478346352073
-0.13117918799664485
-0.4907877692785524
1.824236834747399
1.0959856468019962
-1.1851996836798953
-1.3496607040518263
1.5520151974659022
-0.31996537068109254
-1.4655442208230873
0.759821503437816
1.8748043440399174
0.6153547615260015
0.7935578550801969
-2.200029276870928
-2.9466566855962073
1.3292268389566704
1.2871783093755824
-0.5853674354910965
0.5104233275038561
0.6564972624005585
-1.342896880022183
-1.1745317704886467
1.2337858274341023
-0.4144547632732146
-0.13498022804863707
0.7358239266388267
-0.053424863936896994
1.8792303062223619
-0.45247975970395676
-1.6430883415350805
0.6978218042391982
-0.23264894394923613
-1.021134300161678
-0.3306702695277694
1.1786965233028923
-0.8000577148334982
-1.2700993332397106
1.6793582308009913
0.08689119351417185
-0.7107887174285661
1.5507051693418243
-0.36863351772907466
0.5406591343559044
1.068133312511549
-3.4656825204319937
-1.5852773622883944
1.7605382089556145
2.341637991024249
0.023547338338959722
-0.7208032314663693
0.9433663481821082
-0.24646302890810207
-0.6624953322320124
-0.5389511966149128
-0.1748331792964428
0.18139660487463816
1.2354738352019428
-1.2853183890786917
-3.4361968653517434
1.4679935453230795
3.6607813227537025
-0.1717144925540958
-1.9771519443950818
0.48906120466959535
-0.921275808834867
0.5840032654626278
1.2422362021206967
0.6717784060769391
-1.0658459527420912
-0.12648692053652622
0.1351105122007581
-2.068263893084396
1.0393524700841796
0.6536586072247133
-1.4666061628333091
1.5633866564537104
1.5875102545485773
-2.510964336449855
-0.3481448055958968
2.2667295387395425
0.10569647678694614
-1.6076628706237233
0.15889591001836118
1.4555180746340386
-2.8865904643357765
-1.4177548338316435
3.0115599433398477
1.3076676240486278
-0.7610924863839226
-0.9559756461539893
0.22661231675018523
0.07194667844068936
1.532450833017578
-0.15598453892535857
-2.4104833255767053
0.5817799868072266
0.9779695045500667
0.30957640923060625
-0.23756608547006558
-2.2618011368510755
0.45429687988547424
2.8842445137457853
0.06787937480729864
-2.414354070730546
0.23354966845016004
1.2336621466531632
-0.7820364044817782
-1.695629190235863
-0.7280440687442187
0.3859878996185877
1.4997807984174165
0.9799642164859047
0.024006803319488013
-0.5641551910473619
-0.3660057274939418
1.9965015621161455
-0.036953004899529254
-1.671064024216877
-0.9966075285512966
0.46582545254175245
0.7932606171136591
0.369286706901126
1.677788786897516
0.20867361672895945
-2.2122213562829947
-1.9480894828942517
-0.09698474630041842
0.34553937519767997
0.04336770776553478
1.107305373035141
3.5522442150773066
-1.069389737696516
-1.8317893473159177
-0.36681880269986356
-1.0764879193924344
2.9838263227436754
-0.5329120742482155
-0.6784993181733037
0.8140311158381
-1.393862281823079
0.3555812709979981
2.0023783737981695
0.15749763801082683
-2.422440985422569
-1.462310332896943
-0.8314516519989182
1.5978162799900457
-0.23880375929900888
-2.103945419592347
3.4307081366836627
0.16764143241300467
-1.000787598113166
-0.31062043486977475
0.31164663620890964
0.32234471157409206
-1.3041843198609246
2.4302029785163928
1.2380250065525076
-0.6677908473566435
-0.16065145272626702
0.9623068107058
-0.6594030502000032
-2.3908955225716197
0.5666260765846325
0.8429911855195029
-1.0066149888649878
-0.8068176917200983
2.255275643218895
1.2368248543922682
-2.6780211255561768
-0.18307729922735905
-0.6749798913470033
1.0357504825837
1.464448598120089
-1.138601321930614
-0.0354343412600021
0.5927233413030476
0.9777202727458644
-0.07437416641428063
-1.563460992337574
-1.2928303128546526
0.5875069627931626
-0.4578793621496806
-0.5758665701301928
0.9716931329484677
-0.4090754772607482
-1.0995389701023288
2.3395368006469357
0.7985508596350348
-0.34424585616039294
-0.4691272226913907
-1.8176695235656393
-0.09560318278215807
1.7499199133022274
2.863366229467938
-1.4322083135693702
-1.540698387578126
0.24285601654312894
1.0240878424908653
-0.8883101676302819
-1.806668909763998
1.2187040704268928
0.7937645752930755
-0.1908751336285365
-0.3824452778274237
0.6567190352189967
-0.125061373583434
-0.5837422376214928
0.22511254700716632
-1.420699734066224
-2.10453507752086
1.990388549743209
2.7884598527613145
-0.9187410964434011
-1.0826410262432504
0.046122379641897415
0.7457817071257622
0.5962133797987289
-1.0555169497045258
-1.0163700914996698
0.9782440246634416
0.3872507368159556
0.28155119728745054
0.3874072719409086
-1.2407447124079036
1.2674291508299913
0.415581999763451
-1.0607271192027905
-0.06488512740839822
-0.7455974506056837
0.045969510664318036
1.3516279617007037
-0.0015472916254460622
-1.365121138734165
-0.08069921720145254
0.4491263584141972
1.9607701785486318
2.3493542955690834
-2.753337466964097
-2.0033649989233906
1.6401388159033805
-0.10829066229374767
0.5336066440405292
-0.3292606152624522
-0.10674562141546295
0.9837077595926851
0.4645145081253812
-1.2348135881353415
-0.46432749023912046
2.426459852153617
-1.367899504937218
-3.3838071463811357
-0.7102983518834348
3.6951188595237996
2.4932767880153834
-1.917812563729709
-1.7151864731698847
-0.2366982087504095
0.5600364291062211
0.11540216601666486
-0.9947759980799831
1.459881748169393
-1.7066324701721822
-2.204471838228342
2.0221287668412353
0.4886632455874154
-0.2635978597853458
0.28796470418754005
0.7068423025484185
0.5750223883045398
-0.562593974853742
-0.6372838631064808
0.4466591080256273
0.4989821432384384
-0.2498804151290488
-0.3103002587456555
-0.3042621736039726
-1.209492696519877
0.6401604219307999
-0.1913101075463579
-0.08777328385275049
1.5562226150389378
1.6838152328610032
-1.673467416083234
-2.4590974320341714
0.11367321208189973
1.5515263658084284
0.9109620979614016
-2.0496787719056053
0.49218363243445995
0.7070988632296058
-1.585461178668715
0.7692041276493979
0.3094491735158875
0.7511408732297964
1.4049008913525016
-0.35164898664237154
-0.1305117655051184
-2.289878801568939
1.3353940883882436
2.7942894842767707
-1.0686621780940653
-0.9374377553269125
-0.56218716865195
1.4920763087563775
0.2793225879344145
-1.2873649160888772
-0.19841650643412317
-1.8897898814321077
-1.6555217481736773
1.8815024473212354
2.980154057798237
0.4075687808583292
-1.5507488427259069
-0.19465477902208306
-1.8648011985894972
-0.860229420126707
2.468733108354317
-0.7174881173664314
-0.21759341931308268
0.031882630264704614
-0.28496952756624405
1.146042327252496
0.15289410995855635
-1.317170968644335
-0.5019759974259571
2.176086912993269
0.919614859329847
-0.16520834895793213
0.5920556815669719
-1.2054248996604715
-2.0796524216390613
0.4469151558835719
0.9740869793675965
-1.5050060485410353
0.6633400423022331
1.293410322364254
-3.1604703200223687
0.186488938842437
2.703150932837533
0.9642869229556662
0.5477373371941592
0.5823409188145561
0.015219270682708563
-2.5347450327098637
0.3852441399071913
1.7834328798081431
-0.12003973130405021
0.5367282317961573
-1.1799460243825999
-2.5357181830102826
-0.8187763560095612
1.8038638702774823
2.021942105185221
0.3480408919709256
-3.259755728448277
-1.2527194835934052
2.2056983496269047
0.06519288539146406
1.0901552980611608
0.8833238074179401
-0.2667464848421889
0.7130292024779382
-0.1730856177907425
-0.4629534601886005
-2.785579286672926
0.36678035211242266
2.1726688671718812
-1.4047218597559814
-1.4693543360745938
-1.11387391365567
1.9797219152134788
2.740002768492599
0.5938687995185274
-2.820429124011179
-1.0952226059523043
0.8378302609053895
-1.3342545174091056
0.8453774855516392
0.7725784627617382
-1.7004324433870626
0.5412790667200442
2.70313212567852
-0.32452291647494297
-1.7558066097165521
-0.8949602835928576
0.8002733909040186
0.697176633942536
-2.5644267708026662
1.3429922841490023
2.803136809647189
-1.3593868118205747
-1.0629619639511132
-0.03876058438019431
0.5467722994246313
-0.04829159357590074
-1.0341043575959898
-0.9977619898809883
0.369432302261116
0.7489923113371387
-0.28963437891878707
2.2357692964187588
1.6922286180649229
-1.0493185899944035
-1.88033865391409
0.331881780032365
-0.6577191986987576
-2.3599545045303216
2.9190250267751026
0.4351477301656468
-0.9698004636476453
2.667610026318653
-0.21044836394402058
-0.708221714411709
-0.028480115052860924
-0.6922813329036733
-1.5970943515942704
-1.3634372197462459
0.5068920982349245
0.8587560724851069
-0.025016951464695847
1.0898068359213007
1.7575125555246394
-0.9820064997552507
-0.6491195454475303
1.4719643118676793
0.4897035938498816
-2.0398079891414467
0.4098677675809769
-1.138009753179265
-1.0294684464860908
2.269634143869978
-1.0898305970976674
-0.30235415725699993
1.345675960765345
-1.3118429964894267
-0.9400188106244096
2.990239214661522
1.7537367189213504
-0.7687509183012342
-0.18720720485929132
-0.9360598010577138
-1.0916844300012298
-0.9272248019603911
0.3449450777246665
0.0005673935159820065
-0.3967667278972885
0.879120425832983
-0.32955777827948823
-1.4965544160659814
0.8077907913999312
2.1760445587403763
-0.40246846049105517
-0.6009185997928358
0.6760699865797588
-0.8484365374936276
-0.6785025341971944
0.5292907187245757
-1.3548133264616906
0.8044076537177176
1.62211681686838
1.374522990326576
-0.7153073324831272
-1.5983343647506474
1.9096863251433929
-0.42516264844263074
-2.456901533359681
0.5371235340113987
1.096525371550129
0.0012590751578022141
0.9715505567742863
-1.0296415735039854
-1.2943897371705662
1.1076732957216342
0.7582798278780247
-1.6133682400036933
-1.1952551195961592
2.1679373467366507
2.1986979950065946
-1.611037297165985
-0.8646133011974462
1.1480487295683275
0.1210521934001913
-0.029711639659205924
-2.151785737891104
0.561480310300333
1.8987658291008733
-0.9975382598689543
-0.7053821420499404
0.6332597843531693
-0.13327356906038318
-0.6817638369718892
1.2341936272926395
-0.28455547585888596
-0.3596832192322217
1.7376777540718886
-0.01964911300165817
-1.8839805623287833
-0.5924387628517727
-0.3504438032118865
0.652879053670043
0.5680447566583003
-1.0243266610617483
1.6286871386309314
0.5498564612597786
-2.3208867577898746
-1.1384338801417506
0.9709596137853129
1.5712386495193476
1.0310202667039263
-0.3164639897094248
0.1618940954894561
-0.1407464926094928
-1.6306579094570106
1.8227830553870303
2.2889787816026224
-1.4938724557502894
-1.2465811815456003
0.3865290545684234
-1.9875121382907972
-2.140917600710867
0.19708534515807363
2.260636802494255
0.479311805948898
0.8145103711571953
1.134962781404189
-1.4612945605193994
0.6448219676464764
-0.131829619986245
-1.0073854941378144
1.7088133601779658
-0.4415358770594975
-0.8366442702730662
0.02168292223718865
-1.5449248443609165
-0.12455839312167843
1.9891217934514351
1.5713444956362876
-1.714879769297168
-1.4153772764226555
0.9613097416868246
1.8226243084762035
-1.3667558293345938
-2.774556591186041
1.2302001090128987
-0.3443238483973494
-0.308989948872418
0.3111018946867159
-2.396245434681148
-0.04754602580930056
1.87682420566309
1.2848769767472747
1.0550169603343305
0.8099892227763321
-2.5694653448050895
0.3593031693453088
2.317651848828564
0.3909989298789187
-0.09729202567073883
-2.246538499211123
-1.1507216881097404
1.894670774133425
0.9419455292055241
-2.228092316238727
-0.423238265563886
0.17938439894222946
0.4282483632113958
1.0437495714134217
-0.0513672200504655
-0.5145734072634954
1.4180935313420533
2.4549537940136985
-1.1086197498486612
-1.749248753807739
-1.1330586684457544
0.42527194736652224
1.053368147143024
-4.112798035887399
0.3587603991776185
2.7349274105024044
-0.5936107551602469
2.2880886543612644
-0.9254949461513595
-2.969841911476701
0.784053743695638
2.477361281094236
2.4413169364476666
-1.0423443746265277
-0.9944404095733197
-0.5765649512890392
-1.9909349555792675
0.7809391646725241
2.2623811928723048
0.06039105570687964
-1.601433549651755
0.8631554597137805
-0.15933734890074802
0.9464811911095012
-0.8727866064540294
-2.278679962203744
2.607563974462685
1.5435608015551447
-1.8855068027642217
-1.0755583857668944
-0.6773445364408124
0.3666185008236602
-1.2501833260935618
-2.216842682316512
2.5937298949261827
3.1604422970339785
-1.2911342023590446
-1.929798937536606
1.2799452715232038
-0.5990968118631427
-0.8283099828965774
1.5962051875037626
-1.3250478667039665
0.5826314077793319
1.338236242401
-0.861705099580182
-0.34561773131783446
-2.476653969981231
-1.7721306657835467
2.5494056017479148
2.5606858048410803
-1.1739340755520509
-2.254223062455398
1.0846164524053874
1.8755515805846763
-0.715541259282757
0.3588859126545106
-0.6031448248570483
0.38547518005522274
-0.6606229082754153
-0.7381506723349855
2.6254554186918355
0.08216089522005565
-0.49579514279384573
2.194809719518645
-1.905198038910834
-2.348047255697481
1.704829574590032
0.7920964328903622
-0.6045244824765031
-2.711822413605411
0.9784181498951979
2.772959830882876
-2.3615752605373332
-1.572567842001556
2.727961861717951
0.6636633898582454
-0.7458213738041951
-0.7972200238199281
1.0192147055663718
2.11042971854737
-1.4770603944086926
-0.8634853827514142
-0.6014134485529252
-0.690790722008135
-0.39930812163941376
-0.3073720056232061
1.5504502217452103
0.8043680660716306
-0.24528705075019297
-1.689589772038271
1.8662894138746178
1.3856861265192928
-1.3012392730703999
1.3969151917676355
-0.5337477022248208
-2.4747830586768904
-1.1821427457553697
2.382141368127935
0.5995047811954851
-1.651936579110717
0.8670366978998179
-0.23685076393538806
0.32605342006475124
2.901758312547779
-1.6775564137287953
-2.808662874861927
-0.1319053498247571
1.7423735485767078
1.1016780945611653
-0.5353833669887705
-2.840167917002999
0.5627213710934377
3.088476748964784
0.7762033722022653
-1.3409061756673486
-0.5210197696573299
1.6626898339703282
0.7416254741122209
-1.8575042229532772
-2.351085134621124
0.5751913779216327
-0.19821097625060335
1.605757211324928
-0.21299045453677234
-1.6935253880190906
0.42759397037034597
1.6563966324102755
3.227262638692377
-0.11836723825944617
-3.0332887019158434
-0.32546274518198937
0.7339868677969263
-0.5823905370679621
-1.0124291932946208
-0.37957739728360296
0.6079064380121884
0.8197474741886539
1.0395302772293882
1.117238588763256
-1.1929247636195803
-2.9515053452877735
1.3667366262257532
1.8391180054963294
-0.3319404701848876
-0.39248568387019633
0.3814811677279798
0.9650181750095083
-0.7792945337583025
-1.0188811292612563
-2.132775683001801
-0.6982394429675443
2.5764544780166614
0.5244917527520663
1.6546274070057505
1.952539065344603
-3.5906013079598114
-1.22649815503729
1.6511306369027614
-0.3950780897147996
0.051720429332225926
-1.930512661348926
0.13498378203298372
1.5570830263969855
-0.6182768041181529
-0.10747077018153053
0.39850890461738087
-0.18243304502086446
-0.08568579712666646
-1.994474048756518
-1.0903292935327102
2.261944981392885
0.37639941966725105
-0.8644920831884768
-0.40530117164862073
0.8104767215864574
-0.12977321278738574
0.7701560919173128
0.7876676060619449
-1.2708472337423167
1.9464933271555989
0.5142697175780936
-1.5506351255291164
-0.2756576334282942
0.16870984907219236
2.2042015646937085
0.331063324393013
-1.9694296508406723
-1.0354768559280974
0.65779602058521
-0.2469079830046194
-2.2736239806690057
1.3300884274125049
2.3668865606887377
-1.3349207236354976
0.8502543893039403
0.9167882338099786
-1.7037799416916428
-0.6275173108818871
0.534011774263353
-1.011621269665973
-0.20865678407477156
3.9423214770091892
0.8500501755782208
-2.2240027125492494
-1.2631251714641416
-1.3573020074128277
1.1025895941863735
1.5341390511635877
0.07171598280853564
1.056033681143028
-0.16801424487868333
-1.2272176172649414
-0.5188725951127466
-0.8547841616038898
-0.07192377922540971
-0.18540167635561972
1.5392670494082032
1.1685071382673464
-0.9850201661091984
-0.15217817565850023
-1.976292860757335
-0.6042477872386023
0.8689538973290053
-0.2515651963285721
0.05617487155462442
-0.6304711019761586
3.103823192457864
0.9062348734050024
-2.050714126487947
2.6777834644038925
0.5036290891893018
-2.5801671092896963
-1.3663961672723621
-1.8487342266590852
0.28085060263785727
1.418966347964714
-1.960772095725395
-0.6437289698442791
2.500958289055717
1.1216833664016401
-0.18584674686059932
-0.3227070371356091
-1.7772879782437745
-0.8435793061573891
1.79962533052596
1.9003798100758285
0.06800827556398881
-0.3267270229264802
0.29738436592179
-1.9872810161708248
0.26118531621438046
1.4195449107450717
-2.4312642951768244
0.7376832240003524
1.702729733387309
-0.034201333020728475
-2.0339598303831785
0.12670325316499242
0.6646533827824608
-0.8542946548522867
0.1214764786131215
-0.6174052327643753
1.9077417751475485
0.7547132508418751
-1.0117906068491767
-1.7037375763476907
-1.0601022996638825
1.3685814180443554
1.0214686487244629
-1.0309195952697296
-1.0463776972617544
1.13223002383223
0.2722160595394034
-0.43324242395138035
-0.6293262837929889
-0.8838264373147682
0.5245597696209503
1.6824198446784617
2.6428095941373977
-0.0397634336946136
-3.6601188032030025
0.1857188689067085
2.4679378809876384
-0.5928999402816406
-0.5255400340398455
0.4252920441989656
1.3574346420365644
0.6130823446384142
-1.6469269995342177
-1.1141443411226915
1.0217436558659443
0.7763874312415752
-0.6765695461768406
-0.20323588177253482
0.22782329478574645
-0.2907975776585882
2.4869066635585027
0.5093588013366493
-2.1215304797607364
0.5778438604856755
-1.523959722935031
0.8307357733876348
1.0031791653416
-1.4111754295224284
0.1322000460570485
-1.977562708661817
-1.4430248362094844
2.147025393240314
1.7791362685382777
1.3898759683331523
-0.7276863645045324
-2.04083612097146
0.1537213765952166
0.777511235073928
-0.676650340980207
-0.37643920162941014
0.8785342897203903
1.071926527611957
-0.2951050928604838
-0.6644046612065835
1.653679805853652
-1.7838509504674367
0.20240457008570667
0.13532494996221445
-2.026255938012352
0.28615967930027086
0.2655507677814224
0.08016422561234826
0.4751058689981837
0.6695101689807407
-0.9933928833917669
1.078976875171618
0.72475958704624
-0.8211129626327751
1.0601591289691035
-0.3614050724534542
-2.0797396560594157
-0.8998525872419891
1.301122356624646
0.0412356110748634
-0.47944992337216197
0.6121138879060234
-0.5501461441483495
0.3861256670386351
-3.28885148715496
-1.334402901132372
4.2723540974455645
2.0309515298597884
-2.1865556920078792
-0.6635559999902769
0.1472773229599489
-0.2110291657412594
1.883702626555348
-0.20102474920202174
-0.5662479108588467
-1.08903320751144
0.467453161019256
-0.257963987774098
0.36242211221473347
1.5929558756972588
-0.7812755178480058
-1.228871147789477
-0.024273698536518284
-0.47637104068152847
0.5085580674964784
3.9188624269278343
-1.084465430696231
-1.9811235407308248
2.2891529585454
0.4430755400140127
-1.3192787314220742
-0.11296700778904734
-0.04666636945772453
0.9249313066835607
-1.4896861343325762
-1.1694268275038477
0.8031766135465388
-1.2798703087895773
0.1420564561454507
1.7175597322157359
0.36341335799401925
-1.7954866873447024
-0.9502258119469744
0.5860989410894134
1.411579843400388
0.30095180428627755
-2.3443509580243402
0.9715454158603434
1.3825641402554347
0.1057647791825993
1.2936466926578674
-2.602985440368286
-0.5947220404702955
1.3564379961907367
-0.47872497247815016
0.8207229467071511
0.7264289968248584
-0.482732980223836
-1.2159580725995736
-1.7544991919857134
1.5365730785386713
2.9425466919982703
-0.3607815669326381
-0.9409508058464672
-0.04214754548989205
1.1440878905268486
-1.3794884627212018
-1.2843950210881547
0.6507164441680087
-0.3884905814518359
1.3527606506816097
2.282602345521147
0.4502647585640891
-1.2224297771309336
-1.4301730933608536
-1.7827141381461376
0.8825421066102896
0.9647841454052418
-0.47616079016139623
-0.31730029041341434
-0.4445694662882794
0.553531498814706
0.610632476505085
0.03296529262380976
-0.5392158038052971
0.2576531536756004
1.1471673099530688
-1.3021820798275439
-0.5286097171130979
1.5994037970151718
-0.7139657888028724
-1.9934503247073907
0.3941141072623776
0.0807110764329182
-1.7560659126106346
0.8899549359547079
2.5622367021812815
0.18261505930514865
-1.4030032792964726
-0.13744013564297905
0.3613390436785503
-1.4780993120267851
-0.9588585794816468
1.3841463307133473
0.8100591133084902
1.4037945037034325
-0.523838504281749
-0.10790405879830567
0.8008131354127264
-2.5655624254287965
0.38061800569816995
0.8825415980323436
-0.5759085716279062
0.7090408408392382
-0.8795065118616465
-0.34778197022335605
1.1850536077204417
0.595283340772092
-3.015232037212213
-2.331838498444921
2.7379893207750823
1.9932244112146467
-0.45014407014671254
0.6694550931673461
0.2951218169718827
-0.6911151074491704
0.26899218721990675
0.47043327495318416
2.288001098621062
0.4594229449675348
-0.12538455160187345
1.6179475138258295
-2.2278484052814695
-3.616031513110721
1.6433189548437483
-1.380138975379389
-1.9226244513362458
2.9703681466558223
0.374778616334673
-2.215186654610318
0.8589400163265151
2.098112102335228
-1.3213214155084272
1.153256454929903
0.3148108449126803
-1.6722374110891547
-0.8234871178435288
0.19881899963810357
0.8795539548720388
0.8160622754133723
-1.6856586259478188
-1.519883842246919
1.0981929424692072
0.30670725632333945
0.5600904979191127
0.3801053275008647
0.2590649077397467
1.6095618297538912
-0.12168718959599827
-2.1988804680693015
1.2952530703373375
1.6666302749743078
-3.1574462528535454
-0.31073949376024235
1.8417492619416422
-1.3781157088758769
0.1275583859433035
1.8764700011079114
-0.17568977518381287
-0.5047912849652588
-1.3358693600826368
-0.6513439431532939
1.7633562451005274
0.6508567054351597
-0.32872101178105095
-2.190425732552856
-0.08432983147587315
2.8633384702154654
-0.8170461445202377
0.26147651274375816
0.12211686633667451
-0.6259329562904403
1.0824440745615334
-0.4933049519200493
-1.1929887937065708
0.0277793554190634
-0.4978186943451969
-0.957575135203264
-0.3205382794548639
-0.3907242029351592
1.8897675500008355
-0.29307033638167734
0.17257624583507575
1.782503796075002
1.679579344556188
-0.7184721556672252
-1.1768154828506225
-2.2943907355477107
-2.088296109397385
4.0099094306149325
0.47675873608516606
-2.401640677565532
1.872261059808241
1.8019675846515497
-0.5842787582723361
-2.3496235220782995
0.37511036376335793
2.9981613980781123
1.4021530638006006
-1.7171320976821502
-2.055505665573972
0.04465027718247336
-0.7492230371151853
-0.15050625239046533
-0.25881687944700965
-1.686691859533869
2.1458241110431135
0.5733446233626192
-2.5948478770936023
2.6792295783318143
-0.17102789317115152
-2.3225668370660344
2.0076650049262774
1.4813310737491534
-1.536100980971658
-1.0171858689086506
0.36742437530327127
1.789693483974275
1.968837502904643
-1.2670058385886511
-1.4017964542551522
-1.2513575109244142
-1.2739436890993705
0.7208511243046123
0.24579713400805436
1.1815425531735722
-0.3967311036074036
-0.3273264909614667
3.0112282043100453
0.8184557023222558
-2.706516061533509
-0.6249542871465288
1.7574397620774835
-1.4468847215178258
-2.773408728890054
-1.3804308822769
1.4158778236305078
1.3209010379281279
0.7619977705982283
2.2218766606571316
-0.7004736531335826
-1.0623264594744941
0.9562408666081712
-0.44912988440880075
-1.1018750137859545
1.6894516473337202
1.0125093065805961
-1.8662404157323873
-1.1813235103827608
-0.8069167100797765
2.847125238597243
3.159937150622772
-2.264433888494507
-1.263062801035678
0.44836539412394966
-0.0088950036113421
-0.3315789825227321
-0.7759199339991818
-1.3065194964617972
0.5762541141385285
3.4438505401688966
-1.1393500584426846
-0.42329660475906716
0.3866368555273564
-0.901001206010628
-0.497758722420633
-1.5682752680655594
0.40373255865529933
0.24239451514521515
0.8408697200377657
1.7103853560272728
-0.814453207571854
-2.476448764054841
-0.2725026548076067
0.5078962004781844
1.2303004979522878
0.7494588553513927
-0.4099581208994238
1.2481194793770967
-0.4462706617544872
-2.017158132948595
0.14860879875868507
0.2448659434120899
1.8920433274785597
-0.5143321868418192
-1.6468764279668444
1.9332760994228921
-0.22146069607832866
0.18123470035298428
-0.16149343579034137
-1.9037621071419895
0.20547577095826292
-0.06680810542006754
-0.17922635179642274
-0.42442972672381885
-0.7336417008543455
1.2859508494337788
0.43418342296078816
0.9830245987698373
0.9762857953038757
1.5168554371301908
-0.45275331257779283
-1.8021308911174136
-1.334865918224389
-1.1905044087695353
1.321413710179441
-0.0688236599748826
-0.16643976835482155
-0.25916269879197185
0.36900700623840027
0.15977456170535154
0.7238534855622433
1.3667242575441234
0.5470082232335165
0.43801866630856967
-1.839322719129624
-0.10886595981463543
0.0563479372961779
-0.012945983941591632
1.5795121054659744
-0.602146139393974
-2.0977350814273827
0.12026067906553117
1.4798441710513015
0.026659163510176553
0.45033418867446706
0.3888453382248556
-3.082690783909152
0.06957483832222144
2.295031428984655
-2.2768924723598305
-1.0267107103877458
0.11297120887723722
2.2007225489272897
0.40465668964736157
-1.536198057212792
1.6528124257466457
0.45127510994598435
-0.47868151759431665
-1.5629213962271398
1.8416732557465103
1.3741171885888654
-2.4096808050488
0.9734907761772077
0.7325644725558059
-1.3695436080494297
0.1501699611675018
0.03550040376384006
-0.11774818805108878
0.5346768926692108
-1.5604067060921067
-1.6880921858558122
0.9362760943377468
0.8771196255386804
1.837183948971821
-0.2276675587596516
-2.0451182866777837
1.9531556118547306
-0.715605789532604
-0.6590797190298241
-0.04992635076291241
-3.1413406677920275
3.802960828635788
3.2883945718160503
-1.4818773956870046
-0.5028629586601849
-0.6371734996829617
0.3729957014899612
-1.5419509759827699
0.23188958210848698
0.5762638055545459
-0.3749468102443545
-0.7491402941178007
-0.6634756538576536
0.04781550169647719
-1.0392544242627841
1.5852024421904984
1.6227182615058857
-0.10182571925282002
-0.899222484648482
-0.7985643317661084
-0.7929457726516893
-1.775937700967468
-0.5654053337408917
2.8684811973120765
4.525130061117148
-0.7516237896202704
-2.7256258384955996
-1.055960268663339
1.4514526728774444
-0.06139174359714117
-1.4215605208102586
-0.06707110323958276
-0.13335541440641202
0.30699052709907115
0.6848339577657563
1.525460519133845
0.43779531076126177
1.0766721889558732
-2.0625541843374986
-3.330464788103977
0.8832807190599519
1.611568155307126
0.3585087281694333
0.02750640154539176
-1.5671264160723593
-1.7194604024888855
1.2657532505440174
1.726783960806556
1.3763813858283704
0.5044396936406113
-0.20237255786861996
-0.8657261949301631
-3.333390905640562
2.8919029494725406
1.7026937379808058
-1.716788453122779
1.0463343032586405
-1.1530015380016025
1.180491539082329
1.1780810094335183
-2.097995855868538
1.1688246181258988
2.4962691083858237
-2.1785027011272335
-2.599866831867667
0.42476100355963553
0.027005896825455844
-0.6556982346155861
0.6416175187792033
1.0706172720072091
0.9559887518347938
-0.5134261220930896
-0.16937841786519692
-0.5849305515135996
-1.4079619507699042
0.14006027034099466
2.8517013578486
-0.40029108241683653
-1.8831914205952622
0.41866903421247736
-0.6985982429951721
-0.734892979783992
0.41468823972134716
0.6395740887314274
-0.7309483662437515
-0.24016151778500383
0.0746918040868404
-1.164721528657053
-0.002964609654880934
1.5314251054234749
1.4203284400905047
0.27368773542663655
-2.883544645894706
0.9654297802319276
1.9611186210819862
-1.407274407525795
0.47222873873498894
0.32813549515120455
-0.5244083145599073
-1.3133073654950969
0.431443521060738
1.642492528798738
-1.1063786788236096
0.8601023921371266
0.8275848869935667
-1.0818163295273124
-1.766477190279445
0.25897315790485215
2.73613546675775
0.0076452622282764116
-0.7808292876926285
0.5664421480406313
1.4848673589337236
-0.18801214166107338
-1.2385474087947719
-0.5419101589316367
0.05527682531541833
1.2358780934173246
-1.6579222694513263
-1.8872817209700723
1.3556230426019371
-0.19659747788677995
-0.6547414035522859
-0.15197126845904385
-1.7224620373446722
1.2834382910994637
0.15163188736725308
-0.13397696454609562
3.6937405452363556
-0.49153443115729534
-1.7779834894244964
-0.9344147395823381
2.6672560375719696
1.793520886859425
-3.102523095429134
-0.8322089089947664
2.390749308538681
-1.3308374301125274
-2.8305011605552415
-0.023597900270212024
1.2001171137092939
2.0439693986638536
-0.5817353080796684
-2.5189476689455814
1.4975111807839965
1.441457401400915
-2.4788820836508636
2.1246914240634185
0.3844952159412838
-1.2103965566114148
0.5788593738014622
-1.939576742492409
1.3470355997771841
1.0725743651190407
-0.9136292270648393
0.7467502613196503
-0.30588313220893815
-1.245871383140643
-2.1928078835958886
0.9916475200601973
1.8175910125069017
1.0592933222555139
0.9908473600173346
-2.0702728705324245
0.9018959813294948
1.7236668057529985
-1.1262232091426527
-1.3117619660112005
1.5860991039290275
-0.23550517053472697
-1.426060516964161
0.9285583048423978
1.1646719526720524
-0.8634799756616438
-4.242751857231302
1.899297182061733
2.4695680697480147
-2.352155383086936
-2.3253226577368684
1.7711274949701998
1.119671427618888
0.8120811254842212
2.145735569285632
-1.606787515114217
-1.7843030853934858
1.3308798870167766
0.5031579728699384
-2.369762239242202
1.6585189664702429
-0.3527029105679116
-0.8994706523332041
3.9260994341615825
-0.7109436323843166
-1.0402510984468896
-0.213640290045908
-0.6657682373592587
0.44977354170113004
-0.627447996969021
0.00790046721408491
0.15496283697511998
-1.4102721170075967
-0.1928431003154123
1.4586729940676193
-0.3910890783310579
0.4303898765170834
0.9600635283079353
1.474885285263777
-0.23754706651498383
-0.9186004802822973
-1.9042339029217012
-2.08589426787889
2.128701842119915
1.8682986039518563
-0.10098090548096117
0.9269386594223072
-0.4497790093799865
-1.268529320487774
-0.9689745664951097
1.64033790276585
0.7160064776665371
-3.8916436751410437
0.19477092229978238
2.5667576935581637
0.12251064204699616
-1.1187348383009033
0.004565859924900162
0.6533868167298085
0.2701077149108633
-1.2030376316328901
0.6406523259995041
0.11987132582181703
-0.186907651623332
0.8809034376963849
-1.2722185019856884
-0.1841583626883303
-0.5385815869914883
1.9124326160901364
0.2441911897530763
-0.4022633206738899
3.2262721588509398
-2.7927657689875165
-3.661443495211776
-1.1445098585353308
-0.36682068555689273
1.9281060965918195
3.8526098963418463
2.6625679861526894
-2.8059681834394654
-1.668933478859494
-0.15362764452546906
-0.8602552020687397
1.6531027417826878
1.02895954141674
-2.1311076712213977
-2.483997952803013
0.5674220171893728
3.2402389952002855
0.5499536587033873
-0.11770734356154966
-1.6191646314799732
-0.5874298978396701
1.9251589855094262
1.1450514353477619
-0.3702332240102235
-2.199849684303537
0.20937574139489976
1.9206167579268363
-0.18601157772049062
-2.658564528664953
0.2821265738975686
2.372216026815681
1.1929844622180383
-1.0666454320429906
-2.1876386535827477
0.02087855372702531
1.9850208480287805
0.9127491539771156
-0.9965386115777095
-1.1609309873310802
-0.0430530415143904
-1.2155699304491627
-0.007175266940945217
2.648930260222645
-1.0588937206526092
-0.14752710561984195
0.6992170446701917
-2.182783397898337
0.10624141689663952
0.3885209589859504
1.6537368383991775
2.8167961135065394
-0.19192707918179863
-1.789659192351494
-2.5225878283038456
-0.3022776162591884
0.967897980540804
0.6434004431633138
-0.5676519258001572
0.6442851557759832
2.189183030106599
-0.6642873314986864
-0.39949299100417046
0.07602366540370775
-2.569625297075689
-0.5650672458745871
2.9620103675674128
0.3892444952466766
-1.0994991242875443
0.5560223931310964
-1.4683123286209219
0.3982647597469764
1.6180893392728266
-1.2084119510249112
-0.09024458113811756
-0.1884057573425139
-0.45024091158468726
3.003140944280321
-0.5831958363220183
-5.196463418643748
2.3258867526342377
1.3991630427359243
-1.591991037581863
1.7125443333724293
1.4111764687841895
-0.7276275278051332
0.5659502670589729
-1.2941675177600747
-2.440843587345168
0.5505311421830994
-0.39889753000455996
-0.21016718967672016
1.4297954223080134
1.56585253786533
-0.3209882231381148
-2.7532668083263285
-0.3145206875505633
2.1167335249942756
-0.5582487747608942
0.937752625910483
0.3549350376044615
-0.41998517059566987
0.13181280788491923
-2.0035077745664687
0.23634507677815425
-0.6724523542672738
0.12366716910492047
1.4320658963343946
1.3624720466803295
0.5767432084134633
-2.592617167420582
0.0214712828129969
1.9950573507287366
-0.7189738159433566
-2.5511665782475212
0.4489482602445719
1.0685165437087925
-0.31555879253086294
2.2110301472886995
-0.28849528355977416
-1.1492724315013125
0.5164484115107372
0.23245973639570588
-1.2275441544813206
-0.49522776181386297
0.2635951830888654
-0.7049305706498902
3.89391237520867
-1.2303946861046993
-3.8025589496948955
0.23473528418835699
0.39832204506545865
2.278859238789482
0.056595821316451245
-2.2288451231671598
1.5761844569288024
3.063439084912121
0.0028432756088907496
-1.4048255164800856
0.8176762154268968
-0.4887594232327659
-1.9170119707710527
1.789676665660254
0.5508384370690343
-2.3565080295351484
-1.096625273569671
2.5440566066852606
-0.056135179036351235
-0.7325418973708914
0.21264983163375473
-0.4835999991674341
0.009572113989371855
-1.0658133914288095
-0.7534669329790833
0.6909427466106219
0.05598858346170221
-2.2154131997776667
1.2018841891489713
1.8170755162202776
-1.2922471886003037
-1.2755387766895485
0.9496017920719309
1.6060715801768628
0.7731520225095281
-0.9148017352096058
-2.1478014610728944
0.18134146483961733
2.424646202287282
0.8068831762651284
-2.5087797440120756
-0.6452723364268454
2.221154548255442
3.0206450509888514
-2.4405709072162707
-2.5139027409530392
1.2688902050162503
0.5682107107641675
2.7079853299220034
0.44440999359124267
-1.954769606405043
1.4806577139978079
0.38029461515394025
-2.829443407320228
0.0007351911395040434
-0.5088831974769568
1.4022408505869064
0.7962160748980164
-2.5776336693219672
1.192549407083178
0.4509410889644823
-1.6766060834638719
1.5147882233266188
0.11379441767441695
-1.4129659613691878
1.1222748352844925
0.06862885937704358
1.0639038656088071
1.2004907407318137
-2.9004380603169784
0.28035782376719687
2.3091730438212483
-3.26329821143705
-1.4135762076928964
2.8291152188419426
1.3820570599566702
-1.1949764599941248
-0.7952397311856161
0.48703435003565465
-1.141219724207299
-1.058224161080163
-0.4990916540133148
2.8463083304159555
2.44676960847641
-2.2717299596440315
-1.67315300096505
1.5809438093042036
0.22877876994829077
-2.986836746821158
2.6697540814687444
1.6875581199224574
0.28061768185314007
-0.5352271282342733
-3.014618489759893
0.004882843988007424
1.093108058686979
0.3569754185575047
0.525595409829825
0.5183630366704822
-3.7387137111951874
-1.8193883707077956
2.291221217273819
2.8852818154554187
1.1708967130975214
-2.2703528867475056
-0.5548290342623251
0.11370451719273023
-0.8758530523589994
1.2066786050584386
1.2010594613893173
-1.8899261026295195
-0.8836970213832693
-0.5204977268786302
-0.0934941300127044
1.2324751035868533
0.06678120176262817
-0.014050954542614624
-1.5466401636931073
1.5890947189533962
3.4823417403299337
0.5875360905731758
-1.199829410661247
-3.18347063770439
-0.6415683360891272
1.8458758980158765
-0.4146533759130435
-1.66318664629253
1.4804484411340582
2.417265431672029
0.14251048752630524
-0.17600416502032645
-0.1593047341349244
0.43261648644958894
-1.6592337810916296
0.1509508695991395
0.7667479668920701
-1.562892743449614
-0.871409351248842
-0.568920753702065
-1.196819971979473
2.002574202276514
3.8649784795173106
-0.503816250141673
-2.0300912822772608
-1.2103407438851161
-0.14431034868618647
-0.22156290295512782
0.21979584713926764
0.5196000858894428
-0.4111016410959304
-0.6907845347210809
1.0666039024194747
-0.6900254515417876
-0.7614942514843241
1.3881408338584214
2.419281057156916
0.9802950713717146
-1.0052967170220046
-0.9373366237010784
-2.609867724771232
-1.4777180165521622
0.5224142311791895
2.6331524680201994
1.1744725206739195
-0.14557959558203482
1.0056066497735696
-0.5355366304965463
-1.8860403384962867
-0.11513604018970214
-0.2922174099594599
-1.8924965743920505
-1.5974874510811452
1.2760614913869366
4.2438497930287
1.0548622839926156
-1.55200096177713
-1.3018893848489892
-0.6389976936658275
1.1508277140260401
0.6163628155197045
-1.030358816180575
0.45880255920056545
2.5688465727732597
-0.6430866595463568
-0.8770008894467854
0.16991088094792076
-3.0904568190089186
-1.531846176936545
3.811721557149289
1.552959608918708
-0.5304108624585111
0.116674524370181
-1.556484660624164
0.49999223199114506
0.6208006703438583
-2.0249055037015165
1.3060149322796923
3.151306859871624
-2.6490585454124562
-0.42322163384348865
-0.18414160079204778
-1.2906091473540335
0.09408566663679352
-1.2954361662793161
1.9493880806802029
0.8247322075461709
-0.7587389704130877
0.554204417802246
0.20981934820142123
-0.01246632439115275
-0.26345017478828286
-0.6287665604581987
-0.4861899920563352
-1.5306739998704404
2.436613547796935
1.5450661790498148
-1.3671365449356676
0.6458675190719932
-0.8737794414718367
0.23460823706557693
1.3685095773467926
-0.6898901874886469
0.012597426304919557
1.0500330038225312
-0.3335604277124554
-0.014141224679227848
-1.3070225046252055
-1.0891607694121714
1.0509091556037649
0.34638722816905465
0.5066404223693105
0.28276619869327513
-0.3340405364800545
1.8498758891128644
0.9052887366964688
-1.2428033553403521
-1.5774850537343523
1.0536658351761479
1.2139246487266477
-1.3306888571133935
-0.6444832725107305
-0.1542122650254102
0.4164497325792562
-0.0877455185122803
0.8019533968626283
-0.4372993133445095
-2.340110417987093
-0.4401352944824209
1.8300049047268203
2.9674749992526346
0.012851782456373195
-2.0554516727380827
-1.33475172742476
-0.03091509880137311
0.9434790394916915
0.7382230838340638
-2.8381045231506943
0.2114834402774568
3.4779446427230223
-1.953468846321627
-1.180408852951109
0.6831063001294365
-0.3432990369016923
-0.8909080509641778
0.034340066925573245
0.23481072813594894
1.2957182674513796
-0.5739599844267277
-1.180562575332716
-0.21502076860510755
-1.3366604144787475
1.772366566728468
2.088959645154758
-1.2371437250048387
0.5546541835149766
0.1939645134310699
-3.2095683941341537
1.6851313774958108
0.8861337094111271
-0.757567964825735
-0.8286873890378968
-0.2643605062258587
3.0087610692086315
-0.38642482748263207
-3.0930810719176973
-1.4972381708261462
0.13217980537750895
1.357103985542534
1.6294920230717562
-0.22453660062266306
0.6708279568704955
0.35628009061629623
-0.9157421102118392
-0.7264843095817495
0.39958699630496675
0.8513387053139512
0.6545227792261016
0.45390050616472916
0.1497706016153597
2.3654915819068525
0.27860942936487487
-2.677775548348097
-0.5762854857602293
-0.3630902960226738
-1.0236513932488207
0.9545730093163058
-0.4716193989130962
-1.6709679956873145
-1.0261905622127543
1.882873122708051
3.6318192729223857
-2.352501818920505
-2.844522071327404
0.22943420065091247
1.4193433749291335
2.600024868186873
1.2556984764525096
-1.8420582215914656
-1.7641726731354335
-1.0284512488114623
0.15119814144732507
1.0365473897561577
-0.7255617069855337
-0.4871661940000741
0.8870603659754501
1.6334557973479558
-0.0059957807092280435
-0.6621878340628764
-1.489667473085001
2.147726177851881
0.19821645920749864
-2.1333805201166705
1.0804484220851112
0.11278481210966568
-0.6874106819941213
-1.6945588328738572
-0.6492399046911689
1.8572844862933888
2.1847787904342284
-0.10399414105498223
-1.0486435776756222
1.6985452731606614
-0.0463144085560358
-2.47704563038645
0.5819554760016167
2.302820276119178
-0.6846230388364143
-1.4345440238586087
0.1438229203606679
0.05250038539197696
1.5571817244600787
-0.2634285948050403
0.027338731477132283
0.6089197948268311
0.5982171026566598
-0.06385630977050405
-0.9873476400291931
-1.0197427185009131
-1.0271660674474086
0.6082169372327109
3.2312814377916226
-1.1521520720650533
-2.6597187336171664
1.2149937937079145
-0.262302603072925
-0.8999265993832569
-1.5828317899293785
0.6836470129110794
1.554536782832096
-0.5308033340715277
-0.432319917389296
-1.6167911052383621
-2.287147089366667
2.4886037450757517
2.163434377482412
-1.390417477039858
0.16510266912293897
1.0133081119460319
0.5984501790983735
-0.13264942766160648
-1.160011113558384
-0.9604023178440958
1.5265276470611435
1.3563854705747203
-3.83515946727916
0.46976671041979107
2.891506401040179
0.4737936248055774
1.1500996687335476
-1.3344411759624755
-0.0520525083315011
0.469685040246797
-1.830228000953022
-0.8124983060072235
1.455508041627459
-0.3422937761449987
-0.7062160022662214
0.3484689477159825
-0.6016576863244234
-0.46729696592232267
-0.2964732376012903
1.252218604911381
0.018329233691708913
0.5949276956378924
0.14372398774282635
-0.4036304391262512
1.2220617194010164
-0.6494717059054004
0.9710579542474422
-0.32941328367004497
-0.598574503868367
0.5666984038298373
-0.37842223407229747
-0.6935880014030272
-0.636441607742446
1.5757781732094673
-2.6556816935760894
-0.588069924544878
3.456502921247233
1.9110070991643717
0.31739652566628823
-3.0040729516113767
-1.6596159986223737
0.5823263192928431
0.9583715346574622
1.4355836366731023
-1.3171624911293187
-1.0307131599708
2.1406969685695545
-1.332042401666438
-1.878995245673265
1.6136224005738993
-0.10800853491713647
0.2722742769155331
0.27166909770426906
-0.07945481184324577
0.7115798108002633
-0.9690903805909254
-0.9228486552062758
-0.12445606014944047
1.0466538490309887
0.8719678502310835
0.4160678368404753
0.9189129375007652
-2.4644593283178766
-2.305865684250567
0.8201875258751727
0.3293403837905293
0.6103697047247556
-0.38567141263672855
1.8104715088986025
2.311867808898861
-2.171963104864537
-0.810553984144586
1.3079510536193
0.5387452523021915
-0.7282846529533827
-0.22168629201149204
-0.1194411060296185
-0.513022431057105
0.27360898462930006
-0.4986866458941479
-0.7389493866850382
-0.4251152762612496
1.0967508179020733
1.5892021836265486
-0.6715178780420221
0.2595673473839506
0.4298372173615954
-3.0719798010118566
-1.4617234652120044
2.0692063999012986
-0.2451707410982662
-0.16830763148156558
1.2808021536208964
0.13383531157040984
0.4960012872918685
0.15139842713456525
0.09829316568702469
0.18107174479308946
-1.3038817202698276
0.07831004615672166
0.869416419451599
0.7239761200842488
-0.6108121217337701
-2.4220165977842862
0.35121313753172934
2.5476768821993807
0.5932445722170944
-2.2309534220405944
-0.15683854432498887
1.9065765067341889
-0.09708360747908457
-0.16380172903791101
-1.21848414981981
-0.3702188362305252
1.1382264200071388
-1.945775355131997
-0.13732464250208853
1.7751106780078083
1.6012021352341725
-1.230621390164234
-1.3247150465712139
0.24171033694039873
-0.4314114362575707
1.7984067578284575
0.7894237943559497
-0.9386800749398634
1.0684270903692266
0.605113270908436
-1.9085952275439522
-2.1828644099153722
0.015293725901581734
1.5567681729886145
-0.5071237786394339
0.8239818784427702
1.0321585161551234
-1.4924663472559538
0.9573564205876657
-0.22003529876933353
0.8395400528279993
-0.5828987718067994
-1.342754059938338
1.3455238015716202
0.43611514685903685
-1.224994132590771
-1.003322133582507
1.7088203268512951
0.008439002799304207
-0.5597765581221841
0.4415927978806375
-0.7250408774552877
0.6187483971816331
-1.017745925040105
-1.8742634635555988
1.8037308839050965
3.366001134924106
-1.0190815393322852
-3.443360215441417
0.059067162835044096
1.1844494653427367
0.3153683860528634
-0.4122980002834092
-0.10682112881129419
-1.2882976936452408
0.46512246149554204
2.832365230913707
2.972338915913356
-0.6467112080436049
-3.8261863608350026
-0.8486296743907997
0.7214951258736515
-0.6541422840043654
1.4379074629065456
-0.7174335611104463
-0.6163604667516998
1.4710457424092962
-0.3493166964725194
0.4452475281837372
0.5713105632693353
-0.012361135327571549
-1.8959918811756018
-0.48497291820520977
-0.0023929415941903454
0.2798888843625289
0.6941539036981321
-0.4048731218149061
-0.944049760914291
-0.19186647318332567
0.20747247957057002
-0.5574729422711576
1.7797115083391197
1.84819636465991
0.6596184935927774
-2.071480456753388
-2.466094143456357
1.533794255355043
2.173104041251332
0.33148241769524617
-2.551829779951984
-1.2138837663267907
2.107136327998915
1.0215735080165442
-2.2966199598855384
0.5559058367031113
1.8136769892077718
-1.3017997154889875
-0.6256020431951014
0.18475002152504444
0.7837694685259973
0.32141682401765304
1.2576786550919352
-0.6280661360389552
-1.3662851087014345
0.25178979143576397
-0.5976261291456525
1.091491620451741
-1.3351290849262236
-0.09712139293676714
2.9557486985499875
-0.8157344092223607
-1.625346082349227
-1.969181822796814
-0.09733094156851474
0.9869431452279276
-0.18057351401450816
-1.087911174828473
0.9925145572940317
2.226705082665326
0.46889445091348536
-1.2719770819478093
0.04701362776620055
0.7045036553121192
-1.2715799703338664
0.23272555351102497
0.4578215744266992
0.9802010343626073
1.349243900925603
0.5227853618700355
-1.4669835139928962
-0.7765270977181642
2.3703084236990386
1.6134709121093973
-1.8670608448300632
-2.6586948166846165
-0.5941744175725013
2.2584312408268143
-2.115033323810499
-0.4427388149621154
2.872570478922456
0.23481122011202538
1.0384274257395851
-3.0123827782084973
-1.1234652731077892
2.1194960028363408
-0.9141649908497073
-0.7479715233868074
-1.959031728211631
2.7843969955553893
2.2360784977990313
-2.74707289798414
0.04427716593166775
-0.7513774403608526
0.06831308285514677
0.473432493460886
-0.610107554280598
0.2511692072326855
0.46983091853722175
-0.8343708430486367
1.2139436777593378
1.6958791936936433
-1.7154892263719799
-0.8024336064979365
0.014251344340398098
0.8079653884289191
-1.1509617942352528
0.3120804168832648
2.937761168059023
0.5292110530910428
-1.2785595044183053
-0.603029293836683
-0.17277450089168317
-0.5617486081396688
2.406576564461436
0.7837538324516311
-3.4414484235117513
-0.70757407321113
1.6687017462013953
-2.293983553140831
1.499627462335659
-0.14531883058910755
-2.009356463500342
2.9875341431125397
1.579383778771009
-1.7419696707797798
-2.1256800659669053
-0.9461168456066786
0.2735610563002324
2.7028663124393786
0.2640336558172879
0.2093172822123167
0.8899672929658827
-0.7603998866827129
-0.35978319106574463
0.0856159408559703
-0.4792078296535601
-0.216278145203018
-0.12673782144599507
-0.37195121618033045
1.1345705147906662
-0.24464196379676084
0.19895514787351942
0.29444710824413267
-0.8608879983842852
0.1367828342751043
-1.0556993135210118
1.4455820833088495
1.6144332693444383
-0.1973162855380708
-2.814087577448644
-1.6969944436077025
2.9705021662937297
-0.8266534975978044
-0.4040304535447115
0.07121175223707077
0.5639132272998184
1.681578215820907
-2.1410108850357146
-2.2473309134264956
1.6574425827190495
1.978149723997939
-0.23627299062119134
-0.6029723237412354
0.7386287800314107
0.02169334364625325
-2.1348429886429283
1.975610014192113
3.0917483726196555
-0.9230144235253005
-1.286270357257409
1.204230012282189
1.3053396939243558
-1.4815332158385626
-1.5962421797827955
0.42107985220375693
-2.33166552075716
-0.36117329725812425
1.3456870964497942
-2.0255227013289776
-0.7876788356503982
2.811393263348563
2.43598436868633
-2.4981579276284327
-0.5886009534263894
1.9869986012142435
-0.8702203600564558
-0.06524569512842526
-0.852830393777297
-1.1009460822639452
2.9736015867461143
1.3358256153617865
-1.924843218552626
0.46706610928652725
-1.1355801525260463
-2.3708279191460546
1.185436338652917
1.7626493150704285
-0.3995724521615687
-1.8964899201278431
0.6889749602904144
1.563062751849425
-1.6477403086238307
-0.5963325966828511
2.4736662091109665
-0.37438049714178284
-0.8270822895480925
-0.5278628068722543
-1.1297119697900566
1.3912360308166785
0.3269392353654764
-1.1804042125219083
0.3858401510327141
1.85340290011135
-0.6340091853249904
-0.4973021416907374
0.08813261440964448
-0.16246741790398966
2.047852221714268
-2.1654678511428243
-2.4146125131904848
2.021406145227142
2.614152381996793
-1.1472672003453417
-2.7749352143803234
0.18686565661043453
1.4850543913684249
0.3854871858967431
0.6821080947106185
0.17340985255316752
-2.373139330240084
0.8884740402381416
1.506311769332905
-1.8783254717820832
-0.8786851737273487
0.6136225245222376
-0.979187857116325
1.0304377970325944
4.020890080877152
1.5915698702553738
-2.52514892759281
-1.6704477804746682
-0.402719389747349
-0.9062950421515459
0.5354919643330749
2.18886722655248
-0.08249985507627494
-1.795824817777173
1.2357581175163628
0.6869946605561225
-0.9516729673169951
-0.5943401276642523
1.0503152450269626
0.06864555079794477
-2.414054782527823
1.1639280262128033
2.0406639717361417
-1.40546725532587
-2.123497320325558
-1.5502383636566746
0.4318723937597402
1.1862239006700415
-0.845938981942506
2.1153398280203892
1.4149346259581872
-1.8736775666841596
0.3104927775456493
-0.1935649926640628
-0.7167815145857823
-1.117313046028134
1.0410875302879685
1.4315496723583128
0.35946457775741725
1.5845001050875305
-0.33018882802298793
-2.5632393320462334
-3.174690202736206
1.8358391659360018
3.159445085251201
0.951613890194425
-0.23313273486831593
-1.8256560166373752
-0.18351028857374818
-1.312234044712815
1.2198995267859223
-0.8163392988699314
-3.011742460493229
2.987310685613961
2.913874671053031
-1.8864070358836207
0.7213988690788885
1.436697258342945
-0.9060995853313064
-0.052038712381441726
1.0309096387810546
0.009222922919167681
-1.19122287250017
0.050598862056795924
-0.3763725048663912
-1.2803543562125437
-1.0162829590383837
1.3758566582099077
-1.3094412593595812
0.6917572249047577
2.9279736339457254
-0.15602003357200844
0.4002624211505018
-1.4618991868605158
-2.153614044051007
0.3238688799390885
2.109214810206218
0.22041530874101253
-0.9580536235260084
0.42912017613536635
-1.2673731723433093
-0.4137387457665876
1.878942143998413
0.9897933139556314
-1.330726905453887
-0.7306519916071905
-0.30396974001503674
1.4642601981963297
0.33747553712413547
-0.679683905895295
1.0243052548233513
-0.010660799235309937
0.7893516886436178
-1.308396796578479
-0.8375632992805901
1.4326666150818645
-0.7220565709474809
-1.2229300519570858
-0.20562509399188594
0.37698362451752665
1.8699975343383874
1.4479014431352475
-0.08565655311905274
-0.8249566538044746
-2.7617018521757384
-2.1308710005718132
0.9520919371713352
0.3190417776251899
1.2289578799518113
1.2138031473468383
-1.0428955021554944
0.2353553726017028
0.3437696530273939
-0.3197018531224267
1.044612051823098
0.12757376578525872
0.3315499015325194
0.05102023082290513
-0.4402762424370906
-2.160235221151929
-1.9645166767892626
1.720571788711287
1.1212063496657763
-1.4650109138240375
0.37498786734105855
1.779962362462976
-1.6254316536739797
-1.2531443778782396
0.09234252140206611
2.6814239043329424
1.0772495596169864
-2.651299082995354
-0.008845206487502519
1.6603266247070052
-0.8685054401284491
-1.053744187828292
-0.430653633650649
1.1523362551188654
1.7380509987709465
0.24569102398752696
0.21030642168012392
-2.206881538606253
-0.36231801472497094
1.5578686543319458
-1.2859735110902406
0.1783272340513204
-0.08535963625284948
-2.3829563032773153
0.6153795048427203
2.322624280885251
-1.0792017079538425
-1.0457766762376852
0.41387159401144236
0.7736252587334023
0.6773545072873723
-1.7166418358958275
0.23681679447340448
2.5133859529742653
1.5030456934420813
0.22363167337653844
-1.490686941851513
-1.4730574716134484
0.3925213698645146
1.6218190058499247
0.13711753062933443
-1.8122089256654843
0.03231869839634344
1.5498041619923713
0.19577209035198073
-0.24512406370619588
0.2903230842191743
-0.27137068274914367
-1.1762052035982453
1.0614289272962432
-0.34650171226486237
-3.4639290310403057
1.0784305723669068
2.974571309901701
0.06569788942508503
-0.7449052656592942
0.3129534828734852
-0.4509693960810744
-0.7118878225325681
-2.0032808967474254
0.7664387725043545
4.537096652034037
-1.4587341862531131
-3.095969357666133
-0.275214307282296
-0.229396023685017
0.7394315206801226
0.4920744484447813
-0.7462466244339652
0.24510760104955714
1.6443428381786216
0.21662605664406887
-1.777580356527856
-0.7667597822831358
0.09070265668179156
1.5733228037605027
-0.09907594167022349
-0.7743667183399334
2.307143832146649
0.5877608577881497
-0.8602718654399045
1.5117631722331444
-1.6730663352511792
-3.2023392554279977
1.3791161111060277
0.9341830324576356
-0.24881636934149237
-2.3873852152961694
0.23865450246640801
1.9613215971617843
-0.5525670340650853
-0.6134071721552948
-1.6195666786912875
0.6776655861086263
1.7328658154839756
-0.00468934798478432
0.7033365414333932
-1.9111952755051025
-0.9545789086965499
1.9671626623286915
-0.1953336303088501
-0.6439226818142803
-0.7018203518962649
0.5708539201794937
0.3809551965264659
-0.43048707374411843
1.294570477758251
0.29138497128483576
0.06789649485391655
1.6788987129488748
-2.108755227392753
-2.771861337824658
0.6786139656108896
1.9082140932311973
1.6638114739129544
0.11469270163599432
-1.0182349872015153
-2.32100300675848
2.2518829316692037
0.1245698672410589
-2.5295959875401266
2.7676181744384643
0.07249656590542664
-0.1674750109967349
0.3507965791572978
-1.4063828622358083
1.0194365224878559
-1.7561258226591097
-0.1167389536150713
2.905954810442269
0.4900248063866603
1.1635409464271231
0.049742951174243766
-2.562183111009586
-0.6525423064821922
0.1720700533430901
-0.7470106484457275
0.5971556595935287
0.7753160745538332
0.6615773396439382
0.9993143686703054
-2.005095738097548
-2.9069606048733303
0.927466192194325
2.5408475197517255
-0.2043208220680121
-2.1057066394580652
0.4205420237646428
1.5588890022209332
-0.14454143110798484
-1.1126823653359244
0.6076873473713569
0.141545488371217
2.021454918568051
0.5196794381833729
-2.8038834883519996
1.0971439179559814
1.6295680188981336
-0.9185275128337886
-1.0143045464197955
0.8009609700540092
0.3948734296481669
-2.195464766503804
-0.8533982294277612
-0.3819530145550174
1.3861752890965267
1.1907661829566067
-0.7720574902254893
-0.4305467695827398
-0.4666276787416854
1.83662779450882
-0.7034109536455027
-0.06125889900326231
1.1371231111118745
-0.5366935607870501
0.5516097965587137
-1.6961936513527611
-1.9022455447673634
1.2531441339333678
1.0662807902333897
0.7110669391379035
-0.8316956588526802
-0.2113731978142911
0.6520505113037032
-0.8779543194173969
-0.3174723625747306
0.350754810717079
3.0332472859379287
-0.38223052405565816
-2.813482089435031
1.1371430745547748
0.7988307961925356
-1.5701616315599174
0.3967850170089839
1.284914999775227
-1.1505314592478222
0.4240599699814365
-0.5553192405225633
-1.5402569129070505
-1.5930976807842219
0.2231395673823492
3.611911885203894
0.1354153646469642
0.648904962817435
-1.2041208974823308
0.15512251519739118
0.5800492292645174
-1.5188047577957202
0.10595341749797282
0.02069611505386515
-1.3235997300085862
-0.7869515801285132
2.13165920774406
1.331755245509333
-0.4064479968881241
0.01175675160559353
0.1812316103288819
-0.8339492162304302
0.9392007073426601
0.2733364580615434
0.2458967904116861
0.7551727342018923
-1.0203590565708542
0.2708438504373707
0.16607209952635005
-1.9985800286678606
2.1222166739040063
3.141781691189963
-3.6801167525805845
-0.6023979823246104
0.804147743503342
-1.330557015035633
-2.1329654791553994
0.5862890797537726
0.9265634076518072
-0.9474436344304946
0.6828315394675843
0.11806769685023866
3.1870279837234854
-2.030032313261591
-0.01903749201458904
1.0681965644414788
-1.4990717570300727
1.8235884375702218
1.3680386284702082
-0.7157324970211927
-1.5834259298628162
0.4632209017153439
0.19873549121148248
-0.8546752481396089
-0.2605443072898256
0.571588966304333
-0.026288756730632246
0.515793500083764
-0.047775594696438425
-1.0367883502434017
0.39569511324030265
-0.4721580427049743
-0.353359372410374
0.6284403982649565
-0.20081153268613836
-1.3928692278269121
-0.6952527344196687
2.731934022926075
0.5449360614952319
-2.423260966258014
-1.1485756819905748
0.8578123260446877
0.8426821142905109
0.44832825515287034
1.762563662874891
-1.0477057037964659
-1.8216601877035443
0.5616008029807246
-0.49814824579797046
-0.1956113758871584
1.0069393882001727
-1.2121765096780919
0.48872968010752416
1.5218297259606792
-1.7735603353454719
1.2616529967644445
0.5091849283492718
-0.7912367600942107
2.6332064174614174
0.05209770570944783
0.20002344328466815
-1.9171345153146944
-1.909490409861001
1.7338302437543744
-0.13593690788026977
-1.173606810293668
0.29430467451426556
-0.39268049626794344
-1.0772748636319325
0.9689314030997146
0.7715100334908079
0.5397722456054554
1.7755183920874944
-1.2852505684828803
-3.3502479183893357
-0.18048550083279802
1.30710907617038
1.87658571580143
0.40681519259044796
-0.365812200170455
0.8904887723938876
-0.10739200340337202
-0.33677684643592043
-0.7912038954646476
-0.6344538813534684
0.1958374762738658
-0.016183856791249975
-0.9749638480111944
-0.8163596492805432
2.9882730257761247
2.763905446227896
-1.565915538153835
-1.8615157955746566
-0.9968435415367098
0.8528658293752921
0.9668793639478541
-1.8126997315642788
1.1432986357094874
2.953367722549917
-0.904782488181828
-2.6939606935799665
-1.5413588122810995
0.5510208314381889
0.6432240376149547
0.10903273095555388
-1.0341385906632838
-0.311017569127156
2.006715370700657
0.008699952233770403
-0.6308828949848848
0.353498183267147
-1.0232829763628262
0.1804652651411785
1.0786772760133785
0.8743743714847058
1.2188415276327025
-0.8584011168424653
-1.6529808386216205
0.4949515347165181
2.13974360868873
-1.7003597715648868
-2.2606069122187766
0.8409602944606617
1.3513336951959176
1.559790746293547
-2.0943741605997235
-2.2280073378588368
2.162684996505237
0.7312115921524192
-0.973859395967646
-1.456020977045731
-0.30495441154231795
1.2551273704001247
-0.3273946428589129
-0.5015135971648528
0.6879796876199652
1.8342800921939189
1.0146384933358927
-0.5479158020877714
0.03978346384742548
-0.0026254613258299697
-1.4501505882146808
-1.7129669812327404
0.4516873291702602
0.565499519054756
0.8992589395575118
0.7370631342755187
-0.5173129437414188
0.6116893874425346
0.7375073552160308
-2.521661565291577
-1.6978665614248554
2.5562574007449257
0.25301299890969525
-1.295577196413544
1.4509750077772352
-0.8403292350827725
-1.3974377677518595
3.27284764783389
0.4360732905120903
-1.9098337845583477
0.5043290450070417
-0.7658680074910477
-0.6719411156059647
0.6674395346538501
-0.15579036912834668
-0.13597890943005866
0.07561851979432936
-0.6086383523465799
-0.6475350568557906
1.8693635255578398
1.8954488679499168
-2.2312004120037034
-1.2697537535872396
0.46110652596777035
-0.6910869742323149
1.3665092761619488
0.6750871492268676
-1.077582519679889
-1.248301246763207
-0.023716007846413367
2.5251580442318295
1.2510481603196513
0.08742599713602539
0.36179856568447333
0.8605309361820934
-0.19054864892877643
-2.518092462789662
-1.7053206969790624
1.7797028748470516
-0.748257153644227
-3.1581371344925033
0.8859193685250286
0.34704921656811694
-0.2388829118320167
1.6512407722319933
2.134087225290352
0.08253516627872118
-1.5000739533413654
0.03423119894843596
-0.8406831598262338
-1.4924900827011915
0.42071761892189063
1.775608550269328
-0.23284309029064965
-0.25339774759029327
-0.393378245188268
-0.6638378203438695
0.8390232070704302
1.5885099073710136
1.0641568145536264
-2.7435594785459383
1.0128713861027925
-0.6869033987702367
-1.4386581360897908
1.491825596586803
-1.3659999747690508
1.0482652147771736
2.0220132162565
-0.33551296445780365
-1.8090781580596027
1.512126594399393
1.1324454807496767
-1.9143597852247973
-2.022441390704778
0.8648611352342983
0.5387976458396047
-0.9150044467495633
1.0136158759032843
0.922853078620196
-0.5412703390510196
0.6240648379274532
0.39478397455448394
-3.6647346761603528
-0.29767465903098217
4.141997482772764
0.5247347064148009
-2.4019489793471167
2.007703259640366
1.1868370955173129
-4.170145690413218
0.15114077621199312
0.5666320120439652
-1.5515853214740392
0.9690877633040129
1.6546010999583616
-0.9034287544741806
-1.0187048316626577
1.0041711081352132
-0.4136517497950681
-0.5734731268091163
-1.248762891443226
3.5328868456363938
0.5377470488025953
-2.183655002476415
1.078222467360535
0.25795543619925754
1.2367709272263085
0.06547302368365465
-0.3501660311284861
-0.36124745099206124
1.3995726219581257
0.5355381631323725
-2.490458951583667
1.1089718617476887
0.38550391787535443
-2.9274992352741283
-0.7896343014672722
2.0807245575376783
1.799914005854986
-2.9093176681654542
-3.58182792123429
1.0607816793219398
3.4920730197221306
2.555011006477506
0.8232486608005706
-1.816052207956019
-1.4696820252888236
-0.3486136294306873
-1.0078856140189092
-0.10941700427242762
1.805367405652511
1.1095964687867705
-1.653653744040805
0.9554476448134295
0.6385182695553928
-1.1391702656819036
0.4464066815688936
-1.2213357480802
0.9964273970005668
2.6288044228025376
-2.235818099704554
-0.32833892226013384
1.3087263215887939
1.0386825472049273
-0.1339547870182994
-4.2879140792928006
0.24931959280811547
2.4073710765254464
0.36973878665483373
-1.1223337542151453
-2.1498347660277064
1.2013794770802264
1.8303609924969262
-0.12587912749092678
-0.335261387558927
-1.0521816854556323
-1.5317091051956557
2.426921649175398
1.6981581078080856
0.03566797180111725
-0.17913465379758317
0.22265992087679853
-0.46233396202779176
-2.0603516552542414
-1.862163976146492
0.5519331563949124
2.929932520192579
-0.5387124947715722
-0.49683020706930486
1.4873067382251008
-0.3312100878293918
-0.5246832210698152
1.2745906167899825
-1.8610947200612977
-2.5063036098145117
-1.228759364466529
1.2959537555049943
2.110532850392031
-1.566552312106295
-0.4227777337810301
2.537438002750519
0.15536032583412834
-0.9060192685576204
0.882083342350271
-0.3315953722427928
-1.514644836366222
0.27160378551808223
0.6073609064796053
-1.0607621606937947
-0.9017254758000302
-0.21052602009770616
2.3095981289166945
0.720622518489766
0.30137202795831475
0.4012844965868969
-0.12294066163247841
0.059899072843469
-1.4623885051789296
-1.2664161312517832
0.8771072487520554
0.6963926797012031
-0.36520296146725567
1.149645296726732
-0.6043368974326064
0.5060850184148004
0.5809140273001541
0.7239041169619644
-1.3134467498260076
-3.940900091418639
0.11720485272341818
4.063395984018349
0.23361832626250212
-1.123357194228222
-0.5820255320177737
-0.6608816060695705
1.974287187666118
-0.8576133436909282
-0.9636775333875187
0.447376628249936
0.34253535873744534
-0.6781643714310399
1.2080418233250938
0.8614913163057643
-1.247888661939957
-1.296222834841432
1.5932504207843992
2.2340266489381366
-2.28305332102749
-0.28055312929699516
-1.2242528004430588
-0.21073966893557755
0.9050389235687747
-0.4953847377556123
0.9221075657108109
-1.3194557465280397
-0.17278632925464055
2.310328991076865
0.5293051647816571
-0.09848029196888397
-1.3074379901337256
-0.5256355950428245
-0.10950245040946616
0.021220912936290248
0.5415290675506288
-0.4120125168414084
-0.835789017725338
1.9382887064337841
3.0869290655825465
-0.6638352978399942
-2.6681606088681695
-0.8595389595858811
2.7247619132940653
1.2835642474787956
-0.06490226068253246
-1.5256646303116383
-1.259358951283958
0.4633500736984524
-0.4477404770941005
-2.139709231932557
-0.6202992308773355
1.83335927157824
1.0807782209302543
-0.8494354835755645
-2.1574420390331177
-1.2408214281742893
1.4237444942777304
2.7636075954666923
-1.1865010709539587
-0.8820843311758038
1.1764216991036975
0.18956640738386987
1.0088009439706251
0.8136512272850794
-0.6345757881839744
-0.43663727369346206
-0.1952660343485174
-0.7546008662468913
-2.2599191357393367
1.3894803257893218
3.8297298906117083
-1.4462617697638862
-1.2748864866981497
-0.02296197506434744
0.26626662437465587
-1.184447331730457
-1.4563954883596546
-0.6239078000528655
-0.45060689362214124
2.749782088932076
2.697751774385292
-1.8786984765931845
-3.3954035192545002
0.22537282049098373
1.3223262179607338
1.561380104498526
0.3413733441020038
-0.645145322732513
2.0624413841334097
1.0098625506499517
-1.7452722436215375
0.021571091524146713
0.4409789281196082
-1.8715257057461314
2.4452505024644773
0.574356304869172
-1.8887957503358768
0.20300926622464252
-1.3812705361834081
1.4612331591242658
-0.08841735445693155
-0.9821121510217813
-2.4278457794332433
-0.45265903534484564
1.3499869452295998
-0.34686142929232144
1.413322946536382
-0.16994105469474596
-0.7072392062522679
1.5370735141459937
1.3131457100271087
0.3690168568491339
-1.009540062894668
-1.5116607540841216
2.3492109305241295
-0.6781286576664942
-2.4860171759636893
1.5462329240433208
0.3455066655890373
-1.4828563343267813
-0.15493460008479332
2.7308984684966964
1.1959264438064579
-3.0619175943478156
-0.8210598548208466
1.6737723943060852
-0.9863782794507556
0.7629660667449106
1.351747645807952
-1.765993436150529
-1.2372800198816938
0.33846580793827974
0.4119794171148332
0.7311461624493774
1.1080594559731545
1.4485987394755047
0.052071082926311685
-1.4319405783297925
-0.9266587571497567
-1.1430248301638435
-1.0989732259569034
0.14131070554276393
3.383320575185153
-0.9585966298537646
-1.1883572649210201
0.9036277800227587
-1.0337472315849319
0.7310308424061993
-0.5465606172387252
1.6816382039089781
1.9455884095344929
-2.130957240839377
-0.6491462722579979
2.498589033611656
0.42737810111687663
-2.5330732967164082
-0.9347291268843689
-0.3379340645205669
2.4526880782092686
-1.3510944791945507
-2.2689034715904084
3.099754504336183
-0.7451547699115023
-0.9207683187539216
1.3191081055646563
0.09273149086163832
-2.0491044209130287
0.0032786733933854173
1.9122087903329668
0.019963974316075356
-0.3264900529247414
1.3122647654503854
1.538421443570082
-2.204984587722416
0.12379350881075668
0.36825035940806605
-1.2071452847207802
-0.515394690069438
-2.000815115150483
0.5473646022509399
1.8265537945945924
-0.9591123510105661
-1.1366803789782374
0.8218932630616513
1.9589888569715774
1.0552283490633345
-2.682154090978177
-1.3551249829541727
2.0821087999875574
1.1508930491153302
2.8701204317844944
-0.9191693806034545
-3.6270246679525813
-2.0616475209468046
-1.4906666471270673
3.3967818601639044
2.679500342988392
1.033727468757426
-2.525660821502567
-2.214086222629114
0.8002599155739857
0.8496177194978258
-0.3789541306597376
-1.2004945871217707
1.1962167746647903
-0.1773752503209003
-0.4068513384811193
0.15679682143864204
1.0240668093992815
1.7246200441925916
0.08718024231935118
-0.20371966842207057
-3.0212448752202548
-0.7739713251367463
2.1186816173754477
-0.8129110461369932
0.5176709573090508
1.0024453949258438
-0.7346634995478606
-0.456635812807766
0.16876580938194652
0.10409967533896733
0.8190212812953529
0.16128275185429852
0.7905728996537876
0.059268677576461384
-3.3215454389416204
1.5294068004220271
1.623228654526778
-2.658317075130384
-0.34428135715240504
1.7137013376887027
-0.315133226279371
0.7581490596435373
0.8526449296340955
-1.1880666907863042
-0.26107265251881434
-1.1126492103309904
0.9855560593294208
1.734517095473835
-1.1645425354154628
-0.7167179028413181
0.2729293120765751
-1.1613097203418783
-0.8479790517811888
-0.0015692200120172028
2.8984832738985116
3.1213256967597367
-0.8045485480770731
-1.8976541205292172
-2.147905356258234
0.2626742517175275
0.3264524727319629
-1.6268431934081884
1.6411870758384086
1.2106063017421445
-0.05239638088161602
-1.0793341393001383
-0.7924543162554547
0.5438213741456298
-0.8773940808870733
2.1360037834459376
0.14729835367647726
-0.31933004945338817
0.8551500983509287
-3.647990223486393
-1.228426918080932
3.21279496465577
0.2811240095451405
0.4157236208498811
0.42068007454477596
-1.9746414307281175
0.6612230185022601
1.1647404744130925
0.07987748478640716
-0.656478550527888
-1.766929061663626
0.12890801766687016
1.3905452390347055
-0.35937066543010565
1.1660015957074106
0.9727579829603465
-1.791052948454328
-2.022490001294551
1.0037301986547789
0.6205298666863444
0.3699402502256053
-0.4432478360272958
-0.20141331594152279
3.506663618069338
-1.3202281933352915
-3.169643009448282
0.3863851692551569
2.8396920246890494
0.3409920794368923
-2.1044750433625445
-1.0834760650248225
-0.8705998726863735
0.6902705617336001
0.12640877565062525
0.8081836772543036
3.2777143327614935
-1.3702769619758248
-2.356615712693023
0.3439981563221731
-1.5815841493128038
-0.030234697023425183
1.1406786994487106
0.7503955370976073
0.6815443869934683
-1.015833272666626
0.08701015191665662
-0.6862518889233624
1.0106406503254024
1.6680824232291498
-1.3261396158856908
-0.5520411334955829
1.3065902654268582
2.3284087371541116
-0.5538410947563965
-2.9163525317413947
-1.881379547037811
0.3346740311145362
-0.8770463470150145
0.8107173835124877
4.029908034911307
-1.0256249618773008
-2.1037699345054284
0.8938620965417827
-1.1194238140729589
-1.3903392579532643
1.2775869241492919
1.6444638973806758
-3.1083730158907175
-0.46861662876302046
3.085944304577277
1.246848000328308
-0.3678267201656113
-0.11086151126890309
0.6553214766443547
-0.8817441634164568
-0.3893176169211389
-2.1607659639547534
0.3084273960334547
2.9354837953308017
0.13468081228761625
-1.8636999552593916
-1.0421830368214002
0.27573587576246794
0.30031279109974585
0.8433434927204411
0.2508155966813171
0.9769933461961293
-1.0528750808115215
0.9370581055137157
0.053818622389616655
-0.8583404401614898
1.2900027547911865
0.0859034595087742
-0.1900138921864336
-0.9287013098990626
-0.9281573340991478
-1.1368163766528605
-0.8399378505937191
2.0143047067353055
-0.9937728448567085
-0.5094927235521954
3.0750283257580793
-1.3592239627517353
-1.3570792197112076
1.9393974037690893
1.8114777261183659
-0.7546263996289895
0.15263079990121098
-0.729674564621502
-1.2136056854201718
0.011805644015242311
-0.4682119386066069
-0.8637841716547892
1.0652063190693033
3.022813333991596
-0.24933909360677808
-1.9819542669885313
-0.6604643327973906
1.1276562456289316
1.1773255605341295
-0.9988977090633343
-1.8315395074245469
2.737109872578983
1.411258720511665
-1.5281942176450434
1.8249784560364715
0.30820560156595334
-2.31491171136846
-0.9832285506671672
0.040971078396720706
-1.3259474445406796
-1.0564374294031682
0.40866461010475236
0.7861583186309035
0.5840931230698523
0.9228599915708751
0.1331202382482859
0.9396713469177257
-1.2670785033129643
-1.6412182963073474
0.5565837211211596
-0.8559821985003803
0.19803139966488753
0.6604589954339104
-0.265541055125953
1.3857342373454364
-0.6039879081784855
-1.2564045208590287
1.125884544653223
-0.3900260261423226
-2.137806828885951
1.941977610979194
2.1625277715826914
-1.8860890988486196
-0.9967942029590712
-0.8688590495175986
-0.637182667817712
2.8712141166745004
0.95116426475818
-0.938199742731858
1.0245631696432262
-0.5594337860876644
-0.006632319549507659
-0.5926128753759612
-1.3334138052308586
0.6151674018376534
0.5947025997398812
-1.0777102677605939
1.3232950459751334
1.1719701514168226
0.920451205213067
-1.0385899783543056
-1.3672650416108465
3.319592451729614
-2.114500081743361
-2.248985333242064
1.4744969211175911
0.5410838529752984
1.469365064481792
-1.4401311306715288
-1.9037696275840703
0.1977308705647708
-1.0946751564403758
0.7381794863280945
0.8803788040417326
-2.3046919791478833
1.7210776615799022
2.3498338741971985
-1.0070753206472953
-0.28792275102846215
-0.9460427484061121
0.4795181754618012
-1.1560430927991032
-0.10231178912308919
1.5717348247431857
-0.33633312832005857
0.33970899207962046
0.22708390748562926
0.6880970107528899
-1.8527796854332386
-1.6222202604518958
1.9301924893883842
-0.0099285701354348
-0.3736127077680828
0.9336326440590909
1.3536717209032836
0.7730898401623765
0.27092445660281417
-0.6251605971535035
-2.3757173852219253
0.016468143930532447
1.011073908222305
-0.08825183580791864
0.014009345642376873
-0.3445224792927458
0.7264690486823489
0.15146809439941766
-1.2141047717649875
-0.8936040812202525
-0.7628080435494268
0.4874223474473115
1.2613383007012164
-0.249351759724728
0.9145912204341247
1.495186583623987
-2.7228862371646914
-3.0876615018613194
3.011998000166507
3.015183220823331
0.06784684475228353
-0.16944941916920764
-2.4943104086841927
-2.1861996633051484
0.890952237530498
1.414054784749676
0.40563158188173987
-0.5095977416701437
0.530537408781274
-0.04174633361565472
0.5702579169761843
2.474740504244723
0.09679559700561802
1.2752752734091326
-2.75670600235237
-2.9052649383331737
2.168484637672858
0.18924002907758258
0.4164070284826693
-1.3557950157371579
-0.5331671560075528
0.7426779655789497
0.6344988175386768
1.3824681521784088
-1.6775191735182768
1.059602225411063
1.3006506122316717
-2.3356363412757335
-0.7697159444401815
0.22308811463583506
-0.575635179954826
-0.057132302921215905
-0.5015654015757942
0.3168085942377705
2.9232802070015533
0.8557026064744917
-1.3684456089683588
0.4128089084731652
-0.2705083812896573
-1.5667222354020975
-1.480319176324048
0.6962074204160028
2.071834716385781
-1.265025057585996
-1.5614472957798373
0.6037145631126762
0.906162083775175
2.004689755017967
-1.0990318065403348
-0.6041007030279368
0.5859798759869932
-0.8131118272479583
0.896454893423526
-0.44455770004116535
-0.3112515050696711
-0.19681784298986615
0.5532893188027559
0.8261799287003126
-0.7862688845421474
-0.13090867189151884
-0.2271530081800487
-0.6093515606787224
-0.18773179870692303
0.3554927927932985
-0.49495327306370024
0.8106092043993899
-0.9029483475916199
-1.3705193804713582
1.1861284656147064
-0.7878137690855359
-0.2907467792553752
-1.390031646394879
0.6690200827778423
2.372655082011327
-0.03395054978798087
-0.1374538695193433
-0.8457733549245194
-0.6225738751130739
1.9543670268985165
0.17931026858676158
-1.2666894867844083
1.453771514829423
-0.1123251553596934
-0.563415216168317
-0.13247519840961147
-1.007031890490686
0.7383940143260884
1.0454457678002425
0.42215807403208383
0.9238375897618469
-0.5942921678368187
-0.21918495669876636
-0.2580790735011351
-1.528816806456081
0.5090128241972948
-0.1333726137478224
-1.4336673482744233
0.9793620485902355
2.446665151096191
0.8641832066219578
-0.47487859282446365
0.2519032157944364
-1.190361834626166
-0.046706495438086915
-0.9932509018303373
-0.05916773387855412
1.0127160393404866
-3.13262454337306
0.18048123510361103
3.5247900163004733
-0.8012321890350195
-1.6359183036408111
1.4948776468444192
-0.72533511887952
-0.4022840418935016
-1.271107913192905
-0.5038585087412512
2.5837122356182776
2.5315909821937232
-1.1787616762623774
-0.7263455115340942
0.18380101169837537
-2.4905654522359173
2.017503404861208
2.0729944801844638
-1.9309211821420935
-0.6781743661771995
2.9565027745523134
-0.5663492810333888
-2.716637798182454
-0.02852009270746736
0.6407479079646585
-0.7060539853479565
-1.5780462000992455
2.1351950110106364
0.6741240719186434
1.3608912388197512
0.3369758064353322
-2.2711686884453735
-0.5939159914448742
0.9038958836213564
-0.6164810600401746
-1.1021967295332546
0.6955003555544282
1.5107818610478332
-0.5435099240747855
-2.9447804652869856
0.9659641888063533
-0.3446904105479527
-0.5030543712982789
2.922100565361394
-0.07488636387138514
-1.6326699890649394
0.8352457203599032
-0.6619291090324826
-1.0083618118328332
1.9414417101576817
0.7528354975146545
-0.7141509722910668
-0.5702254299698984
-0.04545939759498407
-0.3080928005694633
0.8238491751916815
2.4992875146963622
-2.5282890604092465
-0.5854967161131802
2.4300105001656966
-0.6493933821423362
-0.9244600313912217
1.8658400396807067
-0.029128470123404165
-2.115012078010999
2.0162117949841716
0.6596095204386944
-2.675221282859822
0.18545125003989665
-0.3509888599555119
0.05324890953411776
0.3490718344871012
-1.3297124174397754
1.8727677461578938
1.581164954351105
-3.2005115434609976
-2.738896773999001
3.034570898766947
0.6025531456632458
-0.5972483005396415
1.2748977513111106
0.25590487290621344
0.04224714773507464
-1.6846744352790661
-0.5451293144753373
2.7629881437998423
1.3373016455956126
-3.173061519792448
-0.2504188487413429
2.389838486471935
0.7893802588608658
-2.0117052910746103
-1.973209796244497
0.8662331140711935
1.096431256949574
0.45957594300283655
-0.4689255554591774
0.7739333792874316
0.5267795330121152
-0.8240315275956187
-1.2659991503234655
-0.04751366002141487
1.183557158955598
0.3124783249732203
0.1871190973493838
-0.6306555048394699
-1.0806081909000427
-1.5969140103426596
0.7933812059412477
2.8127308520953203
-0.5624483640076987
-0.7567120608334148
0.7264978987162354
-1.076325008626521
1.6274170910189485
2.8101403496984045
-2.0603369305657933
-2.1495257899745175
0.09001261349329928
1.4693551151428565
-0.6043875786467148
-0.053114948944638085
-1.3560230728066371
-1.7389445145165152
2.547409227725099
0.43025018405131144
-1.2961871275202412
-0.12958892904532976
0.30107820385175454
-1.5742617514269377
0.8463803681307946
3.2835474512517915
-2.5452508255941595
-0.8309879478458896
3.437385357286848
-3.053348917269178
-1.6700952255664478
0.8669715300648533
0.8393415314370839
1.507701941286909
-0.8045321602623989
0.43106418946201447
-0.3462757951351811
-1.6331683771908752
-0.4532590638314392
0.9319259075527633
-0.15629016223540027
0.4021487212189927
2.11380763580172
-2.353904864332998
-0.6025871407806791
2.620583849008978
-0.5233847906156719
0.9386503918207206
0.8600298740220027
-1.104057535935243
-0.19799008204252788
-0.006140456586299581
-0.7254919986901236
-0.43465357107312885
1.2152111646741126
-0.45905094173207256
-0.9035870839269434
-0.3633202870916181
0.667601979973163
0.2982047947964449
0.18451956668367264
1.2412075763176935
-1.0078543502085902
-2.377118473575006
0.1455268949223184
1.4104690379789204
-0.680585252458099
1.0753151210420429
-1.7508422522740388
-0.21926439736534004
3.336576190054334
-0.7714921040623205
-1.3828307835092541
1.061274787540932
-0.12111523440753105
-1.853284880938884
-0.08813379227310691
2.06960802953344
0.18597997848330303
-0.3851565438301408
0.3524139857072196
0.7276969411591867
-1.0806089976738606
-0.23991895253579654
0.34363845490557765
-0.6745598267474092
1.523348656426351
0.18393873750097117
0.9345345292199123
-0.3458173826932085
-2.061122822137746
0.22839500772247912
1.8877863145468607
0.18586949042756612
-1.4919009162741597
0.49969425350020036
0.2075611084729527
-3.207110055179161
-2.087699691062759
1.0310787431329256
2.444958782285556
2.471629709355369
-0.810536829080471
-3.07861299659812
-0.3324264022300979
3.310829098797013
1.7032548495034903
0.06069791960863302
-0.30273438779531747
-1.3045751063772402
-0.6883935502750406
0.44574436257527883
-2.2570673454049253
-0.14789620942281545
0.7056239338567238
-1.9173892000120825
-0.01768376651966541
1.1315913113526237
-0.1688871603708466
-0.25026817482440245
0.8092042964167364
0.6385625945173466
0.16506263171565916
1.7075514152676357
2.775298062764438
-1.39613460321993
-1.237484498880943
-0.4191215617962195
-0.2816847401060021
1.3109985934742814
-1.858529735051655
-1.2951707221689872
0.7858792809950863
0.22457255906798018
-0.061167807153204634
0.2905664061193359
-0.34078595497012376
-1.5572657713127498
-0.004254799948455457
2.3233095217183424
0.9140553140060874
-1.6255169426165805
-0.447751346663422
-1.904707589455422
2.194141534604955
2.806065667800258
-2.707716814088659
-0.792535270670861
1.251657308842339
1.3321151672515998
0.2177880459171494
1.0757426221333637
0.9500702227525504
-1.758031481593599
-1.7349807228415157
-0.5057688899046621
-1.0546307399530508
0.9130838524346143
2.827482206049809
-0.5682208572534069
-1.5014438524002895
0.2730053518969485
1.7668161599244157
-1.2345439110921328
-2.5630867542478266
-0.9071409739154618
-0.7343280810432699
1.7903752962214405
3.859771413103828
-0.7504663042225596
-3.8352952880068685
1.7044247961369852
1.6844979770573827
-0.448864965553573
0.5517521444213149
0.4342988631904292
-0.8854899669407884
-1.8273383067913038
-2.230722137623364
1.5413823037673333
2.1363979254231893
-1.6360870239884209
1.028085566887175
-0.4792672876726567
0.843422493148247
0.9950852209453678
-2.161013612516169
-0.8835070160005998
1.230073028142042
0.5740873004055449
-1.4750263004544308
-0.28180497162971874
-0.6291179054628777
0.6455770383220514
0.6200064503074557
0.35292537780626426
-0.822421184412995
-0.16857995208626214
0.38597539281892446
0.09483041905077595
0.7417753698233949
-0.9872228656078197
1.1194004511320423
1.2419390708278715
-0.03336216828676308
0.28338607333046784
-3.2160541624923416
-1.9202107428369795
1.965737017053605
0.5934561755974519
0.8511848190289528
1.4404560212358763
-1.1173113473245035
-1.2711497557109748
2.0513251253176388
0.478112981439412
-2.9772693852142718
1.9472529359023962
0.3489392854831568
-1.7449897619209858
-1.7293518736419957
-0.37768935065050824
4.462481939482959
0.43584419953012554
0.028173402754967602
-0.09798664198952559
-2.0354888676816514
0.4516109645909864
-1.2305800509900067
-2.1905570772357614
1.9710889500206
1.054804861936521
-0.916723916017017
0.6264957021872661
-0.9743190798611903
-2.307491206553747
2.384771088979309
1.4886367889448415
-0.578027732147836
1.5691367014261783
-1.2598248330293813
-1.610888934393461
1.248412925320464
0.9662143560065284
-0.33503840723325784
0.6895282334292896
0.7206161073201753
0.3578079024412143
-1.642478228135205
-3.3774533951573193
-0.357921036126829
3.0704760476682043
2.022783085716083
0.04928134009411245
-1.63366375017999
-1.6477051036108823
2.321557272365228
-1.1040201793413034
-0.952702350831151
0.766788311020745
-1.3125525377959117
-0.4283887276425131
1.5286754747647384
0.9165147578885393
-1.7819059131068744
0.6003273277472383
0.21923931018156062
0.35433481306685677
0.4239929553035734
1.9774994767019822
0.7546387139338746
-2.457075528228451
-0.26931120823523536
-0.04388880941934487
-0.19452384725329624
-0.49134076351285644
-0.26525482684635526
1.827291220394168
0.18528016087671922
-2.396951867326406
-0.3829051435590409
-1.2885719510314877
1.717286015012591
4.440652673147937
-0.47233143396927263
-1.3134742754972546
0.5768121816825047
-0.821607589435108
-1.0218412523309905
0.9047644811230118
-1.0958402746999083
-0.049662741555112744
0.6033682362899625
-0.15644411023124627
2.0801914344989028
0.8103470612026036
-1.3096022912928285
-0.4473434209046756
-1.120522919370084
-0.69905485409426
0.9901479655326061
0.8547242469917831
-1.1875929418711064
-2.1166579286146545
2.523844098107433
0.7702719241463002
-1.511411546199348
-0.40742553077162036
-0.5573603837313053
0.9491363746217311
-0.531244424690842
-0.22906498454291277
-1.1579847152780278
1.4824689316982393
1.4580661376993822
-1.8981621475728252
1.0703420444137708
0.36836978802562276
-1.9805532411105289
-1.7696969425171045
2.2881339172410895
2.0006327710444514
-0.9925009944920214
1.1682736104785183
0.727794798925248
-0.15792114521192824
-0.5036485958915697
-0.8313966470015355
0.5978539238229229
0.43469728536102664
-2.409270607742045
-0.8528368761968471
2.177613086822274
1.3260802146763468
-1.4306705233171884
-1.2047902158365669
0.41035843871992705
-1.0613432416698299
-0.13571237648192436
1.1357853630364645
1.00988016543772
0.7105522356128722
0.658630591550965
-1.8747771974824576
-1.5141051282066673
0.8363788614528038
0.2061574134001699
-0.29497319489685137
1.2584859235166805
0.29466597676156625
-1.9621404202556658
-2.1364228006542745
-0.9003905296285382
0.8272107074695276
3.2035208097110166
3.9331765663764413
0.1264747640136319
-2.7785750445388793
-1.5912659043085498
1.0145926841900148
-0.07546991176267392
-1.9826101998863335
1.7127403640945313
0.9309925832911203
-2.7467207621647876
0.9983747861232974
2.0254693798337957
1.648328907707422
-0.16770228479472057
-3.0780179612512137
0.5692081227046099
-0.33215665553651785
-1.3952853521167081
1.8229090156719716
0.8141253672299729
-1.6502546415628931
0.8641017654544778
0.4956282487067516
-0.8248868120120157
0.36179732012386134
-0.05427908155187472
1.167742416218108
-0.7803112924734001
1.3243451305662768
-0.699229309750123
-3.4923486637962946
2.005270215287391
0.24042959014809206
-0.9523756656503855
2.201728242342682
1.7917055038907321
-2.172782399048195
-0.5007855912197354
2.1649298134009474
-2.0743506221477834
-1.0619520336752108
1.7780048377026259
-0.007498691109995792
-0.7425898022388014
-1.6431983921066617
-0.3547101274608465
1.4266847134329865
0.744869601620525
-1.1423309057205056
1.3452242681022917
0.26507381160793053
-2.5461609955635933
2.0244410268449737
-1.0023625710317763
-2.198069845983068
0.514455933290505
0.31404566241374443
2.482633656649241
0.6476137718114506
-1.9479752009450988
-2.1934845865944705
1.300771183607103
3.4573421448255965
-1.8844517313741116
-0.28248233457857597
1.9205195296165183
0.9123025822824072
-2.0158203680213918
-1.5052827126163228
3.068264893500568
1.1831243416581179
-2.2462786447426364
-0.5534863525338192
-0.21082375948975807
-0.24976452441336006
1.9004434505335033
0.4658373580256817
0.6372936216684095
-2.6700465125994532
-0.45786821368744235
2.188099704561602
-1.0362715057371394
-1.7335354158138747
0.9014447064859468
1.678243788929458
-3.629431873530228
0.7427903247869315
2.0204435820018825
-2.4252097495582743
2.3857261151945712
-0.037698789174017144
-2.354077602624807
1.1536207158945253
1.5810387525264034
-0.9707560040649185
-0.8666818145925215
1.6137089297777205
0.7737144329739232
-0.8763584603668632
0.3736999310934952
-0.09444570560667537
-1.0715643072079826
0.15353781960073215
0.07945838692903817
1.2384940448019837
-0.9653053525419647
-0.08735408287931579
1.5114141190068928
0.6947717582705302
-2.1022725146858248
-3.4335968350087516
1.3618587495670942
2.4039565037772275
-2.0734435420861224
-2.1264756895543186
1.9696111491996584
1.3555472475150876
0.9880479658661031
0.9653805211948936
-1.2643450669985785
-1.8004571867877996
0.4532182837022921
0.3133753917173411
-1.366650848900369
1.2849825862873643
1.0074001595192186
0.8146805715930858
0.5758936730231925
-2.3112245856722695
0.1535363529354027
1.9538873734051232
0.8288507418633825
-1.051156854427148
-2.1305329273405733
-1.5183438377665912
0.2391681167180909
2.025579780988096
2.700744656177803
0.24471806069032698
-1.9956143458637712
0.2022217420684027
-0.8373532875275375
-0.7395545219124592
0.004367536055819188
-0.8940620881667873
0.9442714968784343
0.7872560019849594
1.104424041500412
-1.2946757811725365
-1.2608010628788626
2.064641237522004
0.3129977735492005
-0.8383845141887107
-0.6486713202318474
-0.9950892150688071
-0.5872890700133915
1.4365116798901227
1.6404175757837582
-2.2962374313875005
-0.3238081884349948
2.7494869336847607
-0.36998913330548755
-2.4414445759795544
2.725436495637971
2.4333448902291233
-4.560395409043456
-0.5319463576193548
1.9374530973996906
-1.1671717959502534
0.6206189748811681
0.7169494174936253
0.20229098257596378
-1.3995607326710795
-2.21206411135023
2.00482188686824
1.405135999480125
-0.3713059979033069
-0.5185055233831044
-0.27130498851927565
-0.0845841964378912
0.13920633167187813
0.4978850237698713
0.4580188131247013
0.049309461797534315
-0.45041727560049627
0.18819795131977246
0.06334242169592941
-0.511925293501408
0.01238069771578476
1.0286681475473107
0.6607372244990175
-1.4174564585321108
-2.0892062032137284
1.0073105749512878
1.6382250564683674
-1.5511171847918153
-1.419728149400549
-0.2699079857559833
3.307455822039975
0.2099825628794959
-4.573901559162797
0.38334144483467303
2.5421693061480366
0.9279907988584788
0.7448437119605393
-1.1370362223412696
-1.7063261887151686
1.1434958247308649
0.16008318644524433
-0.4638679060560943
-0.3030954844639242
0.9655851078362518
1.2703259420704511
0.09873918675493676
-0.8731033742974561
-0.3593827866350231
0.931499729255769
-2.3398104724619047
-1.3748368983155244
1.1390300753663904
-0.01421872715302197
0.913402223683953
-0.8739430072971962
0.3818596534222043
1.8410972335304234
-1.5698801818662353
0.2153449753676259
2.3921015210440233
0.5241952070168749
-1.3375919614116405
-1.6166692516727879
-1.2531550328130825
1.4156930566085268
0.48374296129842975
-0.06436959882482429
-0.03235661344163743
-1.4891862616213336
0.049762122627991956
1.0789439063546002
1.1077121849916265
-0.31936011550810656
-0.38772222163549797
1.453750431725882
1.1616382371701377
-2.335535973491667
-1.5198573401388336
0.3425785460906149
1.3747917424278568
2.0666125320527398
-1.6358020602135372
-1.9519508561960977
-0.389732547417447
-0.6138033682269496
1.3407268248810253
1.7439985277952292
-0.370167955552054
-0.4081046096281468
1.0621086353728304
-0.737019539074961
-2.939643991293612
3.901637933022889
2.216423232343381
-3.077042225877066
0.43802951222579584
-0.49257150651025683
-1.846942472503286
1.2027291156747115
1.6820721367173643
-2.293639964872753
-0.23967188110477833
2.20405046142261
0.028890827900153182
0.46353314677553625
-1.2244723983867056
0.49044236704547584
-0.43971957195095857
-2.1255591027071556
0.917100457860874
-0.6526205198728094
0.6306414590880711
-0.11431575663590987
0.8386061239595244
2.425206416981207
0.25836048184668425
-0.9005664462641814
-0.8028086221061388
-0.878489289118218
-2.622695993578295
0.9369903449419221
2.2591889223704764
-0.8446981460610943
0.13586069856211708
1.0431668057735692
0.8511376680638283
0.2624096921708371
-1.3081053611138396
-0.04032907047880152
-1.9230118842686723
-0.02703452339406709
1.9725037984684726
-1.7859294446220622
0.7232809104909561
2.1467037570916387
-0.3297444870295561
-1.2167400505553876
-2.3325283048424694
0.6517498824055101
1.659672739617962
-1.3254171690679475
1.1153866431850763
-1.2658998264350498
-0.2816521420465459
1.9268039696051478
-1.0293668003734031
-0.637930554455595
-0.027705110128357247
0.22489253490150174
1.2977329560443267
-0.9923033618284449
-1.174297136668926
3.3948411788071535
-1.3629509475928885
-2.5028466847660735
1.6084763592180085
-0.45053040668333694
1.38213820454752
1.1083240247667374
-0.748291336393852
-0.32591958221657613
-1.1759488302556393
0.7045220971199795
1.9324620337739247
0.3804545373606081
-3.3296904147462825
-1.7813509809203703
2.166331060470476
0.9033525257929226
-0.36429609063681134
-0.5722704927541448
0.7474670120548974
1.897978611429143
-1.0747376002034446
-0.6544004300329391
0.3540155071914593
-0.08722132350701284
0.05419554954505837
-0.7027543305905918
-0.2155293942157757
0.4419937026541366
1.1785123725688762
-1.1854254720491848
-2.5608694944450767
1.2727666685668195
2.700215746031243
-0.02355736686974652
-1.569501172592289
0.3911536351383421
0.41340928067927285
0.13832472669593765
-0.4879316634188595
-0.8978273585866524
0.4994306906317012
1.0954522051244182
-0.559364216098241
-0.9241844327767428
1.708109790184022
0.9725328961338455
-2.043482449266388
-3.427716236963528
0.28446683738465295
2.549170806174092
1.513177071711553
0.5076418658429805
-1.6851710648803682
-0.40748820468609914
1.161441291827537
2.574285234541358
-0.6247568115997872
-2.980677172623514
0.29026385159317425
0.043370027647205475
1.3763371883365072
-1.0019796885173098
-0.14194329531237582
1.9367421155193472
-0.11555992417952177
-2.052192088394604
-1.3445439437875057
1.5886727319489073
0.3863210261232518
-0.02595182387809436
0.2721021536271974
-1.5127167760474065
0.5282306374281018
-0.43298696247237634
-2.1125307088867857
1.6689096976148663
2.130075914982415
1.2329283790984862
-0.686055757629821
-1.4978381997446493
0.9411349219255571
-0.2131067912538286
0.035658963571372215
0.8831520140646798
-1.424697681781097
-1.7705405563104568
-0.5021541884147779
0.8845349401014571
-0.8727106358729008
-0.7321485853104421
-0.5993232090135103
0.6466069143657531
2.764154597995918
0.18514080825923043
-0.8143142354790325
-0.28174511465405594
-0.44487234980506246
1.0945420300104507
0.9873846972020341
-1.0192604415486373
0.47116494481768134
0.7206123008586545
0.5253700480302178
0.2553011038585271
-0.9656342470043064
-1.5943410448405309
-0.38687641972370024
0.6708741933106411
0.24353156419941682
-0.24835331676636563
0.9183070088277946
0.4599059234477834
-0.9543225308624769
-1.7562646180214931
0.15577893952353994
3.1942665493648796
-0.7973984453045637
-1.72072886467241
-0.09892599973066762
0.9444159299352022
0.26538276817209294
-0.2420995340585263
0.8856392949743817
-0.5317478826265527
1.499860163583292
-0.8357988383281472
-2.611166409252074
0.33998301824606836
0.4804530168411569
0.592054594756756
-0.8484862446173922
-0.6343851212226769
1.018285616486769
0.8075515123249042
-0.48234426444938355
0.6809347782088426
0.8920907217055614
-0.8671307709490965
-0.2516229965492021
0.2783751851790852
1.292503033569659
-1.1946183661430745
-2.043783581736073
1.1796585972478373
-0.16090009869943434
0.35658164471883724
2.2935035947638838
-0.7710899547639469
-0.5948225089558432
2.159536723553806
-0.7509063912319761
-2.581282428991918
-0.7549608018335014
1.0612972191659042
1.3778477536109661
-0.9598497555394705
-1.891561287684219
-0.10012193428728522
1.9435671629209281
-0.07873133198087556
-1.8113422295198038
2.018080641239469
1.233190980706635
-0.8846587872251113
0.47961258342988755
1.2809828679383228
0.9918036393725528
-0.3732740708685238
-1.1129681134231235
-1.0885975810641286
-0.27222273187650003
-0.26553341467102043
-1.8068181292377705
-1.267021432212531
-0.3885751979598757
-0.2165762891944636
2.761951665956995
0.003716183059149225
-3.036452007580716
1.495690375374956
1.073346746926734
-0.5360318823631495
1.471094277295402
2.4400144916010276
-1.3119666818404667
-2.8298535724822313
-0.9739315669111485
1.0729407916236717
1.0736308129295122
0.933336202618503
2.3140569075521453
0.788714533703271
-1.566211047152992
-3.443477422894417
0.0324856863013299
1.290070303521407
0.6066064977740651
-0.2707773837943577
-1.0891455752362438
0.7441959350635988
2.0286865730922212
0.2922823885770165
-1.2262181972423762
-0.4113127153186418
-0.496306229576182
-0.43090966262318975
1.0198351112931758
0.3996736215548357
-2.5444711688683497
1.016375515475609
1.2381441383285883
-0.41889736319857906
0.26562913226822016
-2.3958378180490687
-0.449062871748054
2.1868559285870734
-0.4323981658479472
-1.1284447990955777
1.8073928212447947
0.23710005352989588
0.4642237865710517
1.921875039029799
-0.2874293044729844
-2.6962491096499277
-0.2506867478080246
-1.4942004465443948
-1.5744375912230886
2.42955570147586
1.3708351508003243
0.6898176439412351
-0.6568717887096948
-0.35604337252687945
1.3913626651696918
-0.42842842722613106
-0.39069223184576407
-0.8705495830058587
-0.23741474949470476
2.531913178638676
-0.5189057387030428
-1.5469881884618464
-2.245525418205057
-0.03894518123649637
1.6832487814884312
2.6380441446697005
0.3283971052755923
-2.7457939441575454
-0.613392022227909
-0.27837102754779014
-0.1411808050526977
2.6581139938764413
-0.957546588098985
-2.2684775792716563
0.8261985158320695
0.6367631554989336
2.1023646677396006
0.2087978046233816
-1.5971590861822436
1.3476987172929364
0.28384632456004116
-3.6293177710827047
1.3524482690034016
0.7528563444159712
-1.5949072350351117
1.863224678201326
1.5733769170229701
-0.37770809288651913
-1.924002731571245
-2.4727723079459802
0.9532326297072352
1.4711866231417916
-0.5948356925713707
-0.44842454334174886
1.8147098036069846
1.2024563368843093
-0.011376374696493663
-0.820750459328981
-1.0623736501453218
0.6063648468520743
1.170648231584933
-1.632419643411262
-2.0576706530047706
2.769721174505304
0.9535064151054471
-1.5220875502918765
0.2600346488628416
1.684933982877704
-1.7364347280801926
-2.092579183251034
1.811026955931196
0.9221931683014357
-1.129346459207323
0.13467265990120608
1.0762697932759588
-0.19844589678204866
-0.6145670251114089
1.1883841675145694
0.0667818523947528
-2.091063720974592
-1.4452140061889829
-0.18711840496905907
0.8846017715314073
1.9774017407539146
-0.44165004404530883
-2.973198867534985
-0.39919690416543807
2.000714925558264
1.377729429753063
-0.3202486501870178
-0.9605520508298886
-0.7373645633405818
0.42472224067792885
-0.3711808391758704
0.8453006506144107
2.0386269819489073
-0.9774837874373696
-0.6013473905651873
1.6920726759854054
0.26907236780963867
-1.7839036019816101
-1.1427273370847324
-0.6377482642582113
2.066094927283732
0.4140020628051698
-2.7845296111183657
-1.8580190604307667
1.6409819568603854
3.850612095769929
-0.4690545701581532
-0.3553196723618275
0.30804889960510334
-0.9479506724353883
1.5636995602900536
0.015998641479454623
-1.071340716598299
-0.13801344054555337
-1.545861144419167
0.9586297664688949
1.8593911807688017
-0.6736947237657819
-2.641058794779586
-0.3900446667124142
0.7722584139855158
0.5648924802490576
1.8433121502235013
0.12335112739101738
0.02001921178302668
-0.7561507027916452
-0.4600888801544579
0.766930504983351
0.9316443030625075
-1.3443376501649111
-0.14879127102308387
1.171717149917203
-0.1315474094672422
-1.6716984879817005
-1.0831908242467985
3.6073012100416717
-0.015000772037811222
-3.0020304920356846
0.8264982204330299
1.4640694802930814
-2.5029100429276805
1.3774294664000848
2.074104762212015
-2.6023882369693516
0.5992486721002017
1.0643037423944148
-2.19700074970253
-1.5799927129303932
1.5583619890192801
1.827212611641019
-0.6589166099803165
-0.3581700295464607
-1.0270228528183873
-1.0437093909699482
3.7513086854500894
3.5323051773770047
-3.1629343710735958
-5.058198836525753
0.7882521876246119
3.270466217320829
0.3970816561976863
-2.037426715886728
-0.3891142081471284
0.35839526370806474
-0.3350491237280793
-0.5214078679543594
0.3687914817579023
0.07945504537613846
-0.334445730356131
0.5697406931877423
-1.0278120283850425
-0.6153814379258048
2.3307853342041422
0.07103744337557583
-0.8862000191920487
2.1576822109361844
-1.4118520541257715
-1.3135547416500981
2.1493241582245317
1.288422066727427
-0.9155094092234077
0.001765201148783535
1.5068560791335628
-2.06342155581911
-1.4068696095497448
0.5523036905500801
0.3647650166697819
0.9926112882814524
-0.8798901920023541
0.039831326798661415
0.819017444048779
0.659219026516794
-0.09466194313214617
-1.1501316634970713
-0.2168356121794519
-1.8071846479459104
-1.160286885176242
0.8638991279686457
2.412680673441871
1.3544453367351457
-0.7131735547020841
-1.4351546378114186
-1.2477519342458774
0.41279686338837385
2.24046672999214
-0.06897437715479382
-2.8055806760036344
-0.13226338842927055
1.2987273563281876
2.129955989933197
1.1269507215308592
-2.5051021091129284
-1.7081578016682333
0.645400588572307
0.6906427548798193
1.7867484614290854
0.716884739884883
-2.7732642565334746
-2.63552386201878
1.8963017876171986
1.7887266992953836
0.5608235277990002
-0.06331169430222425
-1.8083883165037284
0.3609737496427277
0.31605718526335935
1.3614430418872654
-0.13336720554416015
-0.7229992257239588
0.20820558674832101
-1.8518914084009588
-0.5345585781700097
2.151123073766869
1.4377888043743092
-1.5219248828298513
-0.4096876458007673
-0.9290426413918977
2.606375240960867
2.028838227089356
-2.9888690828567794
0.42079308196968124
1.184976169642384
-2.1442503993114213
0.5534939325021152
0.47087527271973195
-2.5153382140320835
0.888278528914555
1.571716016572113
-0.762391908087634
0.48781678824587643
1.4504000854121308
1.1950786593742042
-2.7458966844118766
-2.177225755927558
2.339090514635873
-0.7042410928664397
-0.45124705029470163
0.4613378714547489
-1.19388348524501
-0.9189960314383381
1.4786789822565387
1.9184211055118228
-0.8985128353462541
0.1788141839154802
1.6422341340033593
-1.4489431351578252
-1.8206969137760287
1.2316030654639498
1.8500645575842065
-0.6238210426477085
-1.6716172829794222
-1.551662786516297
0.9347431867834742
0.6725048106742605
0.11386093692285743
0.4637704993782706
0.3961210729059701
0.2050694124107953
-1.410137555536465
1.0852559869770424
0.421492582346421
-1.7720215845657497
-0.24279240668284846
1.782514224965848
0.23760327736306794
-0.8528725848497873
0.14062729414976097
-1.6223536526317468
0.8816831872786712
2.3042003051381887
-1.4940198930367614
-0.6521703523708717
-0.009346788319372579
0.8881496007540188
-0.6321611334701825
0.19241425926904066
2.257318817822143
1.607171827260187
-4.335009176762798
-2.3907323375826066
2.949983874127025
1.639944801723582
2.211430895913062
-2.2053397555584686
-0.672082116252692
0.6721316094371352
-0.4730001003398644
-0.41707988356154674
0.8584484789053625
1.8018617552078309
-2.933132550395776
-2.168044320029178
-0.3107397875297102
0.9567358402160777
1.4393515253074658
-0.41091713819667675
3.0672501001121604
-0.2527762254191567
-1.4719942078935713
-0.25576566854761007
-0.7478818290315312
-0.04640044148521677
-0.5934662031763205
1.0586402158308141
0.4696147170930294
-0.5032699205335533
-0.9095434810240572
-1.7240202143332484
0.786311090879021
-0.1471207995964261
-0.3826661816082014
1.1171030712298151
-2.6246293044954814
-0.725428724966852
2.2966105149160363
2.547557910768316
-0.11305156020271773
-2.41516342329601
-0.4799431380209096
0.47029582559692684
0.6081391366465624
-0.45802940444916695
-1.2331014527524822
0.5878114116444682
2.3175277875912643
-1.0244765890224343
-0.25218848215045486
3.800186406123776
-0.08360570126104983
-3.5252824021420093
-0.4145886139992189
1.770261126892047
-1.245436223060256
-0.5723515692345529
-0.2414027563253449
0.9954446721481801
1.546405606386912
0.41060434983285043
-0.6725417229941429
-1.7019061837301415
-0.053483731683925784
-0.5600937113172624
-0.29163932267575887
1.35657001253974
0.9729026626531168
-0.7703328746923994
0.3113137952083592
0.6155255388624727
-0.45211776604340537
0.44610634132117566
-1.0425514774721827
-1.6754242544354239
-0.02678680902481423
0.1709971174276973
2.082536360099195
-0.6346767004258701
-0.12328622815720358
1.2171354663426093
-0.6900685008255081
0.4971171039073082
-0.5274709767705618
-1.2048114532966272
0.2948781840152902
0.11279297739428562
1.3153234469558515
-0.04810466255083312
-0.6323032944306339
1.5812237301640282
-1.7858653250477075
-0.10802414891811196
0.03264800998642814
-1.7151417404136113
3.0184790306382947
1.7589026665055911
-1.841264023613695
-0.33910947363646504
0.19716614594863102
-1.5116780580443687
-2.8402402270991485
1.6442935012045052
3.8142194919268944
-0.3727065914574872
-0.05297099933096261
0.7341960914231331
-1.1858427804717777
-0.9623813061559765
-2.0883390027574427
-0.16422519245586018
4.486481114657173
1.6493891567869234
-2.7222924902010877
-2.5737725370332867
-1.9402629683610066
2.1175255043497114
1.469827481057877
0.12577599048255161
0.6562028667929797
-2.7240594861703515
0.6052486193108091
1.6948629799895059
-2.283097502232058
-0.5085947266250632
0.1833333633850367
-0.23851994132148746
1.2223019923371417
-0.14189882602706028
-0.3584993561216274
1.5361334181266804
0.8048334290119895
0.10420336345963754
-0.8745542127960279
0.09287845122775906
0.1856609152369394
-0.29400680120837047
0.3527120666779365
2.597346667905954
1.8178817894460042
-3.9704851609355085
-0.6788688790444481
0.7054491702932256
-1.1359064682033564
0.8322868560739429
2.1666584310946977
-0.06442636275793312
-2.290036972064747
-0.8185254650104921
-0.24644594559840888
1.8882900154675202
0.3757255160320013
-1.2144757582769588
-0.10236929132866812
-0.9082018208138873
1.3945231427507223
1.3841745579625664
-1.2900811288977017
-2.4694917524107383
-1.215197003976612
2.659160003649765
2.12082760321773
-1.0509486175520277
0.057360404190081926
0.8447337739212741
0.19077079927279383
-1.7963259188966518
1.2312601727692467
-1.3554182927785825
-1.256219455459714
2.7660489897756566
-0.9410763864164694
-0.9664051388975596
-0.7914348795827715
1.654225058542059
1.4938956057903914
-0.961602418006354
1.4230921367727078
-0.761918097419783
-2.539476778872257
0.6727168911347081
-0.8010912474927934
-0.26609092841426724
-0.09917499102668437
0.5833573086922166
2.356526020523402
-0.330559175227751
0.36045030759922203
0.6134878305260246
-1.4545797697224772
-1.9930435388044725
-0.6229891358084982
0.5643715469768306
-0.8180137301978136
1.0371541659144994
2.5321332836648445
0.018311295829067653
-0.7542977112677498
-0.7294439579260747
-0.645760151785028
-1.7364175526901247
-0.4482603089271795
2.771580053769349
1.3923041638710372
-0.5922590804827592
-0.43912674842711763
0.7746092538398761
-1.4189507982983514
-0.8879291236786694
0.7019322871692266
1.1645939699679482
-2.097841731567457
-2.0331692436501747
2.0452911909905804
0.9803142367529345
0.05784404397974341
-1.4679244246772147
0.6566129710777053
1.1527066159689985
1.8746548166451193
-0.7775556007932138
-0.22837489063599548
-0.8473531522469689
-3.55761781067756
0.5529974197955982
2.8860096819879812
1.018403553236027
-1.573555797112022
-1.3814066342563611
0.8928365925427055
2.3841728752986944
-0.18164829937011384
-1.490549550648684
-0.5556637262054089
1.1531062522938054
-0.11568036533893389
0.020889407373068214
0.2583367671183641
-0.5958740094277016
-0.12093200295217427
0.3664843389809893
1.5035514607619112
0.6401897270838783
0.1921125461387383
-0.2481982418304669
-0.5639608848515631
-1.3616733295512722
-2.044155961381594
1.3479182193307286
1.4062220349657262
-0.6858707465212778
1.2051303383672811
0.03150063962480863
-2.3761828554906095
0.774473019029839
1.8658942761827264
1.2400701964255147
-2.6053918864819954
-2.45226824440202
0.817316041698334
2.200259397240097
0.9137312770121084
-1.4984371690332288
-0.9904414738914216
-0.45151849657300347
2.210130415107428
-0.10531878891564572
-1.9341306249661139
0.5485098473901695
0.6438217555630293
-0.821925748589382
-0.36243057096878717
-0.46522176965790896
0.4041536892156343
1.1843560797619697
-1.2149370017485988
0.6286879175170049
2.051140731272652
-0.19251029502777017
-2.9489536041453253
1.5158830440394642
2.812592516314848
-2.479800356070113
0.13959153758141873
-0.9006654791531199
-0.20253800074661898
0.47748196002255094
-0.7130649299852837
1.0488907205707547
0.7639841048592044
-0.8403651522475254
-1.3730854583336227
-0.8372543446635625
0.05542388049657909
-0.7807816912752357
1.2033663746070622
3.3992010088702185
-1.9718700783821124
-4.258778501637138
0.7933894609028398
3.327799467890286
1.8731838194144739
0.6252131383172961
-0.6197441889877673
-0.40492465272770733
-0.9478019499156884
-0.6846970947190518
-0.7787549613939346
0.6584473435367894
0.8933910790932704
-0.8372518194671459
-0.6235066873209848
1.7004982429859579
-1.1437577189416261
-0.18319586262835785
3.1184827171070477
0.4381185995957284
-0.8197148752848202
-1.7424693857153302
0.8472292684085443
-1.3019360501575137
-3.502849222617737
0.045921061403994656
1.9862965678939402
0.6993787719600647
0.29743615094958986
0.14223627196225153
0.46294158025088183
0.2736850386576249
-0.6089920021293415
1.743593429995577
0.7521776330899392
-3.5150904013263458
0.9713141154475666
2.7370232134594388
-2.7476220494439154
-0.04318900107754142
1.783285774433646
-1.1807635095427127
-0.697187246826567
0.791780017516282
-0.6656464143247651
1.56962053727326
1.9581819428332858
-3.194265658084925
-0.5732396524308226
1.7538383229366867
-2.7918063322141493
-0.3135319916901745
3.740284881432716
-0.1956546945555754
-3.3696741271892936
0.349643460385597
0.18969389650562896
1.8542463769155033
1.271507495349714
-0.4508765036611908
1.6155614877829152
-1.8898015821362621
-0.9521581480641541
0.05039521053942264
-0.6773139756781367
-0.09124901229721116
0.35702712850315915
-0.5128563449760418
1.1232491941743008
0.6251393836462041
-2.304508105419608
0.5203856829724796
1.4415584995968183
-0.17939760985864753
-2.1623982673984865
0.4729611819126718
2.561887746828763
-2.261398973175507
-0.7685206903076791
1.8511194092516543
0.06192622056180325
0.4815168764156722
-0.9821015219745606
-0.4093162270534921
2.296219694787497
-1.9826070018669073
0.4243549030462943
3.4867881516948813
-1.0652981452070436
-2.11695002075102
-0.7176098628801936
-0.6637234250698426
-1.2411585942681322
1.6749273175314279
1.0147288640594812
-2.1601815491405905
1.3883608519673176
0.4618814683927883
-1.757098748548012
0.49478447455166097
0.20667395271359656
1.8932716065315662
0.7303821617915277
-0.07808962481200465
0.8181116470321007
-2.3034275464133733
-1.2367221035031586
-2.1082645623476974
1.6314371002341288
3.357582156713523
-2.0888328762046267
1.0261520126946848
0.7691430642230813
-0.4657594591318085
-0.8629408826848916
-0.13257437103628478
0.8936556960964036
-0.7322831888874008
-0.5687755497218637
-0.28902974823215516
0.7299044857397056
0.5059417825343149
-0.4460196447998599
-1.3834041491271145
0.9124063712520356
1.9417291948323878
-1.6185259562698393
-0.9706285765483194
0.767112343506062
0.14916648647634967
1.327441717767464
0.16164389081646105
-0.3654435636288431
1.1868973674930663
-1.116581513195878
-1.3111542826700158
-0.7457164710468642
-1.0715058217757156
0.23732275891382693
0.4425190690223545
1.7259804850857121
1.5118753492216166
-2.2614696080437997
-2.2875137489602504
0.5006492388174865
0.21823732901248127
0.25536531520291006
1.9953460177629068
1.4899324012117807
0.26552459711224985
-1.5699408111189102
-0.42026324957584066
-0.9603319843003889
-0.6082682381850055
2.3913682371173155
2.3951688737100856
-1.9720093116635828
-3.2035441074171924
0.6008238890768126
1.4687077516904319
1.3331172909957698
-1.185635198120372
-1.027100260710496
0.813593712225231
0.40811587248195424
-0.8318612174793413
0.13525450556567514
2.2656707470178374
0.635107616297259
-3.271456956686909
-1.074660701070374
0.6924298938557658
-0.628818364407824
2.167453934575849
0.7639148777777246
-0.7306119003465363
-1.7146890009283597
0.08612068261734002
3.670224125860437
1.7632599955362211
-0.16348874915785272
-2.529944577418209
-1.2090394753421894
1.5663526779853205
-2.7330490552785305
-1.1704528372949763
2.7977318681516383
0.10688121702136547
1.4969540461800959
0.6140629393438501
-1.3857119672324614
-1.9285963004609141
-1.314958464578725
1.0817262286280944
1.4964103491906575
-2.1090268275533957
-0.8443296537569217
3.1524677784619795
-0.02700269173347299
-0.7591428680974377
-0.3245146271941696
-0.6837757401837442
-0.26361643897084996
2.7288310305991845
-0.7191814761927894
-4.801626714872226
1.0547143516846906
3.0557924914673755
0.0655107204783876
-0.0685434704185327
2.100850138829698
0.6124612432369498
-1.7246304648380226
-2.563225368681393
1.1060408690817929
-0.20488114914100497
0.11860302755893093
3.1073798852735175
-1.8705529388805524
-0.2630208459375454
0.144005421987071
-2.1191416152034352
1.10818974790655
1.31657080422627
1.0990551400886532
-0.27787386887777615
-3.194751575934624
-1.1104391500117168
-1.3243566020758364
-0.5417507604863248
3.0795391281902496
2.6147060736119485
1.184881479615337
-0.3372985389760247
-0.5324777088887709
-1.0941638708425954
-1.0558075655862613
-0.48016999867623233
0.30037950633820787
0.7753373487650908
-0.7115156828118684
0.8302131926483576
0.8312496889354035
2.060930482418084
-1.5986251159643565
-3.2096696528174724
0.543433366139908
-0.3272434337796986
0.15910460563702455
0.8822554310218218
0.7159405118536809
-0.5538460236053118
0.5384799697115245
0.31316123903795934
-0.32147379768189466
0.47239375477999634
0.06353692303675518
0.04844526438813018
0.949453859765754
-0.6337038633354986
-0.44640691152778955
-0.01675838068501115
-2.4154527303524542
-0.7236003473508567
2.101129358612053
0.7979570285943445
-0.35116468012369373
-1.4444783584987075
0.21508209223146424
1.6269167007620686
-0.04510842632053069
-0.7227235460393162
-0.025159842343151828
0.2677911072430096
-1.3914313226280997
-0.9855065721336507
1.4884567795048684
2.0198801808703237
-0.9273454937748438
-1.0347804357015171
1.8158979004017473
-0.22184922354340658
-2.2279480895405706
1.431517409203448
1.0303385040107018
-1.2515676987043354
0.880437234954963
1.6097204427671756
-1.556652664735163
-0.09738707075602249
1.6826998099364716
-1.2342577827491812
-2.2453481128670414
-0.7714079319749247
2.6437641316059404
-0.28154721199047306
-2.122762933948044
2.579551944310031
-0.6531424558646977
0.06966089868775094
0.4086154295688772
-0.9626106027487895
0.28391344528297224
-1.3886024590499044
1.2246550730890182
1.0681395279032933
-1.35824852735115
-1.3295008501210688
0.497818794437769
0.9415815150462634
-0.506482524781438
2.035635605184184
-1.4850374475777737
-2.0584862579203183
1.397162905624607
0.597587285800136
2.0380694438056035
-0.872631510772138
-2.0790269532305414
0.6216076656313319
1.5228834941007152
0.25112913683561633
-0.4230155961534196
-0.5631064780560138
0.7850629956800703
0.3453047902590591
-0.9220894282709069
-0.4588089338367892
-1.7392049528545475
1.5927255315625073
1.6671864738932227
-0.3686980764694643
0.9508918693450775
-2.239002752845364
-0.5922942828872039
2.9934684257027255
-0.6140226476884858
-3.9944199041858184
0.2321021230157253
3.3491880301326242
-0.20868137466443284
-1.6194005884521905
-1.3068027869655072
0.8616548488721775
2.9106688416153528
-0.8895816061275181
-2.008075700717278
1.4718966160922484
1.9615288706318854
-1.0257629175003573
-1.3836651683314176
-0.14695569505126935
-0.25331078123251904
1.4170725138937201
-0.483041519155811
-1.1179670922235514
0.9356937461941154
0.7141548744755777
1.6539080184531596
-0.9002749788433019
-2.4943334563910864
0.5016909721374787
-0.7268923053715207
0.08601110366094372
0.4987568020451426
-0.09497064791801507
1.5851110092001959
-2.02596403318683
-1.9024920804491772
1.7676097682328238
1.398826393326427
2.436188803649371
0.47188252945425174
-3.0692858401713132
-1.1530641334119545
0.522548574426412
-0.9081537481984998
-0.9826491424042123
0.6845746541033935
0.14470460585389244
1.0953177515123675
0.9259030986531278
-1.0387049191864948
-0.29626386279492084
1.7485911249739918
-0.4191623112340395
-0.8732596011525063
1.6620070629804613
-1.724728282064262
-0.830162701235158
1.9076751570028203
0.45193208402878887
-1.2765081578603419
-0.19458920311150057
-0.4889100457427349
0.6816834533595515
1.3804399639115106
-1.3653239549845473
-2.234169375144832
0.8297920642249685
1.6096928182608046
-2.317100047966619
0.16477652755787534
1.0651559627256124
0.007987010037514675
-0.6250749648724578
0.5823247629089033
3.4614704662158875
0.3274156704738771
-1.7294668458003617
0.572594186901918
1.2546060855341747
-2.702312042096466
-0.6832708756947043
1.277781798818899
-1.7695299888665477
-0.4738157830007692
1.262136369109667
-0.6887784086424693
-0.7996651918920004
1.6135567698320727
1.5188888187234895
-0.9598341637909061
-2.480536396510363
1.5013183336119136
0.4398343134867728
-2.679585954962399
0.3345399144887049
1.8485983944968365
1.6214972017716067
-0.39205535484102244
-0.09303953810783916
-0.3579295453769152
-0.945313634961235
2.615192993297335
0.5090090722922731
-1.750139665953425
0.31762569527351714
0.1668062668975332
-1.9939892930300473
-0.16648328162436682
1.0821219680370242
-1.431908494601712
-0.8688513907522226
0.4217965921479213
-0.8919509683000935
0.3649767662228173
0.23948350922520678
-0.665376195073325
2.588077522104673
1.0380068656712391
-1.3823763490462029
0.6597590044414784
0.6529822314313121
-0.6994561811731772
1.6562037644867134
-0.5956631154842271
-1.6655507742505389
0.1174102394862031
-1.1123429442111732
0.18508293729337266
-0.4313490796868654
0.23429041354968794
0.45522391017120134
0.6904962224993494
1.2434518850458647
-0.8132753686570515
-0.03412452977147168
0.8622746429426695
0.18700548025829267
-0.6993329713162229
-0.9033653278523515
2.1701681986302916
3.2194538917074915
-2.3329399767380283
-3.0330187540876397
1.5655459853962117
1.0167946991609371
-1.15545422063299
-1.3845278380204058
-0.1368863364685588
2.370506946949926
1.8584963275081514
-2.185577220623221
-3.022123793097397
1.0403556662992326
1.6171482096335357
-2.129692958380529
-1.0725948982201687
2.8530010967513966
0.4301143685324558
-0.30263621961665454
-0.07762636620644131
-2.995742017861977
1.8177425937296499
1.5666600759513498
-1.8323693410308945
1.7308576327313412
0.260780308152876
-0.3265085918347519
-0.30864707052781815
-0.6590994116271656
0.1914996515008583
-1.027487255385085
-1.0095084908258085
2.4311695377823344
3.452383496286282
-0.8530555519263039
-2.9670170252652315
-1.0120296027615827
0.696627608571772
-1.4477466645377153
0.3093548142975265
2.386444095212077
-1.9382228934926469
-1.5188864094124566
2.2411360824939526
1.4182953599525565
-0.8498653262404179
-0.43442524586955006
2.020655586136513
-0.6703371600150867
-2.521309376507494
0.15527649584126138
0.1538730172294417
0.34459096973420955
2.012266347787345
-1.0227709178900073
-2.2785332636767377
-0.15091748451526177
1.6683937404180518
-0.08068753943934326
-1.3955622019930973
-0.8354362504020303
-0.002556760650883616
2.81842445925553
1.1263727898730282
-3.20681285484354
0.0007398098468315295
2.358368869412602
-0.4836945589386209
0.4535267488982231
0.6264013330182056
-0.7778409757692815
-0.13654066308009405
-0.9951039019858196
2.330758329524577
1.0740173603909926
-3.9801387674208484
-0.41780314380069505
2.1048316985085576
-0.31491841489207717
-1.440919251175991
2.0175430279895927
-0.5721040908994499
-2.3307262851439416
-0.05740980259695405
2.175893388503444
-0.48441173240602176
-0.7024900480205892
1.288041699172067
-0.506192815060649
0.3404653321963439
2.505661060973739
-1.1125097470222736
-2.4642360853226632
-1.040884857787906
0.05049021189867206
1.969842837364586
-1.6887446602399563
0.09680474867543448
1.9174150340960072
0.22193474649420178
0.014279577774383378
-0.391106471695435
0.4102173637708538
-0.23574973589211812
-1.6318616756996702
1.4214383944105855
3.403508674110018
-0.1448826120396628
-2.6457029958989424
-0.5165105756639397
1.5169936841442333
-1.8515896530041427
0.07941475440206736
1.3285189891287823
2.3401268665188244
1.5678946247962304
-2.8931117529392507
-1.1529962087764039
-0.4429150489531088
-0.25747371292644894
1.5325265500653034
-0.2518586963871965
-1.4104413850318027
-1.1616763577790832
-0.101415972384784
2.419229023839825
0.5508911624220767
-0.04736568644297423
-0.15824822064101152
-2.1938442685347597
-1.0922169485051803
1.3753257949061766
-1.1012923718076137
0.48143167934675185
1.7199867691582784
-1.2374106788690524
-1.7352586129674878
0.3596346857408599
0.10914295608085989
-0.2858411149960911
1.9994746752021988
2.234899538563332
-2.727761458754974
-1.7038008289388422
1.8256773731026459
0.44556643567025317
-0.008857926784757442
0.7646004473334109
-0.486422795167946
-0.5893464130320617
0.4247518642414039
0.5996992987987305
-0.43490032490326935
-2.335823948731384
1.026617935273876
0.5709007268400187
0.16976915946937296
-0.08905659416786782
-1.2165734475454313
0.28324754666550955
1.1966461764386396
1.4645123050491227
-0.546379076560688
-1.462162555683911
0.5956091670076569
-0.5793045553444399
1.1686631786168111
0.9252807448714178
-1.0054159178700033
0.3733966694486997
0.38867357195813224
0.8718826502627128
-0.5216800577780858
-0.9340081360766797
-1.7889829132245307
-0.8514366832158539
0.49009765583153664
0.7887055439509459
-0.30181380208404307
0.6967659346073066
2.3731630947065865
-2.6255799656700654
-1.681718876124318
1.0338756313869295
1.7552376364012399
-0.7740105960608471
-1.7182307299475237
0.7925212053723188
1.1675747929607379
-0.2455718048074914
-0.6670297591062169
2.570943001926624
0.7623826314713842
-1.8226643382962344
-2.9723967139771528
0.8381991591992897
3.2300371180083602
-0.4789263701718686
0.11114984792801086
-0.3006572193508042
-1.1050211855788006
1.3792589936399664
0.1080091100714493
-0.23423502456150025
0.17765026443537765
-1.2017343963828842
-1.8413180923453036
-0.06385796500516919
2.563821876806549
0.8309321039568562
-1.6304533492302693
-0.9971200455955692
0.3663450341681975
-0.25971576187253576
1.3957350608613792
2.3509915607366505
-0.454361902490358
-0.8930150745994802
-0.6040000326498682
0.9167005351672054
-0.30580902052989123
-2.210915662125454
1.6654396204075432
0.4134661876833139
-0.19853719946812443
0.7450794780985284
-1.8210746330848497
-0.8409844349827562
1.6454781950052466
1.5737881207414601
-0.5742537614639668
-3.560194483009636
-1.4412677907077458
3.448777966294134
0.9132848435589217
-2.6526575909608465
1.1214303093194053
1.4464268061144419
-1.9409199989845891
-1.4783040361718311
-1.8832372865015983
-0.030720886692801486
3.8573356542220143
2.4015390891110826
-2.7343616304719154
0.6688573591192615
1.9860055278587678
-1.56236639419618
0.6067559930149093
1.2080840712231877
-2.4704462088814507
0.14833679077644812
1.3944165645103315
-2.7473261314092197
-1.786712337207558
0.2795827719817754
1.30291574076684
0.33757189361831086
1.7944667557290273
2.2176964959769903
-0.18421105199744603
-1.037488985478033
-0.5664709575082754
-1.51604146015034
0.1780510827147196
2.8336319721000955
-0.8238748464695442
-3.4211971271568045
-2.0643842970329724
1.2977133784889678
3.0941016272497053
0.662161050042144
-1.1030631602168186
-2.0424606266312813
-1.2276366128993166
1.0879532321386005
1.8941775693088345
0.32689214255400484
-0.10822320633266808
1.33276495665215
-0.45864593050107283
-1.7567681871255059
0.7738844654743356
0.11022270549307733
-0.4224278448085294
1.0419786074499084
2.0613547864380792
-1.6821434741951131
0.5679083652016703
3.7932795896172653
-3.261706130814749
-1.896836925574087
0.3833073720677778
0.4481879053132818
0.38940620924378333
1.173358826381301
-2.0884236899606776
-1.718874020892109
3.0030118153529894
-1.09604312357061
-2.5245978326276646
-1.119529392905487
2.3412857193065912
0.7043696057701059
-1.547988164430573
0.5069372371207937
-0.30154087701079363
-0.1832078404727212
2.093936309917073
0.3342359691288698
-1.110556573465923
1.0076660153122696
-0.43145854419297214
-1.2611939177049067
-0.34648849270091675
-0.13922380266592738
1.2620200469556853
0.3619757443736582
-0.9584409570003598
-1.1264105403596139
-0.8836169251974872
1.3457887743635788
2.063702080212069
1.076528227627963
-0.19881509347158632
-0.15174131563324633
-1.8445197826426218
-0.6202037303702825
-1.2399787767631305
-2.354077083697368
2.9302019508675405
2.616450800269952
0.19277209020725672
0.6300658909318961
-2.9235050655114834
-1.0045527705965844
0.4583631717110581
0.8257267547532673
3.0948286328336283
-0.7840155767918848
-0.8728893184327272
-0.9371353285343732
-1.0473651596061055
1.4156312403985432
1.2794568985316983
0.6119658085127713
0.35062616573984373
-2.378248669035056
0.16620847107027137
2.301350907001496
-3.529070096959525
-0.6876592018312151
3.1670382348287793
0.8683345456891238
-1.5843524864176524
-0.721069124093183
0.7907991238143744
0.37077203992303054
-0.28537322621160777
-0.8549620836236742
-0.3138722272811789
-0.582543059318176
-1.0375038127092286
1.5404518209616103
1.7408256712916765
-0.7603627209447347
-0.5503911507306787
1.1242143360671
0.3691715037695527
-1.011151086058217
-0.8992171911396041
-0.37748710745866776
-0.9389199886565823
-0.06776568216410003
0.20971781843426673
0.8687219515779416
2.25207071419402
-1.543954901469896
-1.3675766214015148
1.2765414482496578
1.1201632234844108
-0.9747110459631821
-0.6005666745770424
0.5619813848292402
-2.0336140799314313
-0.17683177458286797
0.1605111194905633
0.5612789626773211
1.9041281917003545
-0.10030469528360886
0.5871072027607709
-2.5780781081671558
-0.3654205766892216
3.235794893334382
-1.1376750764893133
-0.40814194660049263
0.2654402525171834
-0.09895628854510063
2.318413991929224
-1.3007215147152054
-1.4973850255589272
1.7152282477025311
-1.2471756231531
-1.7775390492154994
1.6643345218325964
0.5007544008679994
-1.1270134936833203
0.02677914930009989
-0.012305965943525954
-1.107054920019782
-0.13682315241603693
1.7087212869563038
-0.7633797569800934
1.4872145630285305
2.6613241815450372
-1.1122406562958307
-0.37072089250998863
-1.1608681851671951
-0.776294297967673
-1.4536607323516908
0.48788049087346397
2.3951067941723996
0.29142322501529566
0.20010767861499112
-0.9460161803518591
-1.555926787386667
-0.83174047448072
0.3176114116782598
1.148121475411083
-0.15081235807577376
0.7752608634940481
0.8413664184959396
-0.6537824546210115
-0.5889427035727558
-0.6119023488597831
1.1884268142612904
-0.710574064317427
-1.6769722782231296
2.6051743910050154
-0.7449273759278242
-1.536899442941758
0.2563596397065171
-2.2130839490722667
1.1992721137289974
3.821310001561762
-0.6242737627087731
-1.8443564445661318
1.2322644739643556
-0.5045003525960177
-1.553323890390865
-0.06394986703997374
1.818678841840721
1.5094660681537593
-0.9859298624667967
-1.3964487992777759
1.6269856740928792
2.0482519589658774
-0.23796418658681073
-3.3202741670755653
0.3314447522944006
2.9552396684584665
-2.4004139575672307
-1.541631526462497
3.1094822457816176
-0.8822927041140074
-3.617269058320338
1.4323545670445084
1.2776585829382485
0.2575649199369682
0.5400816902456911
-0.6288649286363082
-0.44201000234986476
0.4869194544993416
-1.2785545882446165
-1.9168947838207828
2.1520136506608916
2.561469340926492
-0.8233433449922499
0.7979208963004467
0.3698344476549798
-1.2051378831637933
-0.03520936618117251
-1.1944376434766504
-1.0154642904692917
0.9866838354121673
1.2331178176295063
-0.18409868178583982
-0.20299468039787572
1.1462649939316585
1.2889779902799696
0.08312115943558362
-0.7167362363721163
-0.5436079361415559
0.014991088104617245
-0.3284835052884192
0.16289699486994158
1.1206935323447547
-1.897106888648695
-1.0067882535146537
2.082530589615621
0.45580988842749726
-0.9976014423196293
-0.7224213530668588
0.5086768391088985
0.6296335645385627
-1.7318457311356252
-2.767577105518167
0.9945813724457847
2.492982657024466
2.25852621078514
-1.0280565294737993
-2.4389059922593552
0.04212710630888289
-2.1292111172083894
0.08794390818078451
3.704682935231852
0.1303925837366603
-1.7809238567095853
2.270142903670647
0.04321831711805296
-1.3418533393628687
-0.027914797779123923
0.5875006504299467
-0.4027451628785272
-2.367603465466609
0.8642585149526116
1.4258356928303868
0.49834659756039673
-0.027602745352030222
-1.0267845775214657
-0.757066667514311
0.4716575383318491
-1.2784542013515479
0.6890858134091282
0.3434775933204177
-0.5636030362802427
0.7281279470418488
0.13021609681568996
-0.3948425104254659
0.8793277658461669
2.2157653125090246
-0.17882471418870038
-1.5751916689885532
-0.812200956828583
-0.14416711907079077
-0.06115719665756939
2.573096340870986
-0.49107339116589765
-2.0513676059017745
-0.3011320790090123
0.3704075670137993
-0.2541948632258816
-1.3929179519013033
1.5737855296072416
1.510937277948352
-1.8142300891235577
-0.5863545564006114
0.4539419986115547
-0.9090416257242924
0.501453416896819
-1.0476487990548229
0.6239839382769303
2.6737574389752394
-1.188650968347504
-2.449442764776744
0.9666996871929896
1.6184013986084398
-0.018608720551447244
0.5922006972355478
-1.3133193393168343
-0.3010127660677708
2.899020607277211
1.0693502773426442
-2.6598436922397664
-0.03554603603394946
3.026703793829157
-2.07920120926101
-2.9772124603227814
0.2104122959142779
2.0899336726799405
0.7620839160368583
0.32223335729024005
-1.1289072524872563
-1.6171563002300375
1.632931421044757
0.4499481681405634
-1.590596151099191
0.5821327418240201
-0.8560324115306848
-0.13658407117068938
2.9021516392794444
-2.2016910344400635
-1.5080138828569378
1.9706183824467454
2.1594016936604046
0.5277025720257041
-2.657252674023061
-0.7512518878729082
2.4412335831146943
0.788479507417164
0.575601039062356
-2.8606427896703144
-3.517023950875534
1.375382991535941
-0.17396634855729354
0.621014909705761
2.3868840652358214
0.30586689085324437
0.3149544013317842
1.6931814482509604
0.4847791185953696
-2.3396237392003982
-1.00571218278724
-0.10307949703866018
1.348212741422829
-0.7725222603230152
-1.4261525375118842
0.5278206580928169
0.12859225210996184
-2.2206587529024038
-3.765470276552829
3.8677419052006154
5.318098978555227
-1.3477306093507988
-1.4612588416324614
1.4233157183803489
-0.48634356817285873
-0.06342521847905092
-0.25814270963471264
1.5187624948099934
-0.7870219981556257
-2.1420026121265234
1.0449417556069895
-0.3163064048433716
-0.17843695605396193
0.32094496210151824
-1.2853319461866706
-0.5194955775087349
0.5195816374801739
-0.15573852914944386
-0.25419030741994886
0.6995599634185605
2.0697473921444374
-1.5035923417261436
-1.9904501926456675
0.9268675242806927
1.1757719389292356
0.018213640000638416
1.6789473296294442
-0.14290050632234103
-1.7654662199739657
1.4084340367068584
0.7981392009274817
-1.38107372075124
-1.3310613158978062
-0.9252046860718667
0.20068953904698789
0.27134811777768786
-0.21557116486040878
0.3319469511587558
0.41736412184583493
0.31737124843666137
1.1228586011390889
-0.8534646685290767
-1.9444536620058588
1.208552500610767
0.892482417227791
-0.2757105376756003
-1.2930971796642925
-0.1598635397736688
0.8843543407522083
-1.0784350499687911
-0.5127582974707552
1.8840158561940146
2.032935361517766
-0.31181444298352
-0.14532713683967402
-0.7140854858490535
-0.27100516611365155
-0.0671094671555365
-0.629334789634699
-0.9510698350289801
1.0194920380577994
0.7514536806902663
-1.2624156577515933
0.6173688170092041
2.0833356111993933
0.4728838677420662
-1.916690414055815
-0.4615033082507356
-1.269046020058251
-1.7244001332340748
0.9639943528682202
2.770881088895486
1.1996990624299173
-0.6265725879267061
-0.6693584681017603
-0.44561596505221573
-1.6129275057214445
-0.53123725187009
0.7532884011329243
1.7697560645065917
-0.6983918944064215
-1.225128478888732
2.312680498424851
0.18654685055343925
-0.31265972719174284
-0.2618667915494535
-0.3211816599843131
-1.4209903145903349
-0.22736472733596086
2.381631095398357
1.0397005598788427
-0.010660163391102428
-3.030360417481843
-2.0770276374651453
1.5421727990189553
0.793649771347615
-1.121892400268458
1.7401996717411436
1.8560318142599068
1.13914673776992
0.8633485031287632
-1.7357959020377134
1.14899214129344
-0.3949336292429796
-2.28811103841705
-0.8834406367923056
0.2788484649528411
1.207445836883217
-0.7881232950016592
-0.035284426295467575
-1.0908642243039008
-0.013010621575805126
0.6533937701488459
-0.31153772541964875
1.5101343874372164
-0.2261093682363271
0.59794266979336
-0.4661719542419798
0.7669536375949906
-0.671227950606927
-3.0648529968181473
0.12919198831422374
0.9603503253421632
-0.2686674131389656
0.26892023210774807
1.7090883992246395
-0.8219734539086132
-0.33228843538966496
-0.9986672302914091
-1.9539127515249124
1.3074869526970199
2.075574108167572
1.0485072698172373
-0.9137195596161245
-0.752135277691632
-0.7936375830117932
0.6689984800672224
0.6734438801275882
-0.6159283094536221
0.5336849929747962
-1.0214883175590566
0.3381278787856236
-1.5720209752209886
0.7794184524697279
1.4999930619439907
-1.3747640427608874
0.3239340700610269
-0.7403088865442695
0.4522429590105797
1.266866745484614
1.4136190323310802
0.38762385984608044
-1.2412102003145997
-0.839714766975913
0.26467637777704006
0.5983893768916462
-0.2864358073909411
-0.8605638673417586
-0.8940591536059482
2.665459842012274
0.8350268341922609
-0.6075175117519533
-0.34619482104887983
-2.5442679609475514
1.8721083107142915
0.5332475667295083
-2.459575900420383
0.8618207608331522
2.256481851860378
0.6992281305716936
-2.2867485956382327
-0.9683350062330264
1.637690460634074
0.06740427948753877
-0.3380999110379543
0.26135873036350243
-0.6809890728448433
-1.2323316392543142
-0.5379544679505139
1.757886393251376
1.099358075202607
0.14511749424570097
-0.1296129421158068
-1.592277915231891
1.281583233879208
-0.57880197902021
-1.2576362068070002
2.4277196317219234
0.7253396962133795
-1.8301538161783735
-0.17554043658017726
0.32205468734463444
-0.38160873185420563
1.9000504673388885
1.3612994780328915
-0.4206329442344925
-1.7038200300490933
-0.9396278442842834
1.0043523716367204
1.3190420840562382
-1.709613608049171
-1.210227841488875
1.7736539926579709
0.9814353544908225
-0.8337137017356125
-1.1720521321363846
-0.08050730098172601
-0.7464135720092893
-1.337560888809799
-0.7367207397216563
0.35302347635902454
1.2079948908659357
2.375310811747047
-1.320402188415573
-1.6053461276865808
2.3605821962358724
-0.7731612900612523
-0.542838536191066
1.4266612540739554
-0.4368782675346699
-1.4498292588407766
-0.4853186469362197
2.3589863445938235
0.4666542338993006
-2.5270462120128556
-0.7598979635060885
1.3896982720789113
-0.5222146464452693
-0.8675566177119649
0.25456687657332155
0.0860142413333197
2.782521494972039
-0.7789556786786344
-1.8309066896422026
1.9229452818236417
1.8918392849063124
-0.4250042943314873
-0.44753496158548867
-0.045652660292154416
-1.359203750335206
-0.8764845168265237
-0.7486074811759452
0.6629720954697444
0.4284433390997752
0.16166629692153062
1.465807649829266
1.3668065768152822
-1.8509431437430677
-0.8624296261583267
1.8139573622194667
0.7948594210431931
-2.112014890538703
-1.9887348362277253
0.235007939254255
-0.2517268802556393
1.789530783583889
0.5697241445879536
-1.9845428465668564
1.8193482275103605
0.4473553833495142
-1.2312411898594489
1.123195135684684
2.000496697839819
0.9809029679838192
-2.122066129279602
-2.2660431911269354
1.0573010827217746
0.85092635307665
-2.114215043052322
0.8352062047458144
2.5841594891427677
-0.8759843655845213
-0.6200868782330364
-0.08358247119706995
-0.13545917405407393
-1.1195149811530118
-0.41911995296699067
0.809514506990751
-1.5074110172308783
-0.22026711505694035
1.42154237697437
0.16445942187402113
-0.03676862816625087
2.1071891641247205
-0.024151022200368966
-3.4371570273792833
-0.022678258685628838
2.922403272664719
-1.8780604902869542
-2.537837815497548
1.3486216548588283
0.5614622955387911
1.0971180712515984
0.9838275358468845
-2.290021429057308
-1.057766902774334
2.0024461747925013
-0.3756273666775407
1.9773869544550484
1.8244807002983923
-2.3094758250768046
-0.07684333071849259
-0.4018855114703047
-0.6581124438874265
-0.14745065661972787
-0.05926798030319538
1.4887526695096005
-0.4726659632750935
-0.12404689291726556
-0.5608474753909916
-1.791430616188984
2.9650900275899854
0.39607113970333824
-1.4249060003838023
0.8363123326439641
0.7009831773618882
1.750831817719431
-0.4282670711653418
-1.6352363264348044
-0.37388626473628594
0.03222139780156141
-0.9326286306700033
-1.3704963965323924
-0.3004966354618904
-0.0805770312489873
1.2959464985859572
1.1997035203453674
-0.31789536477981856
2.243531930618186
1.4906958432170063
-3.4589032008831886
-1.1351726874842987
1.7326193750731738
0.06953018185794707
-1.965337556188003
-0.6769678819675995
1.2717017501768775
-0.7034486052126288
1.188948045682077
0.8642499240760191
-0.07648919347213967
-1.5394666132536368
-0.5542289508495204
1.0461370308428135
0.1454709854067785
-0.5568902095268967
-2.15547706221369
2.169469727946781
1.5481977151657114
-0.6137990043456805
-0.6879205126743243
0.4963067071776632
3.0897277146951163
-1.7958226674867013
-4.241998762215193
0.5181172852391775
1.9906940283797672
1.1549626298940847
-0.24847062428484767
-2.6042224127487525
0.31912651606880876
1.0656363481418967
-0.05491561542010609
-0.19774076599505563
-0.7150574621043952
0.7790061710026771
1.1643277680460895
1.4909825099724023
0.4445319032771877
-2.3783072204031797
-2.9974828869800456
1.7677718819055483
3.644306406474511
-1.3479686070057144
-2.179656811711379
0.013608166970162205
0.5766657494656465
1.010806254460071
0.7303724907318714
-0.916452565494055
0.765811999479278
-0.07785464952569143
-0.2666502146915939
0.9359973004767845
0.23539676985686597
0.23610564411932694
-1.3642163332402404
-0.43754032464725967
-1.5700345535600635
0.44687637992704377
2.2145958011522593
-1.8404912171437378
-1.9023454111919462
0.9862271246268677
1.1900964917991619
1.4001267073495964
-0.9814540280720457
-1.6463778868507584
0.27787169217695246
0.46398068839263873
-0.4314767781757361
-1.4343077698940259
1.9085801453578348
0.33271232497441017
-0.4641026346025837
1.2060918600125126
-2.4342210445950077
-0.010008492967153785
2.149752338648759
-0.6435121967334505
0.14284512639742442
-0.2478504481969639
-0.07022298187556758
0.5261485754604968
-0.5391443755927574
3.461370277714704
-0.4092632141616851
-5.466275761458615
1.3999677429690052
2.101644195081018
-1.5386823130514253
-1.5795125815140063
0.006220380116109481
1.826588795953287
0.7993572840827935
-1.5424166558767907
-1.0428024533626836
1.0468416322479006
-0.14344567013934684
0.09655948074702092
1.6650783249332428
1.2636601482784715
0.06570057384451078
-0.37945835914252163
-1.3163310454694828
0.5375884340523509
1.654917489758576
-0.6911149187832926
-0.7627065519316155
-0.49511667544063553
-0.9610276045659086
0.2569485994802842
-0.3059823838200325
-0.18702273745826925
0.7901690355619545
0.5129497014268993
-1.5742935868250236
1.179841599411971
2.450514524220561
-0.8172398005234749
0.1390748883892371
-0.6306397164976857
-0.9126406445371746
-0.08020988351640473
0.9282385783277002
2.2528945202211825
0.8981805850308775
-2.9973293185401273
-1.2860544507072267
-0.2655823468087066
-1.657664043531703
2.1306402550705488
0.7503258333270024
-2.9991769593807236
-0.40313283876187217
0.6507525970318122
0.7126781321323227
2.2763307680509293
0.8439603353943599
-1.6266847428758862
-0.4197578054877446
-2.029017968083556
-0.7195429864929391
1.153978672368815
0.8995230469474221
1.9037558640461378
0.29415631929225633
-2.0988811410475243
0.15516650982633617
0.8470946737531377
0.8207036178491476
-1.282814706524804
-1.4398135111062071
2.351304033855174
0.6777139805252479
0.9380008396159609
0.3063893291795369
-1.857360985793997
-2.5348614327765775
2.6768023723044485
1.6157880882035252
-0.9536546693336443
-0.6663390337084388
-2.0392798327348816
-1.8031653587363188
0.8220620483386053
3.0182314621030226
0.6531023579614631
-1.1039457858501573
-1.47504343581631
-0.5163041666488587
-0.10952667110809067
0.23988964274415564
2.339007969668653
0.04191315918930971
-3.2499428274742064
0.4411537022352355
3.043561335756409
0.578045644761776
-1.8121332955262726
-0.5793948338443837
0.7455365414904135
-1.4747211502758724
0.9087684379367306
0.5346390254797911
0.22778404509788408
0.007886212042732876
-2.317116235008829
0.2330065232037707
2.242032114229299
-1.4563492954344257
-1.009856158254074
3.2253373058897017
0.8536624614880121
-1.6774710394362438
-1.7839560980721534
1.3750280885062076
-0.9582091843565897
0.263826419219673
2.2952849746404542
-1.5365006016519236
0.029959140803404116
1.2657145848353026
0.9070621256620364
1.0676618951509864
-0.9526801228782189
-1.689225339288973
-1.2833021773175548
-0.9472205592895102
0.3957310690392829
-0.42342541138253176
-0.7456477744551563
0.7867062487337122
-0.26772740453913224
0.4066634287867489
2.062835359679599
0.3789948662499172
-1.2657289197704569
-0.7529864941828288
-2.7391907281986834
0.2757490328311374
4.131756354820876
1.2706242366763227
-0.7807689723493401
-1.746059086201684
-0.30763023742493295
1.1552981341838335
1.9670357475636528
-1.3152562383580522
-1.1665187053391617
-1.6018299493328985
-0.26099534328283014
2.2252742175885687
-0.1550648654385772
0.9509427579306702
-0.2588984115158771
-1.257768847357758
1.2359179580201163
0.7875938365991897
0.13039349640565634
-0.19636142661335906
-1.2544835986399219
-0.6225389955826489
0.42105553043673793
-1.3340629994866458
0.13469299511672778
1.8541795988138428
-0.7972856813941561
-0.25483911337475096
1.0885805897109226
-1.141764173963598
-1.2305296529616248
1.5623228660768524
-0.18145716916389837
-1.4217135313936615
1.2927835561805634
2.1555504445996796
-1.5175788600902886
-0.006834106947831375
1.2143073880314983
-0.2761042545813337
0.34898930227490343
-0.9399562243215536
0.5982415215457536
-0.38809704776529214
-1.587724651561203
2.46034080113605
0.3172996142447578
-2.3754130894636276
-0.935351473525165
-0.21648110632199447
1.857205898592622
1.0007341579301077
-1.4656602423868192
-0.789984831089249
2.5470602214787244
1.2992719671905746
-1.9716805625040406
-2.6834818034046743
2.4346973007852704
1.3822655926478955
-2.5998265810815173
0.6423634893560314
-0.05096722331505958
-1.8326563186172538
1.1704957620686653
-0.03160163608186961
0.6788343151940182
2.723295270587712
-2.505298629760871
-0.53007018191117
1.2645831307118032
-0.4789578416123762
-0.27825010180157517
0.1863461658224247
-0.19834934708622248
0.9844033125621542
-0.5407222370701571
-1.0548264545316175
0.60784740614299
-0.0021867197433046853
-1.2667602547583965
-0.1477813004598854
0.3984242532472586
-0.11726680995508132
-0.07204516460079913
-0.6568969943550023
1.2165167237584733
2.1800546063185653
-0.6198067749181428
-0.15072627417277884
-0.19901772513683086
-0.5200887081849604
1.4058036466087767
-0.7310400247506542
-0.862470065645007
0.46834065143972964
0.5919640969093753
0.6000667065537721
-0.22202242063558347
-0.12761167980537813
-1.1664867476460696
-1.0067801644933774
0.21290096235129707
0.4080248343603212
1.1895820787538167
-1.5581168304657407
-1.0468048679584112
0.7578573589112368
0.9809255532469419
-0.1428217221967767
0.7087159617419753
0.21583920566818987
0.11500272751681773
-0.638910530377995
-0.9126661247977779
1.7883138575567221
0.26618846057104084
-0.12417632431756143
-1.0892723864422156
-0.7039544294947946
2.124107951604409
-0.1863989340558292
-1.5713346267627426
1.0652090473530391
-2.3918652812216505
-0.9980664943745485
1.1156614476320594
0.6190643866512833
2.02954038401711
0.02529821853597597
-1.6498559848259633
1.0574238757453032
1.481432396820779
-1.519918220357557
-1.6651660146224634
2.3025259455712472
0.9994808047786806
0.009791142435740419
1.4515920984432509
-1.4149887226559659
-1.809534281972283
0.20804826964679835
0.14530632316386044
0.2675268031546334
0.17450236380010983
-1.7406532389084861
-0.5516368631414039
1.3146663281090203
0.6069727686360782
-1.3504653023787228
1.595143981090666
1.7600469369787657
-1.9216628073490336
-1.2567928550514986
0.37710770400275884
0.28531598284582366
0.8541884749450732
-0.7570105507097207
-1.708497409800207
1.4479804555640865
0.5061430206855286
-1.2497549102076086
0.5949362656397135
0.6168913413980992
0.533579807156568
-0.6955308181777353
-0.7147710021472331
-0.006253761269190639
-1.2525637209410314
1.2717534438752742
2.0107366656601053
-2.1938866215853126
-0.4039075146369937
1.521359515629363
-0.6799130481236504
-2.400191864206789
-0.0800123588752587
2.074012114877286
-2.020058882593555
-0.36246562372059965
2.0135226702012265
-1.0377964690823376
-0.08820768600291254
2.3866077639853267
-0.3543080058403374
-0.5143028278215718
-0.5252965562210289
-1.859521090274992
2.7930249260067086
1.4335457376663923
-1.691131089420796
1.4972100053324218
-1.4560334057095161
-2.1134518740503414
1.8123061355036392
0.31936445662990215
-0.9646502094641562
1.186764084036252
0.3916008530466967
-0.875106124041037
1.5138290258383045
0.7806917605724035
-1.4272889210845572
-1.1741990284942718
0.1330749500343985
-0.45392586051434786
0.8155623033194438
1.838443269406123
1.012146115628778
-2.626464356119839
-2.2485894058879667
3.236744437128903
-0.8293250519120914
-2.7480625698113745
3.353726793568201
1.6664543365120665
-2.3953085172035995
0.5857027208603861
0.6178513297510915
-1.998863860558358
-0.07230788358141005
1.6517241872447874
0.7296824520868004
-0.3484968241045807
-0.7807916823720591
-1.6623622886662535
-0.3210924602533648
1.1989281082914935
0.10237983910377577
0.3038599296319676
0.6322786391472506
-0.4278271081023759
-0.9310826196532647
-0.5075426653292199
0.07806634119637296
-0.8027827731823465
-0.11518959252264932
1.6106991136123368
-0.27496600483551636
0.1416425558260066
1.5332061623666595
0.7307525346327808
-1.5491753144216802
0.8419883875655164
1.4076466170738762
-1.5457034446245062
-1.2959625313378487
-0.265082529866343
-0.5108303137921022
-0.901252477635464
-0.9396168545774237
0.7666339644768339
2.045258406536226
0.3726239647242333
-1.3634259253162966
0.6329681879750988
1.5849582086299645
0.01898157325527594
-0.4229255237396961
0.38415991480644673
1.149635272925781
-1.8542921485947321
-2.900004130533932
0.2883054337238516
1.887486491989154
0.5428187386253482
1.0757673246654844
0.6607144576585924
-0.8071575033846877
0.20597790386964232
-0.4913534485721833
-0.7263874282665784
1.2014325052710235
-1.974506488730782
-1.7458231293548496
2.1712399516271534
1.6117419010169471
-1.4876497079379916
-0.7618380912276791
1.5824826440956454
-0.4273156339210866
-1.7276024033573767
-0.043559709101368194
0.8981983435188592
1.2416770237476735
-0.24039523299509147
0.7305485246834974
0.7699198849731619
-2.0190633692533386
-0.47433431768584855
1.3828478720652848
-0.6863487101028997
-0.9920290674834253
0.9870392392992531
-0.29460878789915285
0.49198131518972815
-0.6488281584885467
-0.30181138568367455
1.8560704370177439
0.08133704264319747
0.3469383765981454
-0.31468675970905946
0.6891138790819156
0.8092211293085229
-2.5946602681059234
0.5605780437211326
0.5961146366219088
-2.06407141455432
0.5970053602489181
0.3152150808665304
-0.3382076887270967
0.975285944167239
-0.2572364921328082
-0.47240579286366025
-1.5181971707736421
-0.7374827452745362
0.7600454865250159
0.999259850355365
2.3363492413623
-0.591967210942967
-0.756946264862285
-1.4585842128549054
-1.1689461019914749
1.9420086201853715
0.11178557857864996
0.2160670336890757
-1.1547990244288018
-1.48295990860031
1.8893691060947326
-2.271183137318013
-0.10112649479564667
4.167494363525204
-2.224716098499496
-2.30205287569614
1.0860192607274257
1.0820544897008006
1.6825533497536895
-1.1608466263658237
-0.5297226816211192
2.471981859117401
0.9212052262003931
-2.160513768770887
-2.6201820324758582
1.7268425780741792
1.0679013686594905
-1.8204129495350942
0.049700369926737376
2.652835492325101
-0.09929032430893298
-3.455250748312262
0.819690119946921
1.5071281686058016
-2.0779891815071285
0.13396578980093765
-0.011159072328066344
1.2582619491026052
3.949330506088853
1.0185667984715554
-1.7208237795801757
-2.9409948811371582
-0.1398902846966401
2.773306939715945
-0.5267992073718487
-1.7924960291357743
0.17967220521484112
1.044827610989445
0.8311972580021707
0.6211700027469731
-1.1581333599128587
-2.497987192673665
0.8565757121955959
0.3072965480064199
-0.13483539870056438
0.6803176069020426
0.10333376864192068
-0.5068180782758032
-2.5102321898438444
1.1407289982194415
2.1346208971553144
-1.0365237013922317
-0.6339992593255838
1.0642075196434864
-0.4395185945072536
-0.030216361466214647
0.7166851558591142
-1.5017669311548778
1.2775714790954673
2.195381872293077
-0.9619162692951844
-2.3919822133441104
-0.9117816539996559
-0.3420006198669078
1.8971398184673307
-0.9755468840726251
-1.4962245743469134
1.6027655093735378
1.1794179784118355
0.26467436161765806
-0.7471248398396857
-0.32409812570898083
0.9867814127701531
1.9066115835662498
-2.2296173283572625
-1.2557534314665286
1.701889134273983
2.089254562496404
-0.1124338226783525
-1.950578768040859
-0.2416957283038875
-0.32153047108667276
-0.5593347041708248
-0.13262513953072577
0.9703329587953651
0.22099666404327903
-0.8588043427725458
-0.4421948317986756
-0.8409228046596786
1.4131335140783876
0.2791406834144823
-2.3825881848908845
-0.8744316077787666
2.2789646911518746
1.8017248892547493
0.32036579935338505
0.34647543973388406
-1.2930430670637652
-1.8757793724260392
0.735675589002793
2.171892431326244
-0.1864146976506385
0.016597514463368213
-1.39689587132261
1.2356769456856826
2.541232757361768
-2.4906445495111167
-1.435369443510025
-0.27129614766414556
0.3309326266084526
-1.0573180333467733
-0.4684181378037595
0.7784716149332991
-0.08202105764350967
-0.43262735897846505
-0.37048199445869884
1.4437033020290073
-0.3418215892919122
-0.7179573981682122
0.4008429970320659
2.0428472975670884
1.1540843328012862
-2.914522389340471
0.1974265799668813
0.615086233613113
-0.1700863536538595
0.43079802256425326
-1.6272155043579342
-0.15457502551842994
-0.1660020538990542
2.1522779325629764
0.2777805620017637
-1.5486933697238654
-0.6154846479715577
-0.8012379997118304
0.8548157383878991
1.904345637180692
0.9846421172752977
-1.0442065156471827
-1.7070930361458574
-1.450206998614211
1.4915090640115958
3.468233905855371
1.0584777568122454
-2.193744915493322
-1.4753770646606121
1.740431996985685
0.6828112294741118
-1.630520142441878
0.181970138547783
-0.027198796317794607
0.026015343885967712
-0.8906959526069327
-2.0356899860227746
1.608441191743161
1.6063468290550778
-0.5879261287085675
-0.14900041717197182
-0.39318481363802144
-0.28301419091209756
0.6737452549366334
1.281469033410341
-0.3217314284228066
-3.005739077102932
-0.08449209679187147
2.478126368357215
0.5191822592561213
-1.2483918207447742
0.3839938780217794
1.2497368277647891
0.35489771269668313
-0.09984227491861675
0.09803949700471581
-0.2652879601552667
-2.065310713791752
0.2376894942983412
2.2934333401419784
-1.749982093410357
-0.336499713033209
1.0287551235534207
-0.024093555663890376
1.805806157568453
-1.0117080769431035
0.3573556083667404
-0.09019368811837344
-3.461035983573619
-0.38198689356970644
3.2418904966097677
-1.4731162164124314
-2.041296155887951
1.103009607605777
0.8909420843850727
1.9233724147629703
-1.2339472095414643
0.21197168112988996
-0.4838278554764861
-0.39267785863657767
0.9375748020173089
-1.796800457862434
0.022611778203373456
0.9682925238161264
1.4365917783576205
0.18839418552384873
-0.756188837001804
0.6273217349222557
0.6687459584237594
-1.8537327026255976
-2.1610831072713257
2.1250625293542793
1.5997014413196138
-1.550118825338263
-0.023395949497026836
-0.05347356410533777
-0.7215344526070359
1.2356106878051683
0.07705871085811716
-1.1372909776971551
0.12242497363748714
0.2581577057845512
0.25058745743034233
-0.49171744513828863
-0.44398270747072555
0.08238427261748604
1.4793048694275106
1.7457251536027276
-2.228107497857381
-3.2268788764122123
-0.4426027805957925
-0.5613263357249871
2.4084959126724153
2.803072664961206
-1.2922693925993933
-0.5020350372648509
0.42168365746971515
1.135432372645336
0.5814577895612502
-2.2296382291949404
-0.8494603140958502
0.5805984670024378
0.35894153053300154
0.7188784815198979
-1.2252288251179777
2.9353006055417867
1.5698540080878125
-3.6841710190349057
-0.6046033318050957
-1.6355852928602541
0.8564181606447961
2.18799877684804
-0.02855123320416164
-0.5475899913572293
-1.744475848703198
1.408249398866767
-0.007917082545347398
-0.5104425595635682
1.6491970355865488
1.282531095129371
-0.9411015176650589
-1.3496272008211452
0.21981112475095244
0.3601885270485976
-0.42555634506056444
1.2605917360447978
0.41791316707421206
-2.9306141372253514
0.43900825995561504
1.986239121716147
-0.6455651962249345
-1.1712118490974632
0.7386954092266165
0.09717121745152929
0.028958328441547887
-0.927513405792748
1.355968638743449
3.041885223019955
-3.0214980708030783
-4.066035883439305
1.4206261320082416
4.24270070184696
-1.850617716203293
-2.2187022897907402
2.806163333364405
-0.43001945810554965
-2.421378778192549
4.0070667190421325
1.4007230464238845
-2.2470180689707773
-2.300894399613137
-1.0751446615661602
2.680542148032454
0.46555478104487513
-0.3209011744896127
-0.9075893084606066
-2.1193235156302723
1.2802172598224095
1.3313243170476998
-1.0240291579705514
-0.7863209838247327
-0.5765106628147906
0.6861160566667648
1.891613697066239
1.242356875038328
-2.3424457120837405
-2.4385303416042627
1.148690887362876
0.7453451902806629
-0.033238122356162664
1.5217822426691323
-0.002838512297448432
0.25617286470460054
-0.4110469290810892
0.5381612671463347
1.12025700197057
-0.47744919081922954
0.12213750048038619
-1.6587111580818017
0.5471626162925952
-0.1542921309675237
-0.6477241098415851
1.0416558340532405
-0.3518506786577239
1.044858603829152
-0.32084057924484777
-1.0205960212592062
0.4625407242359409
0.7416899683190389
0.8204095032145653
-0.4730742628220722
-1.419415242760643
0.17686489348217083
-0.3706733263566996
0.3094733603951857
1.8877055854023475
-2.168364306565941
-1.9134163960957549
0.48458261173967276
0.7150299672479474
0.47705944939393125
0.06819869400524464
1.0614967752852937
-1.1983451432737864
-2.6362564763876595
1.4543017067532462
2.2240791619755442
-0.41032373384421605
-0.7144827192820351
-0.17817197304718954
1.6105474457121889
-1.298632436231003
-1.825783610762687
1.8102749666032962
0.3906062056756817
2.1223658842647355
-0.11214302921758057
-2.502748809387434
-0.6849425576709507
-0.6486331045015457
1.0500507895603544
-1.4574285813561367
-0.8181689751213724
2.074176047866401
-0.9126868160919642
0.16644943705044288
2.336345592667132
0.4184928711090353
-0.0722585535453183
-1.1664295886203009
-0.41608914688439624
0.4315356619583189
-0.24974855414661923
3.1776600389440683
1.501690228955529
-1.2083511831929261
-0.5857452749887849
-2.106693816875816
-0.5088747845563255
0.10003965943635806
-0.22428127091341707
-0.36834570778016595
0.8151292420648116
2.0931318199077156
-1.8587205937070856
-1.5983739749562729
1.36706389765368
1.3945765693519017
-1.8934134728668122
-0.8395764039648381
2.410259874482864
0.049242276243565586
-0.7135777653533762
-2.2993832417426363
-0.09312805056381088
1.5355002960047859
0.1296634949877536
0.6693237792598632
-1.1731342656773356
-0.3651328651643556
1.2809123643820917
-0.16871538589156415
-0.30171186411768247
1.0989657111247584
1.2000090494780247
-0.5039350392878389
-0.4888165022786283
-0.3908383996038526
-1.7562277591219155
0.13337101348537725
2.1580933022105926
-1.4326976632809778
-1.2527303560959961
0.453488750842996
-0.07110341609262064
1.0037471709058585
0.3958055388578335
-1.1385059269846476
-0.034342370107663805
1.6997116299167447
-0.40933807436513636
-0.5281992557780617
0.41976745051194536
0.10242792908230797
1.0909075506942123
0.25923368013135606
-1.105650056347031
-3.0022549752699486
-0.22510946716174063
3.1714073893087558
0.16321172890002686
-2.694591769769387
-0.6935742885697425
1.5607025828382697
2.8856997221570726
-0.2710043787153251
-2.703675154366748
-0.5961335510968323
2.816711922974406
0.09424310380574141
-0.1471552419999469
2.70488385564183
-3.3822178066598396
-2.34598625258702
1.315378859362039
0.5697418284122886
0.35651178281854895
0.5562256059613353
-0.9400148646255678
0.08545206275085049
-0.4984004680674997
-0.7949377774032798
0.6444114285108375
0.6971210146842255
0.36901210686252134
0.8290918280373645
0.7955942593924967
-1.510389562906764
1.4026398457419513
1.4276970982941752
-1.837265187244062
-0.8231014130368178
-0.952394006448202
-1.905562296255935
-1.1615842905560594
1.4540720985682312
0.7961579373797002
0.6898645345731127
0.27068316429900385
-1.4711760581435747
0.10203354142104465
1.176547239187503
0.7864085724970755
0.41022980466148495
-1.217711192449699
-2.4568186822307756
0.6630622576285339
0.30219344143490434
-0.30968402943454737
0.49535354780599883
0.03404353708331864
0.1954595796248959
1.5152450974760385
0.2908484476354657
0.25439223211766415
0.16147190348767881
-0.7626632781888654
-1.2653790054652114
-0.7561099031312342
0.2117674611776319
-2.1077758077458535
2.853274528646761
2.5427160356109595
-2.8320968426920965
0.008686871166539434
1.017049692473972
0.3032222823791094
0.7543073816131638
0.7324699343794403
-1.585249271030614
-1.8685263312385603
3.1433043575588675
0.22480923652840523
-3.002773838039226
0.7366597263536392
0.4671707703771506
-0.019991162347721192
1.2532175807699946
-2.8673099301643896
0.5541906847861983
1.4273252849069262
-1.3386056721299355
0.3318424834416679
0.19657775233627314
1.2899931026837979
-1.6300238736430497
-0.7038777077381452
0.8470642957755559
-0.26938204155126466
-1.2889925767069381
-0.3109936456784802
1.579761072161317
0.6250594402299853
-1.3476315068670683
0.9506866820688866
3.377831066662907
0.5264087871731299
-2.7917400661634737
-3.3355823252410244
1.1643759934790845
1.2314009769295824
1.0798661367933922
0.46514758634803394
-2.351260232199157
1.135940287456627
2.4417805023769867
-0.5673047553534314
-1.526655346964426
-0.04659274468376845
-1.059982670513059
0.24256762700859708
2.882330560919498
-0.03965998412428767
-0.6203087320677301
0.70843479601955
-1.212456255348422
0.999799761842733
0.25686326957979305
-3.393637430531073
-1.5585960597651536
0.17569507357966208
0.6393245465498504
-0.08407960452858321
0.8216619271205743
1.4865962147381395
-0.26219308323938545
1.8178056888412804
0.745446099907598
-2.5952360421991854
0.7965844448870589
-0.11122929028137718
-0.9253217256780791
-1.208819226646989
0.13005213408284613
-0.3101389915694628
0.16988507317700235
2.049867175839748
-1.492473297534962
1.8742728042714534
1.5315978455086612
-2.236578444273621
-0.18871821528205251
-0.09786359807155603
-0.3636080634681374
0.4617341519017638
1.8682822125661673
0.2586658557892424
-2.718814123709103
-0.042693782171165706
0.2340311077892019
-1.6177571356381144
1.4374739037098858
-0.1587906414819611
-2.528790932241416
1.1344235447622708
0.709246102926866
-0.03180121066518049
1.0792665189004003
0.09089489836903691
1.4360780808426565
0.49102016231173845
-1.0119273703862688
0.8312618247158725
-0.38817037513005404
-1.2610010511028054
-0.30664630782410585
0.3657429645579348
-0.4893603740497462
-0.3621910910057664
-0.6954807686741049
1.798441942179208
1.0793082863690495
-2.7291625841884324
-0.03766758173436424
2.9182905752759565
0.4306998342830889
-0.9632712926111578
0.8291735093717408
-0.7280048232294188
-1.9305285237450884
-1.7315748366540256
0.737064223169808
2.4995475125612434
0.40552041891156154
-0.8010755439607538
1.39022122790236
0.027061103638842995
-2.1879469577894533
0.6160859030513519
-1.4784324944648835
-0.7218427233917177
2.4837496383348308
1.283194242189585
-0.45519734277306256
-1.5645058831142982
0.5909675219683186
-0.9589627325414931
-2.4709926134959117
1.5334370193756
1.9789112047427484
-0.16345394378039824
-0.24855561930534742
-0.13166387860750575
0.3681140570694326
0.07677841101399224
-1.1335814206778814
1.5244615176655278
1.2395404709591076
-1.6826206381025934
1.1677872760308787
2.5241276687690832
-1.0893317218918253
-2.5220989354845114
1.3583480607470286
-1.125651928427554
-2.9477437346144226
1.6565317360401597
1.8594720106390574
-0.13940172093157277
-2.716630572836722
-0.9166317151448203
1.376829416505227
1.770027257745558
0.48318306361156255
0.12616747483905577
-0.9298031858353584
-2.3370196967300183
0.10615792580165717
0.8502645987655064
2.054059815815335
0.4006201724578938
0.73860691779883
-0.6599190868399939
-2.6235786397487733
0.34752546681899127
-0.26020740290913036
-0.48282343129590527
1.1445091466789559
2.8861325464617775
0.8851075474241219
-3.051293616770873
-1.7393749529806941
1.1546284291818192
0.7049210614984504
0.09114308092651391
0.2748358155979208
1.8025914816774908
1.9804075630412612
-1.2895625260897579
-2.409941178010739
-1.56903763429484
-0.04514671964319639
-0.23883134771569237
0.12434921267575699
1.9364364754733607
0.41754904329754483
-0.36957899485081946
-0.8433414657898161
-1.812283003549918
-0.4673705310506989
-0.7037693334126647
1.8694691209597354
2.272052656404698
-0.9736530956904921
-0.12015419373624539
-0.40302442312491865
0.31103824434595906
0.5869498930606072
-0.7615842000664608
1.0972078514195531
0.43281817991651295
-1.8383160878635683
-0.455502798256176
1.3365467909062267
-0.3355668680356279
-1.7616060572699834
0.7364270910950172
3.4012097901724525
-0.35750284379518926
-2.0624187327281067
-0.5188639508861932
-0.20932247837351536
0.4761087418232596
-0.2018636794307477
-0.4195674123453732
-0.8144521351938536
1.13564883684721
0.32917938821122217
-0.9127820082522369
1.1130389490036927
0.3829408777701293
-0.32489130715403297
0.6269119894158269
-0.9238374395967963
-0.3431499847719142
0.05921640366798697
-0.10160276485774981
1.1249672556229233
-0.08084184390432653
-1.403914851839359
-0.1580488794406832
-0.6766308974889741
-1.1483764054667096
2.6058823335828434
1.5669625682198045
0.16484972144248555
0.9263711409124704
-1.8838572091027839
-0.7374793952815204
1.8675863749086004
1.0162438296279934
-0.9713206314285731
-1.7270686232944739
-0.2400991659875797
-1.8456412628324257
0.517236309305149
2.48484587853736
-1.0179115513971961
-0.16854075543644984
0.5930164505187933
1.418296156960608
-0.06703233800532027
-2.2368428758844323
-0.5035953659158221
0.15015330741880412
2.762660375677564
-0.37118465581280463
-4.2788846654051635
1.675183488774096
1.90826912893579
0.5720294242858106
0.4472875216882466
-0.07642056917421014
-2.130566940625988
-0.08636040575918735
0.108427019274556
-2.12000888006845
1.0179408084522374
1.987282820497245
0.3889389466002834
0.35739492457346755
1.0559252104428194
-0.460255555883462
-0.07081610081419126
-1.046079615496664
1.3738276690422102
-1.2252145365354266
-2.5736211249946486
0.12415373980614253
-0.8297764546102695
2.372852977226673
0.6426915278592569
-2.2662667502703395
1.5357268104257549
2.2019029832246684
-0.059134192849092715
-1.651346876737798
-2.2729460314530305
1.1811284975460898
2.8401763698909326
0.7278838206744063
-1.4066769080940544
-0.09006889927734196
1.8909435316707701
-0.7956563271561494
-2.1948526133710446
-1.8895443038506838
1.3545888330547906
-0.06953239035505399
0.07368258391183502
0.5497372240970855
-0.8324029000702399
1.3686636707778894
-1.583851483424651
0.2659484064410055
1.2746839042020175
-0.32296166997508285
-1.064709611923567
0.08123688155529357
1.6183613560493428
-1.3463824767973605
0.340019530944487
0.41252914119135786
-0.3752020859292705
-0.7990569916214905
0.34831648722017206
0.9953560505055441
-0.7672323613120091
1.397540390307298
0.5264651135388361
-2.2118278348507445
-0.528090219712156
2.014760121256648
-0.9074210064218997
-0.5810752306897864
0.3095746946906406
-0.5669368865816592
1.406460647884607
-0.3201591004254406
-0.7393457837687889
1.062303229188808
1.1379364733074948
0.09547481947298775
0.5436395516758479
-0.31094134876060125
-2.2240294607553066
-0.8405584442225058
-0.5881633286097763
0.0833519308542095
2.173977972393429
0.18622951276812905
-1.441060807822723
-0.12158463521834101
0.970412009001416
1.7024006510798373
0.38944870285375033
-1.5082457152488544
-1.1426125251617127
2.230381723534863
-0.15802966998913986
-1.2238901062423533
0.09009090392229446
-1.2053953987164374
0.08560115273695201
-0.07643077718567426
1.2651682159127042
-1.4035082753090309
-0.6862491014711323
1.3706650252060455
-1.7952529150932692
-0.7676047211196813
2.849666394914748
1.0144018984744227
-1.6201436069666624
0.5045355164463796
-0.2765433028316777
-0.7061467866503506
1.3609461957841549
-0.14710718982007576
0.0009530522510178274
0.7058120596287591
0.06305960323237825
-0.7381543610592995
-1.8106084579838733
0.25915019648427756
1.761785889903303
-0.16834424341249543
-1.0437909730455186
-0.8003256392569691
-0.4032837308828186
0.23783411522649667
0.7424571991165145
1.9598376137042077
1.8005498257018198
-1.4236037221502975
-2.193579122979018
-1.2942841510689935
1.0765764211762425
1.2736651561053405
-1.319582481251668
-0.6227765753531763
0.6037079190272789
1.2095919602827079
-0.5247926293107321
-0.2583177681132092
1.4060147793985527
-1.3325717396565087
-0.6086541759636439
0.3202727686846456
-0.6488207448214027
0.7365358563146858
2.083901077340204
1.3981831970999397
-2.3469817861104443
-0.41166104100250234
-0.5807046572821307
-1.471685042464597
0.30807468934476057
0.06000993027365631
1.5146502390339496
0.6866839961261288
0.22888456729501105
-0.9597940333312787
-0.905413554221269
2.343987452930875
0.983852980029811
-0.11147258191440734
-1.5079123708532862
-2.0311316856556347
-1.3016758255676104
0.17801660715424272
2.067694739289543
-1.1378739995419758
1.223565741453696
3.2418122757890577
-2.025574728107422
-1.7247507768635195
-0.19557888799517986
-0.9895206599866869
-0.7157403880836746
1.0662261579121979
1.4918632820039899
2.7223442912935365
0.24003376498907208
-0.7001442461566783
-0.30722987839607485
-1.1076237528170596
1.161616578015488
0.4638655990635302
-1.4621386165189256
-0.05779867712175135
-0.13434801224782955
-1.2287823011394898
1.1844330535823402
1.4019814353044286
-2.5541511253725915
0.46193593900390906
3.0520975447992544
-2.6534931370593324
0.4173880164074921
0.8223241978859311
-0.6627327971235694
0.27241764961732134
-0.4417548589498617
0.29717777495077125
0.19333978515621647
-0.33694672134693726
0.5997787776124367
0.9172805175776673
-0.8530439394601137
0.07829299588942706
0.5178679800121168
-1.1484777899270024
-1.1437060406549562
0.900484092229715
0.8257129058536602
-1.5668460165124678
0.9238677803404604
1.9359647985454382
-2.6638282131456075
-2.5960448824004443
0.988926626246673
0.22127158525184076
0.15089535559926046
1.912402458702679
-0.037597032749575286
-2.1686042770223626
-0.4295502508360066
2.669796719426299
2.450506297678743
-1.375424637908636
-3.0199574571720014
0.01036712766269543
1.431025015082329
1.252471463116702
-1.9643038947810114
-1.6120025380143037
1.5124645359730755
1.1604140970777561
0.15262355508061856
0.7574884263951736
0.19510744127594398
-1.4101915777570175
-0.1934330857270007
0.403794572979926
-0.9368429548104977
0.768076218145032
2.9116585433826367
-0.9607505231126556
-1.6180334129748852
0.31477564866992397
-0.42882325899352786
-2.5777272379265
-0.15431607647645273
2.0110753921472098
-0.06328914429687553
0.8743781670862063
0.026087521356539245
-0.21109821380835625
1.4851307305147325
2.2271338408194175
0.33560556632919125
-2.239001071254912
-0.43880152214491
-1.351012094344963
-0.17779139742966854
0.7739537898615713
-1.0926457502193774
-0.9515968806793705
-1.3787588082301105
0.7337123605056574
1.7177533707410768
0.865162350300403
-3.142520918516951
-0.027172663015205822
2.375166592897699
0.8370728884835278
-0.6072806979311002
-0.9855195969400712
1.8547428037393905
-0.7669989459411863
-0.9643446784640779
-0.06673800603274693
0.6752319409566647
0.12243393285087834
-0.7622940538677938
0.5272261159051939
1.5214001202791179
1.3392034906030816
-1.9778034060708314
-2.073906382533245
0.49114677300670295
0.19610851913434663
0.7275189638020991
0.39364705831437374
-0.1716444113590348
-0.34029626332890905
0.051550255064538475
0.49371408706001974
-1.7129132162516845
-0.0064439845464001055
0.32091478749361046
-0.4812872332235062
2.0240092277076003
1.1315116700455767
0.4254611754009817
-1.034300667934521
-0.25865602071141214
-1.0400594099177347
-1.3090467641399264
0.23977975734275314
1.6895875794176949
3.116869452433113
-1.1921073278795593
-3.432425326528275
1.0700381865686626
-1.3841333679640455
-3.237832497245938
2.6584742686883884
2.433405067996203
-1.5889939334237497
-0.8374323181366221
1.5478198317292235
-0.07330858690953218
0.5520018324163651
1.7393593350115435
-1.3319661433142898
-2.1389175985189572
1.3115896045907558
2.0365927343546995
-1.083964534661661
-0.954569391769394
-0.7686161816754955
-2.0683876698310746
1.6654273039540988
3.0609554541117436
-1.7159616001661888
-2.6203011868542623
2.7131729215734093
3.0576293014057185
-2.854381965023209
-2.301982278786618
1.8560005237029042
-0.6844566029771575
0.18321847195209162
1.3239239713223754
1.174430178461872
0.8474088865515378
-0.9645575544514484
-1.117280217489204
-2.625364418132863
-0.3558366425972783
1.5964947378675844
0.918967534988338
0.21605113089763903
-1.3269909219315774
-0.4733696543651964
-0.02251971176795342
1.1495737390535203
0.4531380620211734
0.8814975117309577
0.37220946947586847
-2.6024707933993625
-0.2198374790543859
1.806121814080929
-0.3362381411461459
-0.40421114984876777
0.874743137857637
-1.2028710398951261
-0.7868630389715059
2.444024354638133
-1.1833634251236007
-0.3936121956109415
2.8635959974435536
-1.4888968105436002
-1.2292732070305359
1.6395904165533108
-0.6361097726860981
-1.9824608688274674
0.5036845145264011
0.28670111514700886
0.371425253406078
0.43431018670513766
0.468575641121289
1.0309355534932483
0.626226100293998
-1.5461888183336516
-1.4232600488073024
0.5167377975346517
1.599112752903404
0.17092450685231728
-0.8635574902576605
0.7230852814908042
-0.8312486907980088
-1.1808676621800036
0.5623437602522234
0.8031316554802717
-2.3955020168642553
-0.8048566456286166
1.8398891184988482
1.6513997699417686
-0.08739444959252418
0.18585282351027654
0.9450004106497654
-2.828851048884669
-1.5633002856726168
1.7031833413948123
2.169583851832858
-1.9224982624931333
-1.6953712528517446
1.6966155498549726
2.4227959505842116
-0.07677493184180373
-1.033531135699246
0.10934553053189536
0.8089258958202407
2.4973468174332085
-3.124669092277303
-2.507142566311323
1.2374465432891921
0.3540876320268255
0.9313870257879319
-0.8719260679094745
-0.5877084853539621
-0.7280915251864468
0.02369282190702182
0.34855114448013025
0.18062368983370972
-0.2701889846079314
0.35190562851914264
0.9226303395316743
-0.17417618665022183
-1.3233895841355736
-0.2685919164916864
1.7710271622662057
1.3444560186172287
-0.6986114852656649
-2.473635229106061
-1.3647904149730532
-0.4346227690685356
1.441649345550569
0.512708866693256
-0.31383115590225374
-1.0491187228913335
-0.22446225408667586
0.19546495657012986
-1.6307972981888827
3.8064832330971123
4.315014561547576
-1.7905539153730792
-1.7517337592427138
-2.1642870145065825
-0.21937774334869073
0.5710644819428976
1.1919690400806033
1.2440172606033324
0.7140402205673011
-0.12476379503019025
-1.4325866943715497
0.5692743140946632
1.584435386094363
0.79991538175864
-1.638482991564449
-1.5479890408109103
-1.0326835039062454
0.9255156277533172
1.6635191589362668
-1.802923481532713
-0.4441402972903009
1.3778707551450313
0.7374577007406266
1.5035036544829286
-2.107844079014336
-2.076617785834694
1.2109776145031954
0.9309463628334527
-0.8240751694619424
-0.8842418581989981
1.660503361884705
-0.08684959552984495
-2.4850834991409188
0.6449647428746017
1.107997738094621
-0.14374019632675528
1.6061682370571069
-0.935654723178406
-1.7330530424163315
0.4642288438812731
-1.2631665504236969
0.26556403642537
2.648426502915446
-0.004748678398725226
-1.606241102494979
0.21689177171255783
2.0114511480721973
-0.76789878785775
-0.7614284855638287
3.2454359071748042
-1.3469684694711939
-1.6682285935210932
1.4878554881127335
0.9090842082319368
-1.5758790540572378
-2.2064386274282146
-0.23955471315598154
1.6472661074516313
1.025639104736377
-0.4538768324956203
-0.23106957227187086
-0.23491231958570225
-0.9779225421946375
-2.228090012260166
1.0286736895355777
-0.20005449404046183
-0.456642052034353
2.735050816313578
0.5951103464316436
-0.33028795196478955
-0.49866512070640545
-0.48719995042272773
2.5024691593838533
-0.3896952644436827
-2.266120424697837
0.5903998258492397
-0.04279405765478142
-0.5971355810047936
-0.6897500631588793
0.4259031454445004
1.2122508342019083
-0.21941970863125965
-2.1826171612886522
-0.5810426477309978
4.062417500847513
-0.013210655734418819
-1.966188653592127
3.272962884612356
-0.06201379849407812
-1.3178139583721675
-0.16386401773256928
-0.47696233558723666
-1.8892760943654119
0.3986672354561184
3.124944316022221
-1.4584919307168855
-2.070256709759869
2.6344047224626497
-1.3650106214371427
-1.6929415836541954
2.171079737545494
1.7110810956880154
-0.321000266837316
-2.7209688378195005
-0.7086129749324588
-0.7035742692717015
0.09256610787468611
1.8613612370851023
1.2531053153780967
-1.050051764092078
0.9886686706322201
-1.1498752434939798
-1.2888878849821033
1.6391298501820877
0.05689599472288402
-0.6902313189031369
-1.9305009863228955
1.0842063889074924
2.857416233501209
0.10076290552574041
0.4018807778280351
-0.03768730975254997
-0.925216517944648
0.6266099228567295
-1.4569633315136
-2.6613109393545686
0.8315803631149694
1.4110719612807632
0.4163030652423833
-1.7160963594161172
1.0935473415187271
1.7475421061899543
-1.7397372192477094
-0.18494966722384776
0.45803378513152726
-0.5761845287081949
1.4267310415587515
0.3716484520812001
-1.0957477507243074
1.971027543284309
0.39761051480283416
0.08867195656349858
-0.35180170213546863
-1.755084584398566
-1.7041099012107455
-0.03893659112781687
0.023685283694791837
0.10135793394880792
2.07213256964004
-1.2266699576885056
-1.7213724221601963
1.959821021878461
-2.409555665802106
-1.2117681382251009
3.0923341789950785
-0.07754443044360337
-2.7610770203736625
-0.17472262097657343
4.080210435108423
0.8756763595885969
-2.8020672227205683
-0.9805874061565228
1.439572939161546
-0.0030736056873517104
0.6868890284509304
-1.0511128653877253
-1.369559562813922
1.979889956099905
0.8205205558219112
0.8317844762249461
-0.5216145745852363
-2.17223093077582
0.14486719400196674
-0.8798144354941753
0.5776675867127492
-0.13337609813551543
-0.7987272844757015
2.280391553400924
1.4466318032843786
-0.459656228112449
-0.38034488412154366
0.619130321946241
-0.6239638707476122
0.6108912855983462
-1.2399426767762347
-0.871637475210271
1.7243400317466187
0.533747571365394
0.4954818954144998
-2.3462206795521454
-1.2839813594789788
0.36410578495781887
-0.5915269349859338
2.1751812871774985
0.33951803805477265
-1.2744339228058268
-1.6919097935129506
-0.7340933120440548
3.38765349615949
1.5773298956830857
-1.8695497458712083
-0.8860901038140496
-0.09908045314873748
0.3774141580355943
1.5570407523036562
-0.3304118083986237
-1.7544713284874902
-0.03364686442154119
0.35832314932951115
-0.5663231629583472
-0.655358254166132
-1.4433515174706202
1.2511438466942082
2.374286887702372
-0.4078161680026699
0.8383970930261919
0.8320200528169497
0.30894429036212945
0.8014338551780875
-1.8246103475427908
-1.0083066829961067
0.08634856458914208
-1.144040754779079
1.0412474792614241
1.0098999145071537
0.020122212899101016
-0.21125792048253386
-0.5067789007054881
1.4359706512633357
-0.7453764208888869
-1.1119994275742242
1.7930918328789012
-0.7764271836331812
-0.3261914436301747
1.7386751480186133
-0.9572373525997504
0.7622123325305835
0.7647545665851745
-0.5054097503834423
0.28349805239770554
-0.6312857100328015
-0.27703048139776393
-3.9089008621907353
1.104718628885281
4.251536544469029
-1.9917086253059773
-1.198372428750572
0.29589705778362296
0.5727287678467247
0.5285811713259578
0.1382570986152641
1.5178592308084295
-0.5979640368045661
-0.48850527246185327
-1.0641055334297798
-1.858988118480186
2.938208566319383
2.3087819363235385
-2.4526895688049435
-1.1165755303501999
0.9388702497214796
0.295531941696095
0.3910380323834727
0.8332775818949432
0.4792184971896922
-1.0085486897862468
-1.601236355541856
-0.7999175166211805
-1.4532151042879613
-0.30503928003230407
1.9699021048602887
-1.087849666767497
0.5999366139771459
-0.3480792243082569
1.7358220664332222
1.4239125777469246
-2.695145836202476
-0.574119608025641
0.9197773708340203
1.6028270369050222
0.021897011306251823
0.47262103130438815
-0.291347791908058
-0.2883369393542994
-0.8255156306557855
-0.3718891574733089
5.041220676577272
0.7693905016528249
-4.737203389034497
-2.3965688377631853
-1.013042557901556
1.3880684385339144
1.7973226816014223
-0.5396415187740706
-1.1835826957761786
0.5397660348860831
-0.23044273343769361
0.23577856355600696
0.1866441268032778
-1.6653224955050165
-0.48964438882677797
1.7246749940254955
0.8197058490492191
-0.9935264283628221
-0.19404310187606533
-1.219061373258488
-0.32822176047648777
0.5405598870508077
1.601355459277146
1.5500521866883794
0.059439006742860956
-2.652199461462194
0.0961813739390398
1.573031023136131
0.26829063143628495
0.32890649973626784
-1.5092332751804656
1.5864085010935578
0.8251813261805749
-3.5356841834282
-0.7734552917178583
3.6957093610548246
0.2165993754590193
-2.279630933323999
-1.1563420067933283
0.5641840134926711
0.9411544734673847
1.0761501569820777
0.44558030088523337
-2.086133625416755
0.9427010026775043
1.5250390484706746
-1.6278938984208866
2.190571616415106
1.415488521750015
-2.4920057440036434
-1.5854986582434307
0.696952474873925
0.8452130829337003
0.4089880595187726
-0.5788697363582563
-0.2723728323793395
-0.4503818076814463
-0.8088341747596715
1.0653102316650096
0.5689014452980055
-0.41846143117636453
-0.29214420282922404
0.8928545909739873
0.30754487266400365
0.9500867700286777
-0.030743551308290817
-0.8894929008021054
0.13170687533198755
-1.8104102692530528
-1.693951279981731
1.1962400736982561
2.6266013153887764
-0.4390117937834387
-1.3315116955755006
1.3886043912521993
-0.3423078391930361
-2.9437249481339407
-0.10372939881967341
2.8967517315873073
-0.041427782341536934
-0.5880698253494202
-0.512837897762283
-1.248367959978626
-0.5148639733030873
1.9018960563808651
2.034717419625727
-1.0780734469062607
0.11117701757429399
1.4708163369948555
-0.4359688035845941
-1.281216523964625
0.8239436165503987
-1.5398261939197977
-0.18568849072618487
3.177256338850478
0.7600178324853066
-0.22047141233835155
-1.8096658456127512
-0.5099953828660752
1.6575004910417834
-1.3001960294975712
-0.8188854472610023
1.5395048699867557
0.4994603422110335
-3.2383800449349334
-3.3121965085317617
1.8666762103353294
1.5207651116859882
-1.278098213523068
-0.48789820006703866
1.0247231252512545
0.8099605542312125
2.8982632495279326
-0.38561730743814043
-3.2740281527540045
1.655665579337687
0.9273295997104339
-1.4597483436797338
-1.7774213379830979
0.817820819867028
2.2021410309063674
-0.4604484668655915
-1.9813323057605947
0.9000890368276396
2.278317090284812
-1.267649571583292
-0.7010331245590726
0.9042387431915024
3.017743066562326
-1.1002751221606712
-2.8937260224920234
0.4792923094210816
0.5947961244999904
0.052736149843300786
0.4166108409045952
1.4352020214934522
-1.7351429258312565
-1.534143504269572
-0.5788468707133045
-1.5887224331763183
1.263392191890076
0.9422965157165712
-1.3923528489383927
2.0460907732763687
-0.2466560391714101
-2.2469708623952283
3.4300088976877956
1.1364391287339317
-2.6874086884293122
0.251040115336754
0.526273499177369
-0.7845200648362438
1.9324988810654453
0.7360638021301374
-1.5799351245072124
-1.1205091552194604
-1.2760987154060428
1.5963868797649226
2.780841612232437
-1.099898915539072
-1.4372405028970423
1.3888677515548906
-0.7448269192969725
-0.9865293913069247
-0.12781715785629044
0.11008630115960324
3.1727868462530466
-0.6765378403721309
-2.433835059531503
0.9474031851974605
-0.5458163405186236
0.4699263546387208
0.3419716069550968
-0.27441017471649864
-2.213059342296944
-0.6060462314928178
3.656326511167708
0.7151355918058694
-1.3687861432730235
0.10711672178405851
-1.8492600289545587
-0.4035424115435665
1.9665898830497783
0.2490150221186309
1.920804372043386
0.14563005755726433
-1.9677609119628607
-2.09563616794387
1.698164587879698
1.5391079360822382
-1.1112334123141867
-0.7907568377438752
-0.7414468601086722
-0.20052339336118152
0.8548532309049123
-0.5016143932096339
-0.8710663429217984
1.7494454883715091
-1.0147484636003674
-0.5371975284385888
1.653221261814867
-1.2837978916890591
-0.3743627646877938
1.199187337601693
0.45433515543026953
0.601939156893155
-0.019337167429243296
-1.4841233508221103
-0.3094588541034504
0.2914063799720775
0.7071032164414217
1.0138334274732574
0.6805071393381439
-1.059732148043119
-1.7900871968074576
1.1876652328197752
0.9466799306685552
-0.3331674363956715
-0.9809623273482924
-1.730925368846179
-0.5370123017352469
1.5843039688205476
1.6889681428766607
0.9981842012557427
-0.7158197276312478
-0.9927619511804556
-0.9072174739248507
-0.589220552740517
-0.7496736038524776
-0.3488513712473935
0.8021209090762813
-0.08008126239231295
0.7312248855486754
1.0161431270369776
0.06262776186731384
-0.2624263017499526
-0.14192682604242063
-0.9262762738775744
-0.07627774186184555
3.1756400078686364
-1.9972510258709475
-1.9753232935431135
1.7257980337849572
-0.34006101944709344
-1.0254318922085965
0.6657402797046779
3.0116803429373666
0.031733518812317285
-1.1981075468533107
-0.5752615363712005
-2.1410419304228547
-0.8367550951239962
1.4889317308556727
0.734134984376452
-1.087234601149023
0.43339774298030254
-0.3482441467573907
-0.3017110680885916
2.0785925157577867
0.6109576515407524
-1.1557613103937103
1.934678190162972
1.3754847914574755
-1.2516433226415502
-0.9939495778000169
-1.7077773022368867
-0.19325757765974216
-1.3483948998803301
1.3868156083230707
1.39721906461461
-1.13749174857699
0.9647667655738891
1.1259802089597846
-1.391170452153435
-0.08935418172451037
0.3243984970362537
-1.0246197491029396
1.5421459930357346
-2.4732600059464263
-1.2024732552135693
3.713020939751364
-0.943269656694561
-0.07186949953367183
2.011930572102995
0.9162870729981846
-0.5872611384126446
-3.697046627906541
1.1731256949949251
3.647613943826568
-2.7672159435981234
-0.146201022367086
-0.3398433027671359
-0.2620217460675969
2.5245648341067146
-2.8526592611220645
0.7522074720691047
0.7052816943698734
-2.600091250743562
1.6857112648663413
1.051947926795504
-0.12676573212748088
-1.3187332051971794
-0.06193280234319587
2.7329286764147476
-0.7394580683539106
0.6959547937987229
0.8516275574343166
-0.3641076574323623
-0.3738568791685243
-1.6058671405710603
-1.0584180343245988
1.2576573585084243
1.0541732723952775
-0.8636129627278958
-2.507477038453237
-0.9999977300166517
1.8239436107853442
0.6604404625593883
-1.1313421699008002
-2.122702201583627
-0.7342111378668523
2.124619849859735
1.6384933646492004
-0.6084906047537667
-0.7341491858642635
-0.8862429162481245
1.7487501850534888
0.8286403819352415
-0.5679331779913299
-0.10605374816487773
0.6221786014431736
-1.3027394664208103
1.3605943281703632
1.3100311419825719
-1.7449776515294242
1.1938947788342889
0.5552316765569212
-0.5728578311990827
-2.4293524805938955
0.4984139871544585
1.7277610706849704
-0.41204792501776627
-0.7948486056574073
0.3282938338058559
0.6874705498109465
-1.1706415663047238
0.12467601265118494
1.9069888079044133
-2.620262868976588
-1.368715446502529
1.8125688895889585
-1.3887502664376532
0.8148533269367649
1.2048930128640583
1.6999867799611876
-0.2715033271196011
-4.20052690562879
0.269039973701032
2.865729777088826
0.19612116580503092
-1.8259161712078833
-0.30037442623674343
0.23168251876772605
3.028662308369665
1.2631611071779596
-2.505683129586678
-2.620637131805422
0.3850013247604904
2.4832789759111957
1.0893250403709698
-0.8683561077507218
-0.7703351719359657
2.720442894527663
1.3601942044662831
-0.6304838200947838
-2.921545254083935
0.04171840771276658
0.26495850558444084
-1.0815658916341293
2.0727210988838443
0.046206662915988794
-1.31892615989983
0.2718851235086418
0.9165520023393443
1.1143107351764123
-1.8814254313128291
-1.5039649896209861
1.5356872543114883
-1.0521359571160596
-0.44379559070965824
0.879082143394026
-1.5475639616944847
0.04181806990963779
0.4078420518852872
-0.48736960558003867
1.2782514458737453
0.8879644554812582
0.7344287781746648
-1.3995460730240799
-1.2835520230997057
0.7730710173469729
-0.4008972577779502
0.1716653850459515
-0.702480729305111
0.45055001094856684
3.2703452178100765
-0.586983018848338
-2.2969911054446843
0.185229412446989
-1.1265519243766604
0.30884395766335193
0.5454303983618557
-1.0226769458275384
0.18420040103341084
2.2195063501824706
2.617155327004897
-0.1493504117615574
-1.507303435638447
-2.504079173400412
-1.3658136747457568
1.9444346421325243
1.4058368334880575
-0.18859982147981424
-2.1046991917347784
-1.5718333825341495
2.4030018609868207
1.335117022092322
0.44347285885401366
-1.227800016759479
-2.2612322278073114
0.7990040247969593
0.009759004136314697
0.31961902537771764
1.3720948019782262
1.558165563152783
-1.2775549245221351
-0.24879810551725856
1.8744577176559323
-1.9472535357117027
-3.231803944192942
-0.4818193411098788
2.3942369908319376
-0.03996031722497817
-0.7493593851731505
2.1833753278675756
-0.4570906820146995
-1.423570266456708
2.1698019770942585
-0.7805474493092984
0.7437670762163651
-0.6289179627105902
-2.568258498007572
2.340618771522242
0.2993264173455871
-0.5262025748323236
-0.4999429247537827
-1.6330513957516484
1.2651646095392461
2.6217173291766316
0.1810443662670514
-2.7707501057951207
-1.1069956953171876
1.0097823486540936
-0.33180235745218456
1.402498178560204
-0.2887887261363882
-1.6039533756760203
-0.8592885467702753
-0.2294145967883945
3.535344625834925
1.9907140382199975
-1.805663878355144
-3.1325173550100835
1.7232935148686677
2.738977257287944
-2.2799753503743876
-0.6579746764467556
-0.1597453705232622
1.3597317692304878
1.5523344243550088
0.057156241991364265
-0.24979227900181383
-3.185728142279488
-1.7886080935150992
2.142492407352579
0.1841396111103133
-1.7257432741402943
3.116693942805389
1.7587041532680487
-1.3588709203518632
1.2667416470879962
-0.2750867488269896
-1.0792865517687624
1.4923583344999682
-2.3853173718667384
-0.5180872822553848
1.5029010523459494
-3.2772816024787605
0.7326553013415984
2.41443862485442
-1.9579898756951755
0.20003087872838954
-0.4990784758057796
0.07788723031027966
1.1352397536450187
-0.7405123518321733
0.8045562142225635
0.8713097671667004
-0.11446054508786478
0.394642753486947
-0.41252143893789917
-0.5051579535573306
-0.07664915898471869
-1.4362985545886504
1.0482627418693895
1.1973033997071674
0.5893594424151101
-0.06638194639320266
-2.279271226465694
0.4745373748296266
1.8612194877218455
-0.8896172460564612
-0.5911666623534032
0.47319779251288496
-0.1010496218626528
-0.787757654510973
0.1305624920557161
-0.7748059688853627
0.10711166186145013
1.6735349083858169
-0.3177363123387938
-0.16698174643982183
-0.24884155054017698
-0.4644270319990166
0.6351734137181198
0.10267443179607671
0.42931600541552867
0.294695290156725
0.246661285076604
0.6824630448596827
-1.1706118828257657
-1.4013731744573161
-0.4654280255324626
-1.6760101278102004
-1.7960614166325857
1.3137164833897423
2.025549784179028
1.9457576312213378
0.12855922870424918
0.8295623432597197
0.8893996865506912
-1.9737523901452583
0.2648549127686374
-0.4682981972057659
-1.2498411685273447
-0.19984131649296816
-0.6041295236090811
-1.3145555927282513
1.3390242582998468
3.011510596895323
-0.15529434504712075
-0.3542860071464715
-1.0440992762932144
0.5572520337004014
0.5560298163777294
-1.7680671861679127
0.7551936641692951
1.1049582781969125
-0.03668562989712265
-0.13618295070579495
0.04266053755771826
-0.9992688344298282
-0.3911438838383841
0.17895428446575756
-0.6424943630654489
2.6710382027975577
-1.0470425861456558
-1.5016166835263576
1.312473666897112
-1.0958989462456574
1.2768067756133485
0.47092399485848696
-2.993074995502945
0.02030434557767144
2.2554438465827085
-1.1466326474156674
-1.4778565331868456
2.13906210207642
1.4473446900591822
-0.054235779642907156
1.2931202066275544
-1.0872378455249103
-0.9214879201942903
0.6743300363979883
0.7371891827926138
0.3711899956082131
-0.9925704644848296
-0.4601668549296931
0.2726216148796152
0.1732411640993995
-0.042472486094759065
-1.441190651506902
-0.5222807849937272
2.4809389025583353
-0.031121406772851648
-2.046342972203154
-0.0198039983144703
1.3312820805811145
-0.02944331995454884
-1.4589731400434938
-1.0034922983464836
-1.1070613552096886
4.294759173556226
1.4834871390475
-3.010343806823905
0.9752236076538201
0.950533130513759
-0.4189598323307917
-1.612061725203568
-1.0931846811516337
0.8472218296683676
0.3716816605941359
-1.0688360896138354
-1.1791809544932264
0.8559629673409078
1.24508536390559
0.748106851112224
1.0943057203360091
-2.712120377688096
-2.0751683857150445
2.4809629843544956
1.1620257923102157
-1.1944191898534402
-1.847467187056191
-0.38277640849820904
2.4937854821485312
0.7114402136550089
-1.3612403818743601
0.5428599830564772
-1.9149007433647314
-1.4903538952201276
1.814717562564419
1.5086418778345803
1.0602787409318357
-1.750243250794179
-0.45075899044427903
1.7062750092398207
-1.2501227744068033
-1.348627814906255
0.0011390089495708633
1.0942690137343327
0.9041404206482646
0.11500707768768528
0.05542243464869645
-0.8720631034980159
0.24034185962229326
0.8886140765708574
0.5300087432549797
-1.92535382247143
-0.03999699872048107
2.5826559919617607
-0.5268346883872207
-1.5730908640066779
-1.5741041814918935
0.08194249223208849
2.7292857846052057
0.4839480276025121
-0.9575952758642883
1.8818874207473617
0.7078505651628296
-0.9433735956019906
0.06573507352118046
-1.0744063494773943
0.22674385214386938
-0.37198918186117913
-0.5087644711930663
0.78807234471609
-0.6442996429742677
0.007087683636386677
0.3964936497031829
-1.7432256618917523
-0.16130264160370522
1.258744383521139
-1.028282563402485
0.7255084851494324
0.7084088410735151
-0.6149373024843086
-0.22430441523557298
0.6777098203240838
0.3008037391364903
-0.8332305500884507
-0.33426113222718534
1.1809889191322713
1.3092170732518837
-0.7210893854336801
-0.7085160486205907
-0.19716720166086898
0.8486218667358765
0.39417352015208784
-0.18936852477821853
-0.28317390085023725
-2.3509214042678876
1.2027271300405837
1.2763858822498422
-1.181474362527665
1.6229898838099701
-0.23384611353131343
-2.3523902820294276
1.1515243865318217
-0.7509879981096375
-0.6068438782914414
3.6934236460250345
0.4078571540222488
-3.1907257403792295
-2.0045009532517692
1.8679136626870232
0.3748320893386161
-0.6221212229931544
1.5129885870517508
-0.9771114167838126
-1.913031478011616
1.6557240406238516
3.3939546210819342
0.7548838173754548
-2.367702573092241
-1.4645066975919037
0.18203312301420602
0.5929115144797553
0.8190101690552064
-1.0618061289488894
-1.8369055228095452
-0.04748557914865714
1.2612058301090496
0.6729143775583409
-0.8921326696195351
1.4472404068830986
0.45035667233861043
-1.8372147280293745
0.6302294651816012
-0.02916081996564912
-2.240164422962699
-0.17876897148406612
3.0838442784212914
2.6812062739311893
0.3528858390611449
-2.2213103328540056
-1.2087762395287465
-0.019106769466273245
2.56321480586398
-0.6749780731989008
-2.5844403721347473
2.306282282132103
-0.9475762056113716
-3.3483170044216983
-0.8280726082254588
2.2250233958769794
0.6943677796422019
-3.1495641738187605
0.5574388845498643
3.568925208597058
0.677743445033955
-0.4586946908207904
-2.866754640023509
0.0021426477110507713
2.7688002010598907
-1.0021190909372257
-0.6946743294055986
1.4767414320986656
0.33035166302192887
-0.014487935044333877
0.3476034971999601
-0.002438694010271414
-0.11103473293676025
-1.3965725535786975
-0.8277230977783481
1.0018795855438032
0.46442341725246095
0.4239593656144093
1.6877534341287759
-0.6071971517765076
-1.7912703681261353
-0.6572713189465491
0.25895621265969987
1.1491533562620306
0.17616649879052973
-0.2181174300262576
-1.3113236819272047
-0.6278607351555576
2.8295139604378137
-1.1751786430299256
-1.3109028316718319
0.6869060416184225
-0.755348008638185
0.7870520566943281
-1.2206795905070076
-1.5049739152112878
2.184328673505446
2.0518168964748043
-0.9575640475224583
0.1914498576557907
1.2388861461452179
-1.5875656583598357
-2.071174135582668
1.8100265564266205
2.343253540370941
-1.728135458101547
-2.5208414041109384
1.493550571065811
-0.034633039872467686
-0.32648969592916666
1.2960071280234489
1.0921411718685268
0.5302971496031539
-0.6828993506143668
1.0927714375315967
-0.30110667019272586
-1.8779206839501197
-0.9280837742917564
2.470116822042796
0.34712538912065805
-1.037862215321562
-0.5463662256424282
-1.3693605789009646
1.2581738494763102
-0.25166558522041776
-1.2038281113478546
0.3854186144294393
-0.5896199264022501
0.993413586922931
1.300951763716597
-2.3561531910115847
0.7139383692688959
2.9458714432431723
-1.4179064107345076
-0.32455070296594024
-0.5196863393619848
-0.9507185859093717
0.22211067666744577
0.4890859858374765
-0.07543983732300008
0.9397859479979989
0.3144028753698637
-3.321279711447353
0.2825200652974606
1.9975501205218182
-0.7520558323825263
-1.4181839753429035
-0.018141882025558775
3.287344389577606
0.10885547799144735
-2.3498405660241506
2.1580745660275618
0.425465620715185
-0.9425221693936867
0.4947693946359524
-1.1726040577117094
-1.2036013878069114
1.5649176522039538
1.7427921556913364
-0.4001177495508012
1.5111170600465704
-1.6900864078053626
-3.7660346237976148
2.3438494967790082
0.9218257184354043
-0.8682353229840577
-0.3060902569409909
0.043881128054151786
-0.6418348404805857
-1.4521291888558872
1.6244941302074138
1.5004851470397345
0.637605490290071
-0.8001194849742046
-2.178100117667021
-0.09098097550987894
1.6509168235774463
0.757344682261698
1.1752632381091628
-1.0138046449539788
-3.4002257678216585
0.16117405631956994
1.0289078002371652
-0.5403932745441669
-0.2694958025476528
2.5854747152002364
1.0199148306921828
-2.142469262394113
-1.2667904156134067
0.28646179150168133
2.8200800566654696
0.01735032780517709
-2.496729808414504
0.29758650278816856
2.2040779169273224
-1.3673633320629588
-0.8168693984858406
2.76058267153571
-1.5516875510761672
-2.7833840175658384
1.2212870279836205
1.6330880753226984
-0.8778717684273817
-2.0086116050229372
-1.1174464135823452
0.7676789937747504
3.515243065439228
1.29089378180054
-1.569809930689719
-0.46871071106114187
-0.8670368123391534
0.4473928893411975
1.1053991125218068
-1.9679397642068963
-0.667512871312259
1.3949978256947009
-0.22499508851957653
-0.6920328256552204
0.3619660318065614
1.5649404044101605
-0.7031921443427351
-2.2958818424022343
0.03442221660301137
2.31889266252623
0.98773745951455
-1.1798872115096652
0.49803012661583096
2.7372493746171283
-0.19100786726142904
-0.21305409961557098
1.3959654564659456
-3.31750001784382
-1.6776773889430612
1.4572164784221158
-0.9321594630335972
-0.3681090228738272
2.1688845783875896
2.9447786754889664
-0.9177864509096431
-2.195307992579818
1.4866534693875866
1.8457854991364389
-2.329700039720833
-2.3196155967593577
1.2953876964649131
-1.3950392932692235
-0.20228774736454314
1.9581357848065968
-1.8437384334325821
-0.21442731368113627
0.8317597294057901
0.4963496681357492
-0.43116378861914345
-0.45949735617363924
-0.38752770691149563
1.513491964440844
0.6736477534275069
-2.7560572181172747
2.0867583923665167
0.2501569050086696
-1.735056679322205
-0.6612851772439488
1.6636891347830136
-0.6094114366245256
-0.908978641570184
3.4796342743938653
-1.1576829857227584
-1.8747326561140394
-0.9142258180375404
2.6442384518399638
0.8158715208472314
-1.11074793000707
-0.5935272882326097
0.9833631275657742
0.5211294527067185
-3.022558829875499
0.7719125732118496
2.2694283053422866
-0.1270656245682833
-3.06920089328371
0.378205845830703
3.0106638595927633
-0.5292671467072109
-0.694850850530651
0.4296791926056742
-0.2514148300487281
-1.6002579878172325
0.4640721935677614
3.146086704967219
1.4832748314707773
-2.302513602079238
-3.9787497151205486
-0.7879131201553523
1.3937076104229362
0.494373403268914
-1.1637464048183124
0.3379514937283781
1.6410954735472896
-0.24837452698547097
1.5073283687388948
0.4326927956411473
0.24407429474868625
-0.22196784289250954
-1.7389336893910081
1.7109714522893342
-0.4060450376847636
-1.7792328086322233
0.8949851598646862
0.05654974093979265
-0.9510078325506829
0.09591140544360302
-0.3679750670258902
-0.4679904520250301
1.7644834540737129
0.8072886351065133
0.2439434858922611
0.12343761691993253
-0.9704352628100339
-0.8846693325832775
-0.9906467036314304
0.5372302485164195
0.40218347086997264
1.3739424249773962
-0.4919519790907445
-1.3002061853506262
0.3188513587694031
1.6511686147445026
-0.927214132514629
-0.39621064486915136
2.588078150138605
-1.4509172931627476
-1.099810524862035
1.2125215931330693
-0.21438958758488363
-1.9720563955606334
0.15870904341578895
-0.011296987934807268
-2.1815699827175234
0.6568190610750042
0.9052117321218787
1.5621902412002509
1.18813235166322
-0.6465842259822467
0.7269006233506166
-0.9331877398574069
-1.556705206821138
-0.24556081820176517
1.4606667491370469
-0.3263984995163368
0.06958912179403931
1.2364116203135986
-1.5287828705617108
0.7557921924408093
0.14582246885807004
-0.6204353661078477
0.9336149436770074
-0.5011588739059455
-0.877597931590793
0.28637152368847757
0.988815681726486
-0.2579812825131137
1.1743027516216642
0.7488866399867963
-2.7040644764093864
-0.48730050538987746
-0.07948161746688309
0.7332133921967015
1.6793776831171767
-0.21989959184463392
-0.7596633336552758
-1.7549598171041858
0.7023133866250819
0.1674980704663731
0.7938951069461833
1.3546236785707555
-2.7832377325155524
1.3413313420807271
1.755280230776438
-2.072332803926372
0.17507839376654805
1.836666983995898
0.46103489014387466
-1.6953377446784408
-1.775824399027645
-0.040771813867279155
1.5063593289219939
1.5123146399374072
-2.337285628928201
1.0323797981402443
1.6154071181324356
-2.419088640232151
1.2852128496887276
1.4556743680574034
-1.257571673227544
-1.2682793251783306
-0.9230927727794341
-0.49897946185450515
-0.11867799058476347
-0.6528027627448876
0.7112508145639125
2.261909754298048
2.897728515246672
0.11118382419739103
-3.2201192397392226
-1.082863867061819
1.8340934321997784
-1.608994347063156
-1.0848898339404565
0.7752871795584075
-0.6465711375755138
0.22282984320783028
0.7472982322511965
0.5108986145404192
-1.104056027465212
0.5156284560285543
-1.1289864039830702
-0.7934214087672631
3.415791118248696
1.1167362756770844
-0.628056009476842
1.2214274625527546
1.117119229892289
-2.922469446947865
-0.6082413143814076
1.9418151523544172
-1.0924827383972655
-1.8614194526416739
1.4853749534473144
0.4700648834670418
-0.6085609784499301
-1.9643166431192662
-1.4561502452641846
2.7135340901351914
1.8159023076141823
-1.1807951480628167
-3.465408816941502
1.2537139191264481
0.5107472014708931
-1.3366176901809252
1.4701455854582124
0.2730537657568241
-1.6159772886082777
-0.15777672289703343
4.147454359168736
1.6304585217455942
-2.0866772106372973
-1.7190352589750837
0.5886896142187736
-1.748903697261431
-0.45107353090453894
2.6400761083626505
-0.6829252939421434
0.48758078105830527
0.44541782160872634
-0.2951370431261553
0.41220075000635903
-1.4507593500090783
-1.1980590306073253
0.9587656382843414
0.5479026997908409
-1.5265491044372963
-0.3422047979278627
0.805495622457551
0.1271395334379572
0.8299290755425401
-0.964540376852346
0.12609508773164113
2.0395584272377936
-1.4125734928080096
0.9608349880810207
2.0408004670978
-0.0814500880421909
-1.1886258399837133
-1.847326091165998
0.22734207577302873
0.2785722190105216
-1.2376064301342995
-0.6119201493781096
1.6388488740307694
-0.29843093770986007
0.15133909873126689
-0.5291543796929581
0.5311044868727117
1.160035749688184
-2.2166270905799093
0.5256619234466033
0.39338302094198396
-0.2178433108272697
0.9509361308803322
1.1037740254968236
0.8559621218575123
-0.6391197468177658
-0.1934597789420358
-0.13008117349944892
-0.32429350205724305
-0.2231409479091125
-1.264107507478759
0.5551429188680307
0.9074493038247124
0.5387784511706588
1.9772519599554137
-2.4674285964244307
-1.4499968819169406
2.4965102171831983
0.6326200443310899
-1.8381506934560408
0.3348424057048538
0.4370991973167445
-3.4710593535574095
-0.5650457797891184
1.461836768147956
0.43856445144094947
-1.4393984171982006
1.225437233192395
1.551098735568846
-2.7165544561759822
-1.1681836934674026
0.3301666612041283
3.70079422010659
-0.014223398666666887
-2.7411133290565792
2.4473349504857156
0.04906691509879424
0.36795208065576057
0.7433916206133716
-2.894713802723202
1.033039686513813
2.4118877621894943
-1.5736294946735667
-1.4591837357033746
0.0878861810077862
2.536973893095197
0.23580244260489042
-1.7283663171727612
-1.5381299708659966
0.14258996007895353
3.2204268918648946
-0.029027920589649647
-2.353765167905961
-1.6852740247897655
3.381090018329191
0.4903375047176306
-4.09059778237153
0.03115342501723073
1.63034596783431
0.49557447087912104
-1.932702250158727
-0.5332592935521374
-0.22609365612429966
2.1710050585859486
1.786004199743134
0.06958566480914286
1.564961566888326
-1.575037721815863
-1.6907999243727505
-1.2647391593190807
-0.8567021322922644
1.6890379952139236
-0.6855759736168483
-0.6906448227403517
3.9641629527307867
0.4850746935817278
-2.2399758703205195
0.5758086004737176
0.8786133548160581
-0.479067825161774
-0.3649478585904019
-1.0179002593987059
-0.1493215950208288
2.4311193008404803
-0.46017367652818514
-0.06434484440955868
-0.44291334417579575
-1.557625289785571
-0.749380815065501
-0.4562668611349595
0.6703507602054553
0.21596044722733476
1.8804944992652588
-0.3770056950693753
-1.0987987394686667
1.9133424235943965
-1.1495043079919856
0.8726539753927203
0.8374492259065759
-2.6465595835896782
1.2852275395594048
0.8710207575222457
-1.2011099043483273
0.10747554725124092
-0.3553436387300938
-0.7074686027907479
1.2335347306648035
-0.04081662979013245
-1.396587012809444
0.5532291083555809
0.19725624379791956
0.39721659959531386
0.9477982060688848
-0.33443705840904264
0.28457587456586453
-1.423537158015675
-1.6885592241793912
1.824471659728326
2.1617397377303984
-0.18215206735108147
-1.7484682736841108
-1.3105640920428157
0.39342869188755064
1.0484860942993224
0.7062102708016984
0.9931425072871398
0.5366095835992325
-2.5180503099523417
-1.0772766035107086
0.3191373946947027
-0.022424865216680093
0.27684133614362816
0.14145747767508854
1.1642700446291898
0.9591305393276014
-0.9402535715871496
-0.7094481546450155
0.1909795617572685
-1.1285209025747864
0.634697304524271
0.18700301702513578
-1.0866569592425217
1.2912317439469083
1.5357421707500571
-0.902891343130416
-2.3130238731076234
0.4452815474159158
-0.6664053598964801
0.042085768453738404
2.7212466040289485
-0.33252532971654736
0.09933322265337374
0.8079704442939963
-2.228003833572567
-0.8774957088080102
1.6924467802670828
-0.11239934201455778
-0.6115163974105847
0.5520204152079452
1.4118770020415636
-0.5570964796224466
2.0122778387675724
0.5303520186299651
-4.5865162602113525
-0.7072500583590979
0.7600109078941291
-1.6410630991163955
2.6393745751873796
0.7943232148363673
-0.7849523073858279
2.1959448487101056
-2.604909519024338
-1.3940682857535083
0.8594324387846421
-0.190978338572453
1.0358807068553586
-2.0410165122556685
0.7254913079056149
1.9473576913649353
-0.9876211318106439
0.23052418754307952
-0.19821604855383215
-1.1687031158907264
1.5346368583550274
2.095271189273379
-1.406239073250628
-0.833381124467854
0.5806668373242915
0.20035328722012918
-0.6454117670844156
0.05015167673524584
-1.2011116591007756
-1.0071063216509795
0.8592218170515944
-0.9840660562700101
1.2961950270385596
1.9824893684836038
0.10847773350402812
-0.4967723416441837
-1.4503414077092893
0.684540052007847
-1.2257466726659652
-0.8717323477343533
2.6821223240423686
-0.7387812965414259
-1.6755153719905507
0.07871104715989796
1.2572075062758525
1.117516558431745
-1.523155859587501
0.981518855843441
0.24363138871521128
-1.655599858346121
0.7182207727619924
-0.3749600547114197
0.3780601511812079
1.6369071854182162
0.45256839488816036
0.49061716747405437
-1.9040217594405071
0.02400021878113212
-1.0898004417929301
-0.5874681740072877
1.7030621522859906
-0.08349726968584498
0.9006889803432616
0.9790506100700576
-2.9001380401644465
-0.727052882911778
1.8182162744055868
-0.8398399893433279
-1.8278271811343814
0.3045989385593382
1.9880383524568233
2.229175463151971
-0.3513562029633257
-2.1026974947747767
0.46141349639339
0.7716733134397505
0.10238369886905407
1.5913998963908151
0.016332051275820603
-2.422586840208217
-0.3341186128564515
0.9313271924981925
0.5751028280889033
-1.6687321471140844
0.5632853777963669
-0.8701123820510365
-1.0325703825942254
1.029367083039067
0.8224813586077995
0.6163834768150861
0.182750856315122
-2.223851638485915
1.642736543021109
2.107561795887732
-2.7166106137702415
0.3440598447888751
-1.1649058237043843
-0.6090625104574443
1.2791837363277219
1.622280323897749
-1.519811989427063
-1.7604256198297292
1.518021941124014
-0.21246494569550733
0.8251889500757956
-0.16498776861445397
0.28960291513101777
2.13413949747905
0.9499147967841726
-1.5863099718731783
-2.7893066818229966
0.6416905812377507
-0.8504345178256625
0.3371082471981693
3.085798100140436
-1.1835375768111849
-0.24350356924116368
0.5792016742545245
-0.1329730003152193
0.3845813777262212
-0.21370267533228715
-0.16642722413937122
1.3664328841594227
0.09548757641193678
-2.1946752280799404
-0.26526830142616004
1.7043589748757408
0.42877823498277995
-3.0735289071847123
1.8601964256040837
1.9836209823144813
-4.0232586190238875
-2.751378923453171
0.7353057045982543
3.204002483520839
0.8015855358561232
0.7932278400053318
-0.1412779455517825
-2.1173841068496007
-0.5749826269383544
0.7716036052835464
0.18467023302974228
-0.02671452218726235
-0.8132119340328987
-0.056712659700191966
1.9383086010222579
-1.8004790724509263
-0.685478848285667
0.7826037161726447
-1.0987176901415494
1.65839814874069
1.499646364505172
-0.5228983626113399
-0.7548088448074359
-2.1235935529187233
-0.3831737273352426
2.6050704011421697
-0.07923413485983744
-1.1929411809166777
1.0055143271403286
-0.3304475122382371
-0.7910700426829377
1.2419639002701728
-0.10950935034456799
-1.1329322909817143
0.46863472707107123
0.06281006462313787
0.5009100162882284
1.5604806181866253
-0.3409839931856243
-0.39125492361566283
0.34892754530965187
1.9617217846576178
-0.6620058829317829
-2.312229723310677
-0.24561039095216575
0.20047055068849412
2.290525574976434
0.49615028814379053
-2.9115099085302587
-2.061504314595304
2.8667178249689833
2.3511429453126578
-1.8936416311671653
-0.15461788078974492
0.506618329696644
-0.3868758625031975
-1.0147708001798832
-0.5367572140090744
2.2062017193601386
-0.9321306921674847
-1.6302875806563366
1.452097661184234
0.5206642088876832
-0.43252538914485766
-0.307248503168957
-0.852732138419771
-1.509206615676563
0.838633803997031
1.3065760165580673
0.960284294450252
-1.3174529424343357
-0.9293257001513634
1.7914729111293457
0.5065475023599741
-0.4982487885546112
-1.2680942855522284
1.0409280288241842
1.886501657456824
0.8233420963434991
-1.8356385571940934
-1.806595749064797
-1.1914980387332228
0.4710830521102325
3.2430076171183915
1.3536246498522637
-0.7558955442122343
-2.624177543157939
0.9869020229210917
0.8347870006461626
-1.8741041753096717
0.857704464773964
-1.6510911584448689
0.059421556426740685
1.8593937457277054
-0.4129466643182661
1.1600041537478647
-0.5545530326043968
-1.9215142292065561
0.36374902290171124
0.24745707817427975
0.5418242197649356
0.7108213377344275
-0.114157526674103
-0.5465241721993819
-1.9558510398167257
1.1048982849234088
1.3461253438233136
-1.0909408817427146
0.23062388092747796
0.2080713191460291
0.6826004948111235
0.3159641399121933
-1.5640659832773407
-0.5285744141492028
1.7392492528359345
0.923414598596077
0.051813339524200086
-0.4405589124066722
0.7966202691899463
0.6633932622596358
-0.6367283125615033
-1.714230368213412
-2.330215649846175
-0.5971122450311026
0.9655268984919861
2.6720126282947474
0.3352652179023575
-0.4092913535815563
0.6053579886240976
-1.3836508178170268
-1.1472645990864019
0.42664139612714713
0.04702830337195579
2.451739712711516
0.2757029141045783
-2.0835616387060796
-0.9871020845538977
-0.47699617557987656
0.7428788048190338
0.9947060265272846
1.6232120975980284
-0.5129117103382889
-2.1091483440545384
-0.5029332133649896
0.6657372680232394
0.5121230886247778
0.5292416348726887
-0.8784273299313865
0.1642276829098951
0.23291959878218826
-0.3178702001922753
-0.07946480649590487
-0.5382603304041096
2.4811107037450637
0.35604215226881
-1.9077218099161297
-0.31511312204955355
-0.4034538320418385
0.31240106206521895
1.8906874231032744
0.24195415671257975
-2.97668927838718
0.7041904829304283
0.8070032586187249
-2.120927059608684
1.2189757783894595
0.6996036635285252
-1.1034627211668984
1.4096636307335237
1.0459959375231946
-1.1034601308319598
0.15257747240976394
1.2456893827754507
-0.11948441897368067
-1.000816247481144
-0.4864005184856661
-0.6846480083091103
0.11599110279462241
2.952459766868248
-0.7529511416751428
-0.7221513429305395
-0.5078649891260663
-1.665367133051442
1.774174567811477
2.2274342360072876
-1.947703882070963
-1.8664728155636685
1.8753238218473327
-0.9864115412824002
-0.09094154004063637
-0.3847062113876062
-1.0108306747328797
2.5942808074181696
-0.6207840956311647
-0.4846200722023597
1.2889483068480436
0.1669196718596675
-0.6268718464305049
-1.0748601114726812
3.129846757333193
-1.8982713071411077
-2.682403043442111
2.641429713789498
0.9887681611207695
-0.4605893379972952
-0.8872192923106617
-0.6649788033727639
1.0152662195217041
1.5439648723619361
0.3545818512101566
-1.8159431891613274
-1.2217918343962229
-0.17854116919559626
-0.7327508020361633
1.6038039273668532
-0.43599449339918317
-1.7655067305045993
-0.17574263409681146
0.3824907595818382
2.441705835883822
-0.2658968317078919
-2.7329030831884067
0.9308184087366589
0.5797345023550431
0.40315079165279877
1.4942113867412319
-0.5358209507885134
-0.4452072339403719
-0.5458029939312811
0.7465519837728003
0.1701705386321209
1.2431201813610615
-0.10228693602525407
-2.022775971974001
-0.5123261387879128
-0.3655583480184633
2.446211019478712
1.4495901986754722
-1.163522722943339
-1.0664709655053308
-1.1386582101660712
-0.9104997716350587
0.7410491578562306
0.2646648256847538
0.6120225312062361
-0.4054392417302394
-0.8924154579638728
-0.4306493229998596
1.3911170582691694
0.5039251561076468
-3.969039691187623
2.039107859387887
4.629960177555203
-1.7317140000526174
-1.5351739545840557
-1.0244010270114123
1.5986262375524205
2.4064336531324653
-2.097352080444603
-2.3966629450069306
0.23090432406850192
0.1622315527755569
-2.018923517821638
1.420525605804256
0.8547565421558452
0.5052542896237793
-1.2907689784612093
-0.021863256902989403
0.052496584581392725
0.5712914292320282
1.3360808093343255
-0.9103811517476235
0.7470336227220365
-1.0282916222864817
1.0561247808069183
1.711890798219612
-3.0581634461120295
0.16278417871213946
3.122413397728589
-0.5191355979860504
-1.3045453322156486
-1.1601151892248711
0.7500592231762366
0.8377773553988566
0.3581786308365336
-0.9521169794653346
-1.2369875774223256
-0.7521779801247682
0.3653796496968942
1.0407380246155145
-0.17328871524016143
0.13245045049751966
1.102295221483558
1.3592612041361074
-0.9333405280362388
-0.9599870515190583
-0.7107656072179864
-0.8309988399084514
3.3855597590226596
-0.09283933844214476
-4.169605598303088
0.7888970241072616
2.5101332487138963
-0.1934817176768399
-0.6440254070600686
0.23943926920494865
-2.4340111962370123
-0.12705103148397634
2.097120549591531
0.8002769085363126
0.32775989828980967
-1.1179425407568513
-0.12142046428178667
0.15456009419581127
0.10191915538516094
0.594225572974453
-0.45445127956580944
0.4233263834019103
-1.862128074697158
-3.263599514188886
1.715130845959899
2.063855605566613
0.30088301132486495
-2.07803201450516
0.6032260800147412
3.406741245831474
0.10817363091518867
-0.9980417064078915
-0.6079455812620164
0.2889575080155536
-0.04629511509263948
1.6673561827399146
-1.1346929065360443
-2.2135025946894777
2.8842337291380264
2.1019797320991227
-1.7477576496869927
-2.2432588182435254
-1.3142683869315404
-0.22035537661118787
1.1431966806398255
1.3812038833306115
1.6166639748118854
-0.9578645861744222
-1.4480360281871074
0.579469306667162
0.08242251068027823
-0.9178372288417216
1.668849327013576
0.21595956527150456
-0.7123062227244
-0.6873943192708132
-3.1044629231957153
0.4387167980952936
3.45154527717916
-0.11302320488642947
0.25315362470119274
-0.6068049921863113
-0.6871837032815239
1.490227234413923
-1.7522457641976952
0.37784102018992916
2.1841510719192447
-2.200879898879543
-1.8021080868438957
0.9257966632383443
0.4650642295196219
1.2623863075562056
-0.12903843122691827
-0.10063330707868318
2.093355871374073
-0.5881202543423926
0.002064588716664595
0.7362504988556988
-0.9919498257282711
-2.350807062374373
0.1276918932025689
4.219950131225747
-1.3068665215666082
-0.8423459647901574
0.2730261564143083
-1.4757815252038222
1.2575917008177062
-0.5718865405945652
-2.05066584306702
0.701927367923391
1.884257297967303
-0.7455646915569578
-0.09922136020298955
1.2502230109400059
0.29556625623495636
0.2658747636029666
-0.6283970587173187
0.13121663945519546
-1.4110701552332978
-1.6053020642802385
1.8009370687101771
1.4796591498741445
-1.0653589847395133
-2.8123076627337102
1.8334220670193329
1.241809381861209
-2.3885321818040324
1.7942409398092627
1.4516358756570127
-1.1850056778033065
-2.513551694407012
-0.5148138861669135
1.6351402320547002
-0.472399924462044
-0.6063271408505194
1.8962186930949467
-0.22529433957639755
-1.4414659891878514
0.7342118843780898
1.713334197712422
0.0019996419698820045
-1.6380044577807489
0.11896436648033815
-0.7009848996466573
-0.4184984982378745
-1.1786279597084417
-0.8956317702812279
3.06720860870379
0.3207650972937428
0.10879718626524226
1.8205011645427327
-0.9217921823818582
-1.32083563164765
-0.43370810300099255
0.464406367647363
0.1091357664304225
-0.15725225638604495
0.1739682213509203
0.2754027075654054
1.1574737787265388
0.2202743197103359
-1.6868462232160164
0.8967834313353434
0.7582591068467066
-0.8563682839397596
0.10719616262588035
-1.006735102285246
-1.6986243809132542
0.5491131081091238
-0.9602824169593713
-0.6812121099287844
1.9709840530883338
1.692689128990041
-1.9746534966479072
-1.730686967687869
2.5108529491080582
0.46271341119489917
-0.318136639887165
-0.586389622956643
0.8070272641695639
1.5079199311795621
-0.10655798365140579
-1.1617632965185367
0.8339918457362557
0.9299717840278331
0.0010990932577616963
-0.9571206306083525
-2.517164130452167
1.9815152826393465
0.3164209430971704
-2.5113089480872723
1.1071215297261763
1.7816450053066448
-0.8838654165226872
0.5602392523487225
-0.2754986506144913
-2.7079208047591488
0.35157939648262315
1.72219706685966
-0.306975515855065
-0.3885219079141515
0.722848500477385
1.2674073641754213
0.7267794460455058
-1.0711154652270185
-0.5377326136153247
-0.03684438675441587
0.14433955418117927
0.7582926109373975
-0.4965412838982381
-0.36629752019652995
0.9414133754435722
1.7515484643567927
-2.1284659723460337
-4.187818392378022
0.7278308592508129
0.36554285098124484
0.3157016117257324
1.383198702858808
-0.3326552878287474
2.006931461399337
0.7292536285858059
-1.4749254761893296
-0.6359260683344017
-1.3993607205392693
0.4628240218740672
0.29106351623520177
-0.6162273681285413
1.3130977326162587
0.6775634392758676
0.1822377491242948
0.0961668683180053
0.0783327345552316
-0.3255770325545999
0.38682133446451517
1.973203545829688
-1.646825144074612
-4.234266506099166
1.8807777686818135
2.2272895147013068
-1.325929625646075
1.4410665606592505
-0.14064076726495853
-0.6533157436527126
0.30550795815084203
-0.5995161065911019
0.07224530287788299
0.7201597793755343
-0.9069956225488397
-0.5584441288846796
1.5582989335875872
0.26436628588963623
-1.6315945037797661
-0.08868264477850674
1.413737648032559
-2.159571547869114
-0.026268379345807003
2.7236729600854375
-0.7605934894363222
-0.5477352267594227
0.9389769886890175
-0.9441874586985747
0.6219342417250286
0.47163002039393787
-1.2464980010427889
1.8688363645986414
0.8396549756434963
-1.1961104389952086
-1.8433711824659134
-2.7341850577489506
1.1294178657780338
2.3357831299031453
0.743414022550313
-0.20988881394172562
-0.8524252148329827
0.48987079867347727
0.64876065507371
0.5620822906916482
-1.4916101317056647
-2.5408230259219713
0.13223317066221052
1.7027613747185144
1.5829512776256496
-2.0493448857306817
0.79960308558862
3.597758201894313
-2.5534037652817387
-0.10354450498944079
-1.5836571184534416
-2.1100466668268902
2.219497856953053
0.7497247344799238
2.7205594542812013
-1.1144109155517095
-3.9386259587460306
1.3032740258548055
2.2781883265004645
-0.6439615368895841
-3.5263779920638165
-0.6289174967620317
4.0408080341670205
1.5699703141290133
-1.8717123689713882
-1.042038946422356
1.9188248553697085
2.670131149551273
-1.1638133781396773
-0.35512597917014754
0.9597220691888105
-0.5506620746894197
-1.8312959364483579
-1.8988738913939236
0.7836315813730541
0.9711551486086532
-1.7581307302377316
1.2126002385986214
2.0184950996810516
-1.5736349618248868
-0.35983477243486084
0.7009626831552419
1.4855259778007661
-2.3517798038779305
-0.9929362707437905
1.4042325473055781
-1.084488706087949
-0.5231125810121535
1.2307943448693217
-0.38825568558435974
-0.280968138918739
1.0075048763345165
0.09680954323471941
0.4916107459612924
-0.3754131760906841
-0.5953971640888156
-0.45323809366502205
-0.8507118060860805
0.17453975583413253
0.271733163500002
-0.8342989206240781
1.271284262430669
0.12224816803989602
-0.41294885948821036
0.8528524926450431
-1.0245378224787336
0.6677203935168605
0.9692153170610454
-2.117603829057114
0.001107377757158523
-0.3558921188568769
0.25692973638675276
2.742535614584709
-0.12212174426720024
-0.6938318222069255
1.680504055024412
-0.9486243612823497
-1.260095706516609
1.375335841339454
-0.6282101550265645
0.2648360197737295
-1.0473848425079317
-0.2260275298915273
1.356006476064716
-0.11671671447663956
0.9725025073875798
-1.5803070183910646
1.0947033495487826
1.1698310229965239
-0.7812462208882418
-0.3469333297328811
-2.577236731142663
2.0392550565771255
0.7035906768202996
-1.584845091546172
2.4011403406492753
-1.8756580976927322
-1.8404190638252325
2.745647409150741
0.4588455787983642
-0.6792366371267131
-0.06282836280113291
-0.3707778192413732
-0.685681793738395
1.1791108421195087
-0.2530354248855742
1.469612647930462
1.1126696366967952
-4.85751335664682
-0.23754851377471264
1.694134392672968
-0.9319713278829885
0.4622537394023863
0.26976092819821834
-0.32510521517973134
2.8512300781941935
0.2192572198410115
-2.273437407989559
-1.6258146227119994
-1.0843208303570242
1.3449181102554952
1.0678002697354498
0.8614229674021463
0.2606421242719277
0.14068712742623735
-1.255896580552953
-2.120423626544634
0.20113571319064294
1.5866868197876833
-0.7508265491528961
-0.10082674264281029
1.4761017007733077
0.7101350654636003
0.7385495719893194
-1.6134302268185303
1.834832576763661
1.1365071181765718
-3.598633671441469
-1.324013528932884
0.8872766263985103
0.5221519696908332
0.5853952494262846
1.5733497104584884
0.13156973148048978
-1.0201169308235578
-0.7995781557818498
1.0957390152011115
2.325657189353851
-1.4490705825290011
-1.4149028056252315
-0.003345492041475384
-2.836174246817285
0.869285715053522
1.0173735907173413
0.15674610463407468
0.5302923277353853
-1.2453321719542183
1.2694467896934132
-0.8146024161656477
-0.6633251139173805
2.1818158363812845
-1.4513684550977046
-1.5402899887168857
2.1645370145768568
-0.43674762488372
-0.513378443262634
2.165700027356682
-0.461359896975338
-1.4066088090789943
-1.232504715595671
1.591010108229425
1.6018702728141192
-1.1302247168825776
-0.9089281895054169
-1.1519821616659303
-0.4058848443156008
0.06735901355723484
0.18373521933436943
0.6219757815567659
1.6439811701392606
0.7031081666042334
-0.5278619379074754
-0.25155011554469686
0.11816076370198997
-0.5650459382830118
-0.2630363759119276
1.3023857530432434
-1.7040527826741405
1.271139772910282
0.686940660890854
-1.9098315891863133
0.14230726361192303
-0.46906501137823514
0.09712901918067407
-0.5861230619114292
1.0051253499335056
2.111993434738098
-0.7884803153934279
-0.8014609084483172
0.3000009447116431
-1.2802335353518088
0.8957747352627665
0.3008431384536525
-1.3091534098342121
-0.08427751568337383
0.45627793100842323
1.4915741506465205
0.6538273585052925
-1.3797328973647371
-1.1420195390415264
-1.3506885192646019
0.9678530614015208
2.3297173113375442
0.5976268413891355
-1.5403998335870739
-2.034673190878409
1.1960418925266687
1.873613547383295
-0.9438747365005327
-3.34333469169276
0.7481620027244246
2.2810639777962796
-0.44875035779278905
0.21676283065785018
-0.9624814077011377
-1.155605708371822
0.982933289282964
0.7559195086521606
1.9178186281941794
2.5190643863286164
-1.1643742548780702
0.7299368745824153
0.046747461479569624
-2.363548043241127
-0.8936344786665487
-0.3491594523711935
1.2790883927700434
-0.3386765966519345
1.5002472232671922
0.7918855048082526
-1.133911953591325
-1.6129514443365585
-1.712744869179153
0.3338664775150444
-0.8820774872039481
-0.5925162085021072
-0.6740077318662197
1.3981312214640575
1.8832535381022295
-0.6747909067069786
1.214227197291962
0.8672101767089472
0.33460822532274204
-0.8546992111226824
-1.8404349775477438
-0.7004277729354349
1.1691296332262109
1.550771992126963
-0.2760407256495554
-0.9596993880156455
-0.5283492874619468
-0.5638423001423634
-0.33086240760062285
2.3291226555471445
0.7200436747191249
-1.177652267965935
-0.44717208316585166
-0.20130052381884264
-0.06401722291134787
2.0188400667637985
-0.12973267074429923
-0.005463303654570373
1.2916755491936465
-1.0153687990779505
-1.4445789368616182
-0.4619096554357962
0.14185366944708078
0.23019500776970753
-0.23558932317995496
1.0807766417157998
0.010367515022735807
-0.27797809026250686
1.743724639446456
-2.22890163237194
0.5674246275267988
1.5569440534297532
-1.709043757597547
0.26867528207561275
1.098651712347931
0.7692723993077833
-0.18904389657880516
-2.629538087226852
-1.135455291479225
0.7895142165864243
0.04548734613637606
-1.2718455491829546
-2.0644310509176664
0.43865775433930465
3.56081327041365
1.9365547082241727
-0.44916125107636307
-1.0220925358117878
-2.223341304325582
-0.006399243424405052
0.2898426527415743
1.1027268633635767
0.3154495302895556
-0.31351910517953585
-0.26449496125383554
-0.10176239335289072
0.6556021857125055
0.05799627215456826
1.8099925467814888
-0.27130980377227193
-1.4222103236937667
-1.142245302108928
0.3995444262735989
-0.8659342341602062
1.5773056809304409
1.5601647616573944
-1.3178895042759846
-0.3113658729955741
0.5792002203496474
-0.152883759013136
-0.13380501706497516
0.15562671623322372
0.12493777120307104
1.4159809095394853
-1.067251800450174
0.1373122503456532
1.2873380441996582
-1.5208161507229905
-1.6531598850450584
1.399019213325721
1.4462805122531879
-1.2565299736189763
-1.195950495749383
0.6401192244000897
0.08258599900370442
-0.546841344349766
-0.15748008210990236
0.556362117596706
0.6132960080526119
-1.9995479056374825
-0.8372914816685206
1.7789542107310614
-1.3809286083958734
-2.0776677521458438
1.5825983871324725
1.513623436764013
0.9579031355310825
1.444747211350752
-1.5588891968715943
-1.4127145102152847
1.0515229413714093
-0.12985822708634082
-0.2469267545946214
0.4879037324067919
-0.1863698658516614
0.7662591109910918
1.6031930937244336
0.4475390829308077
-0.40875578534987655
-1.8931493239770263
-1.5959281890276422
0.3238348636665435
0.24979950651652333
1.4540049597195388
1.3197523674871947
0.24088138443054374
-0.8196026588740404
-0.7232326420419811
1.0103713354700632
0.8279551088542988
-1.4911771431186849
-2.1104487106004117
-0.06906979540980479
-0.08399160058669353
1.022388807506658
0.10038801598469649
-0.2521450363408984
1.2271735303835891
-0.7955638690037957
-0.24640009324947398
0.39753105011664813
0.6738101739650899
-0.4622892785989172
0.8839757798727816
-0.4126082189625548
-2.485799314708697
1.3737462803192775
-0.10293429447548708
-0.6051817615119288
1.4348834953815532
-1.2476490777531537
1.1629784072090126
2.518461074121589
-1.1340772300961093
-1.2465012199588235
2.8986128810163043
1.4837914845335405
-1.9933875176134241
-2.9113803023073492
-3.4044600423930205
0.8011198054951116
0.9815443132299569
-1.1735918324625145
0.2714381712947998
2.6126178424956734
-1.2995043217034823
-0.8050018693310941
-0.22397858755496092
0.5562266349474964
1.2621305349213143
-1.2688171639129453
0.9415712457145671
-0.4299466799800985
0.3911985597606617
0.09411139361753018
1.82359127494818
1.293917664446486
-1.9595931199945316
-0.627816518056715
-0.884940081265032
0.9709291534071889
2.081062050606163
-3.133254774116612
-2.2349667592694122
2.8727615513003926
1.3734274457435898
1.5107603938089955
-3.1373365751848357
-2.0301883330379717
2.179209881648988
0.12586186561947801
1.7495854964377713
-0.15167194714942958
-1.9663080034538194
-0.2545956578759594
0.1747931197592808
0.15687614991616206
0.5361714671232336
0.5245038238163102
-0.9042155511540195
0.20924469599985113
1.2735108882837842
0.16489786717771848
-0.3989162141098774
0.36645934789579415
-1.084749353852123
-1.6061929242198163
0.2983239620730993
1.91261585895257
-1.4824338173532134
0.2065628003537825
1.0830904213201467
-0.7304277768248348
0.24446969104801453
-0.002860429601857062
0.3595911621073432
-0.5828993413940905
-0.21890864716692837
1.6817711603296337
0.014898201506432895
-0.7132957891894276
-0.9134314505395471
-0.9473998439295644
2.2141744688690217
-1.0188751169090526
-2.230456659757185
-0.03129057178031003
1.0514160077810917
1.557161651980238
0.05398605406346868
-2.011857926958318
-0.5244956183449864
1.5531428509112197
1.6199153012482856
-1.2012353077890165
-0.5774781332460769
2.8471258033434514
-1.4841922382178034
-3.566903976613009
1.205939560707948
1.4501822678998575
-0.06456788666420729
0.1261605867217755
1.3159874469999782
-1.129842214171159
-0.9498351889780374
2.2593273454869194
-1.022889511529167
-0.3303602612290719
1.034077003509709
-0.9329225898934266
-1.044335584186989
0.1635285394840369
0.8930565643998104
-1.160536167189189
0.14374011855146782
0.7927941749292101
-0.36667000905871605
-1.0829209110734928
1.6283760357203894
-0.27640288368587584
-2.264751796067233
2.487943160476979
2.1362940371749057
-0.07930537949028421
-1.9483438740848673
-0.3551252982390892
1.4763293201965464
-0.3177621029624559
1.481131924734338
0.8923034438452125
-4.257978429034826
0.3392718729180335
1.225063706548145
-1.155062981719259
1.8852461912037768
-1.9265844317057768
-0.7976306122868639
1.4182434092040186
1.1979366627282924
-0.04737779128293251
-3.1620656224988464
0.38746928313113865
1.935601514717575
1.9382632835423717
0.338947433915945
-1.3946999259105106
-0.5594849550109452
0.9926697644101057
-0.932292935242613
0.440820713606227
0.5435965606319164
-1.031355065728771
-2.029569116246141
-0.5829179245060407
2.1768152538203855
-0.8487748548296706
-0.5586708772233451
2.380480566931224
0.750366816583827
-1.1866010613905755
0.36728464497037316
-2.1328060579899693
-0.8827422531452183
2.4595794697727715
0.6372224982528636
-1.460943195803692
-2.0473072304967657
-0.5447302735441595
2.189530358726881
2.4029565994292708
0.44942435535682873
-1.7231776323551213
-0.8404038504158146
2.3727058792489135
-1.3015963493995428
-2.079388325836933
1.7897380692829166
1.606163178781647
-2.032671355774732
-0.32517320146148354
0.2556140835182561
0.27696850721562993
0.4894622865220246
-0.7059856542350412
-0.19861337947269186
-0.44779888236985044
-0.279472624446121
0.9282696235820213
1.6730086097667567
-2.294160773379337
-0.43224929751093644
1.0440326587185442
-0.12087237407664445
-1.1450811423457923
0.6096494771587624
-0.019106006984492607
-0.6396341677393416
-0.4756110277524701
-0.27283005805226723
0.5373884423850239
-1.9212499316216791
2.0506202839824947
2.514343224737113
-0.5828549032283771
-0.13012330021741203
-0.6964002888199723
0.7750975936582586
-0.37858167470155213
-1.1542586659325313
-0.18965604699684757
-0.1303590988601131
0.32683285998150713
0.47722966040058573
3.143599698498372
0.20963804511993034
-2.2821235474554453
0.8212649213177657
-1.0218615589701885
-2.3768972842552443
1.930076499991582
1.727807279121346
-0.9022831566548228
0.2181405910023524
1.252261201362724
-0.707687102892398
-3.0524595943818937
-0.5785973951901436
2.484331025963328
-0.040787448668926474
-0.8432507143161787
1.7319904944881557
1.3163340204070304
-0.8082046375674108
0.08374097788113621
0.2776937357272062
-1.4004028532056865
-2.039047299498039
0.5059022653008102
1.206760309950852
0.12020281260807392
-0.09629686488436029
-1.0011894539392572
0.13787586573940747
1.348658957886778
-0.4559045115466544
-1.0519227615892393
1.2720969665489672
1.4017338178598857
0.5752294382062094
-0.6100292359448428
-0.5098365113978106
-1.1581880440163188
-0.7847461197568615
1.6888267197984939
-0.10884935274420204
0.5223873577794746
-0.8195200622642187
-3.333277962179678
1.3803617028490225
2.2496061004229784
-1.340252002720645
-0.7722011283945484
1.219733099343323
-0.05630048169315002
-0.7109848838006599
1.8925607101751742
0.48618004382480207
-1.8060594944438337
-0.6407467941718273
-1.1079089762654237
0.7073084086065071
2.3904549832265145
-0.0017864864401635969
-2.5887279372343674
-1.48203031882608
1.6327902869816078
1.6757123000532073
-1.4318068474594903
-0.2807314172433386
1.9013499746402125
0.12142249067775236
-1.2245184728040135
0.7132097610117221
0.7318402926856287
-3.3400043121377525
2.2873656880050124
3.2019343147945394
-2.579352831453069
-1.0881220246659802
-0.6566142033185651
-0.33585880420239045
0.6114718932026735
0.2519309560944122
0.04307322361807228
0.59142694143429
1.4625445768296543
-0.880727282948103
-2.4858905402692457
0.2000058111170515
0.6462994124414103
-0.7608780451800773
0.5218809696222901
0.2938786610382431
-1.1770804412634623
0.47211700792331557
1.8484002939054984
1.1465955277957238
-1.7736089858273192
0.8843336183149805
0.2696287445153096
-0.06978023743774386
1.6245948345146322
-1.7004724292140028
0.5745368365036231
-0.05347110910254943
0.6522142029655713
1.2306593158313748
-1.1048409156083356
-0.21496893543591677
-0.5427580937971324
0.3174519137914872
-2.036435326967341
-0.9120396558901153
2.3140458514424584
1.103384140127341
-0.7185919318168009
-0.8968324283190787
0.6168355406562961
0.4210640415028035
-0.6890743714180124
-0.8481926408236802
0.6753232585542469
-0.006402405505619713
0.8883175124334444
-0.40104501624177613
-1.3733653043107994
1.8101259685001656
0.9505753364166186
-0.9682420890855209
-0.21248298374211283
1.0149379191217336
-1.5241898488700294
-1.655105417357119
0.30176892187431303
0.7879110581583846
-0.7619875841765544
1.7578974669003844
0.5057772462727173
-1.4968270641240908
-0.04934595506149697
-0.9099832606311937
0.5069232674779446
-1.4247495814805615
0.8449549376272231
2.667038590665746
1.1521414698706252
-0.7133376364091185
-1.851627829378845
-0.6544086311240307
1.0907984537759954
0.31885089124972454
0.19564514914212783
-1.6092404698774903
0.1434316462076486
1.8379189340091155
0.9033829913762006
-0.8278049427669294
-1.7371353548423474
-0.2959058846930447
-1.2114061714147537
2.096096555325723
0.6605334641542512
-2.7052770917072557
1.7341186800884525
1.3375435705369927
-0.5623736716490462
-0.004965946633339713
-0.9773225880150662
1.6877296419511276
-1.955243673117894
-1.2319356230548164
2.029618694025816
-0.6861304662472353
0.32640280575616504
-0.8744229380620666
0.43500705280409613
2.6433877040509257
-1.7697436328561442
-1.8042722840574918
1.446458081043414
-0.07618008313079616
-1.4713047328864584
0.14734629218097162
-1.3504677791242305
0.2673611894937973
1.742351107633208
-0.6453985009596924
0.3072295365216258
2.0892029474075615
0.36550882282840186
-2.3478172728616062
-0.005413122459589581
0.7378067773240422
0.18335953475188738
-0.12432063778253516
-1.025812107655904
-0.11800537208540018
0.6708301824213194
-1.7949414231227514
0.20568975899015057
1.5871221810849225
0.7227858985302302
-1.807470458345433
-3.5205588955417593
3.0962910689023726
1.3157108767221697
-0.6519168091994696
0.9710935118795021
-1.0198897983746
-1.5232581923086106
2.6886270164909774
3.3832853678498696
-1.9195492113452581
-2.1161908729683727
-0.491388845539098
1.099282606625167
-0.30320988345557087
-1.2691165823817854
1.2446006110025254
1.3849454419231506
-0.6083005501832669
-0.8688684877339892
2.1395769754795837
-0.8563347509143071
-1.6305950969437368
-0.35169067599547466
0.0700731550515989
-0.2921401314357779
0.6975327408428224
0.7010642312144315
0.12461620813407248
1.7100525093009082
-1.6693505743824626
0.033150380390507994
0.41054945568987433
-1.233536380216405
0.4119723542041043
-0.43787795387913475
0.2333005953722441
-0.7218739146894656
0.06165187574886699
1.293434667098376
-0.9765527001129372
-0.2752028321126656
-0.7482026190688603
-0.3884576350773076
1.4672355032802904
-0.01424514834369961
0.26554101084301485
1.4934687993794822
-0.06447112288719722
-0.9518354924650745
-0.7141269087054649
-0.17080041306113913
-0.701515234472449
0.8898070898473345
1.439864444395066
0.32423994000924466
-0.25934077312372883
-1.2598734982049633
-1.7086313516338953
0.35001913289379066
1.8101237216099373
-1.3840449424233512
0.8284202802726075
3.3423661073428583
-0.7103751566390767
-2.7198401403767765
-1.7889823247498806
1.797388376261917
1.7534345747840627
-0.03152489291713689
1.3132151444491895
-3.095909350377515
-2.262210675204544
2.8829071414029377
0.08427172091304791
-0.9800002811919319
2.92952657557199
1.4393999519652598
-0.39942481034458277
-0.31621992292061607
-3.1963543544674065
-3.6203375466350147
4.169822649141939
2.602989987489485
-3.009299178503001
3.3785276076238726
-1.0972990354607821
-4.1315587412291945
1.5308216372468986
1.4714018908093172
-1.1270085263649157
-0.4623289730208847
-0.5750325194342054
0.6437547229946086
1.0961857114136282
-1.7404215366676068
0.5120774025225201
3.424772505559349
-0.3434016410936332
0.08141546686373236
1.457497525411859
-2.9806346978338913
-0.2808519280345403
1.871480712220107
-0.3536703610218359
-1.398906865406678
-0.6986793576124615
-0.30145146796657385
0.04060318261645149
0.557872142422493
0.8512395613744441
1.019739373810549
-0.2516414322539839
-1.5830782359544484
-2.2578588278121257
3.156621386588394
3.3857117853952037
-2.2831767136560193
-1.9057013366639186
-0.3348988094783987
0.05146778298598237
0.02287563582828534
-0.8730273274224307
-0.060899236311723164
0.646134694463959
1.11512785827865
0.06798000208537519
-1.6702693324521103
0.9301778343443513
1.4698890129929634
0.7254815799036749
-0.8357858403618886
-1.0798291653408785
-0.729128308203774
-1.914134715012909
0.9375795476700465
2.572185940936108
-1.4068404204285372
-0.5142396765648367
2.4494701076761753
1.3600407286317036
-0.3085892152159868
0.3215734489334321
-0.004581577311767893
-1.6124135101707886
-1.9668892148319375
-0.8111602543648656
1.4604688936385637
0.5321963307906856
-2.0876520122082423
0.8072033268975832
-0.3280027066005491
-1.8135913482520167
1.0729582502804114
-1.593910120793413
1.0721748822491322
4.277515747318196
1.3772059894692066
-1.0133853063619256
-2.2827800784704717
-0.7691561806832476
1.8959627707862006
1.031763526029307
-0.4966396016999265
-2.2642882850716397
-0.4810457208267004
2.2120988079141677
0.7581536030453766
-1.3780446817978838
-0.6206389137444546
1.8290794788789102
-0.03246869653439127
-1.6725228448436964
-1.7116978591238443
1.1261566340908191
3.0665395405899236
-1.5618958026780465
-3.304249199542374
0.5379047704428658
1.058184685958461
-1.8287262274885543
0.006814678985426537
1.8354030412815194
1.0528862344731658
-0.07477538375221818
0.12507585740855842
1.1898725525979217
0.04231779212229081
-0.11943643785194036
-0.90365570061877
0.8866028477449097
1.1540183415730485
-3.2315010096311743
0.5762613182906068
2.6691440361114784
-1.2284273160859165
-0.32670867195910647
-0.47645868910600786
1.5266480685140795
0.40962437616068426
-3.622808379114291
-0.2075018328663371
0.7256492657950665
2.2395171103308953
-0.006263452631506294
-2.7254756471886474
1.2944135923702185
1.5385829401989033
-1.3011228158857513
-0.04095472315094084
-0.275764868714516
-1.7568946431638692
-1.30826087111484
3.1050967281015796
1.1435039098173785
-1.7203592232378515
0.8457627004257608
-0.5508018081493521
0.154348908892005
-1.244210401959186
3.304795034864787
1.172293138533568
-2.1134661278302582
0.09294717231905389
-1.69648942489509
-0.9655684805471205
-1.404164820456895
1.2832209641453753
2.958403022840427
0.24717381161668572
-2.939779838240028
-1.301484585140936
2.807668798529063
0.163691507494915
-0.9521374329903596
1.1586234143563807
1.39065519040417
-0.08794783171024645
-1.7906798095487537
0.5064104673458495
1.2359437317666722
-0.061451464186756066
-0.45066387279212294
-0.11100696076042016
0.5029960656883182
-0.6715628699732246
-1.6886575926773244
1.4744762171722678
2.4217204419550757
-2.141043221587804
-1.076908659565571
-3.2557979841920206
-1.2113167414688393
3.061428752341264
0.17022786776230037
-0.2228648473842605
-0.1579279211582153
-1.1871020167426714
-0.207053178576168
2.426837085062148
0.10992237746871036
-2.2521156913756957
0.9613079572372235
1.355858565729724
-0.6430616322112624
1.3251563550639822
0.4607131917959848
0.09748886624850028
1.4054675143431683
-1.5165489128624954
-0.7367039352889544
2.327662235980161
-0.2925407223403877
-0.6740121353787343
0.0042957860320327335
-1.1625956818539729
0.19588461672732077
0.6445995678520193
0.4425843215568387
-0.6256824134431678
0.2519418516697558
-1.012591953018634
-1.3616245515758751
2.1219603457359604
1.1522911606988948
-1.3652620508110416
-1.516518041623775
1.2749839740387559
-0.9473353188264613
-0.7601523581049073
2.1039587620952176
0.026251589219242033
-1.9115941843735114
-0.4937050298422466
1.489098273366681
0.5789002746852837
0.1278065911327031
0.09337940951803358
-0.019671898840116386
-0.798170307478395
-0.49660219596984856
0.3996283192218109
-0.4755145618378002
0.6867361324213581
-0.41993828957241397
-0.2234016296484005
1.933777624394282
-0.9953822713417384
-2.433679175713302
1.7798565993001756
0.27346005874928814
-1.5696101999177001
0.4561949104490466
0.28979561356038697
1.7811921836554991
0.43316714446449306
-1.3132588786659611
0.03218787470581941
-0.9017774468163495
0.30106673123916927
0.5196538443512505
-0.11850669235673239
0.9334715364658592
-0.8008446811717476
-2.6574154458520383
-0.5371143510341823
2.7534776700428667
0.6849289166367192
-0.09701661356483837
-0.7410609983632941
0.7838350820830604
2.303029003757195
-2.1983639833943087
-1.773273720221303
2.937169307834859
0.39317184551924217
-3.9190265386947347
0.6708565612089552
2.256715995324898
-0.77065641642908
-0.6042724249153917
0.5048414753218506
1.2522095897823193
-1.2174653631940175
-0.7154045205015004
0.40219784318999946
-0.6256179698679057
0.7305880221378792
-0.6037979958711333
1.6812641986122365
1.261357352933729
-1.8184855852354107
0.16005167174304202
-0.2809333687539837
-2.7881578884945473
-0.09174156247321713
1.3158466907730586
1.4813978787194153
0.28676131842524877
-2.076112727061975
0.9174572822479345
1.6725499779866202
-1.7555933380833477
-0.5702109352046378
2.8652094304936684
-2.287521544484479
-0.29589056999231833
2.917443445068355
-0.040608105289450136
-0.7668705582807063
-0.3615091125599163
1.0460190209736127
0.019160929630882173
-1.7175973977383066
0.5080164024632002
0.2735288726053503
0.5062602956438564
-0.6286025528065828
-1.9103322009481376
0.12404285252207015
1.4961436336947154
0.5938514044230037
-1.7939641198510963
-0.027611459409344695
2.746786702199815
0.5834576617475289
-2.061507078440332
-0.42500678477242104
-0.24210644585936508
-0.9521847496498564
-0.4784937316733263
0.15171765336949217
1.5575885303390509
0.7607977943674031
-1.2535189084709022
0.4917872908015479
-0.2662970227857093
-0.361092577940718
0.5424796453605383
0.045575846521273555
-0.15801362427648974
0.26825061800400624
1.185426713667808
-0.38768554158784974
-0.33162046167184744
0.5316412676879007
-0.472962429864516
-0.6895277685683721
0.08870878843228719
-0.42267302373740684
0.6710912127251082
0.4047511629186626
1.051912527727819
0.5708437974269776
-2.877782564450957
-0.9368638864434964
1.3711909928691026
-1.1098612389689806
0.6429434751119476
0.08528111131152794
0.5990035372210187
2.244574500290785
-1.9737719105821745
-0.6117128053455732
0.28860374672520184
-0.37420251705056407
0.6423078177200436
0.43438478066269764
0.24744344250640654
-0.3954331796337477
-1.3712211006826263
1.2878877031300655
2.333667262978402
-2.791880884229319
-2.7084195178959285
0.9168999483265011
-0.022666901494755143
0.3337537516541046
0.01608185809778928
0.6279323956158238
2.710871602091525
0.6126748016632678
-1.2567259451339625
-2.5716059434049874
-0.702756194768065
4.141401423587578
-1.3398933354975804
-2.080643890654348
1.3895827264120886
0.19238224536085197
-1.7244412638691065
-0.3194879697334388
2.8693561632724993
0.9716270490552936
-2.4198921898429653
-2.818275640197254
0.49385732423932394
2.1195960112082135
0.8055763280343731
-2.4648633514498757
-0.11600826491091201
1.0808601189829148
0.2809926573470038
-1.2030627002995857
-0.5039981158882282
4.2321398475235394
1.7148156006958093
-2.596305934602597
-0.7424383840282658
0.36465941025637477
0.7473062736844949
-1.0286480956884407
-0.8554223483492145
0.8016743417538736
-1.0984359390662883
0.6152650883291022
0.3144609752803553
-1.5068397484730403
0.0985359977213004
1.9694481712107188
0.0004393404176209481
-0.5780693876361886
-0.19546207399228166
-0.7304790131035926
-0.04138308083771591
0.15539863184314567
-0.8114321097885976
1.765539003126519
0.6575419767663151
-0.3876303656919189
0.6273839793209258
-0.0353343792197478
-0.23090032972673674
-0.2977273847417441
-0.2462292026408946
-0.7951621557492743
1.5949916573769418
0.8187075448321367
-0.9790416379864642
-0.30167968099948567
0.5420304423490502
0.9717770992530315
0.9678229024734858
-1.6144469867362445
-3.3009532296007307
0.19529613765176962
0.7264276683360824
-0.026866870255328107
2.058256247104601
0.23749539271886902
0.21291764730611273
-0.5983775316995955
-1.3017823630764376
1.4022804040136672
-0.2670140677372097
0.4282045214292558
-1.081353158550399
-1.267519346510706
-0.2273956234695813
-0.17245557441126536
-0.40127922148472894
0.694365923154314
1.9795106369664872
-2.1169506863440333
-0.008093214053059405
1.2925736766759774
-1.1127292165100375
0.8070562516377743
1.0271336605808252
-0.8323240662103695
-0.7353530317455002
-0.8340131622235116
0.8919384008754071
2.426329902270436
-0.8810734026899317
-0.24931569819626143
3.1586357796320437
-1.3997604100250376
-1.8597454122742507
-0.5794931447493157
-0.1257074161471171
-0.7779566373247699
-0.3795739650783072
2.2716398026644518
-0.8462674220108505
-0.36957379813074825
1.570230347937758
0.1171790689374852
-1.6504797291776165
-1.1383927359585446
2.2863350640222895
-1.0330494573671678
-0.7760783420608655
2.1516551964225767
-0.40798727275579694
-0.04298667000657708
0.1834492622333616
-0.8066661757893232
-0.8308327357752188
1.3893241711905282
1.752386174381685
-1.450886302896285
0.988547223034707
-0.5084706341250397
-0.9490993876245952
0.5122796968008901
-0.42932130967734505
0.4589570930081512
-1.5912750080040232
0.5859506224328088
-0.9805993466292449
-1.8840577365017466
0.8299416620979548
1.2866764117695368
1.0085064731094968
-0.6393086116320695
-1.1082704505319028
0.34948634253141797
2.0504303157725072
0.36456210811352274
-2.852323256768588
0.16686359349146312
0.9040182755626486
1.496192415577972
1.154096080167703
-2.8127702709417832
-0.024052279964665385
1.3250382862587384
0.6578905977057237
-0.28891054017837525
-0.7107108554969127
1.2058884698360042
-0.7903309956563226
-2.501470872370611
1.3876702920957706
2.530811685709409
-0.26769444756084015
-3.262088569442569
-1.093956598930999
1.822965321472894
1.2728184810304382
2.050481050781146
-0.7149404336858827
-2.0365356722132724
-0.462283653961307
-0.14497524652412752
-0.02541903118286315
0.4441345980414466
0.9983347036732592
-0.6399592671747755
0.539317228034558
1.3491228571356086
-0.710806950111674
0.19730100946936113
-1.3101705081826631
0.7125207391701783
1.2817327024821799
-2.125197301269602
1.4670116985048383
3.0414352185496867
-2.854285450561786
-1.7354153616351011
1.6936956147484006
-2.204886291568901
-1.6341723911792174
0.3698182681073192
1.675814464125006
1.434608047190733
-0.929240318636698
-0.2248095477772718
1.8135875150497451
-2.5133139089965146
-1.5656116815362304
2.329539594008452
1.1856553773401612
0.28125291376416306
0.9306098090090842
2.6049909779237908
-2.422958106586271
-2.3587941034118725
1.3008949979352544
-1.3559116754777174
-0.8921253431948367
0.256935075483644
-0.5818603508823814
0.5611044506859898
-0.3450290853929212
-0.9782540709737475
0.11121519796481161
2.3421258361365513
1.829548127194564
-3.674786986027202
-0.12352918736555529
2.608719167133784
-1.4424744724982772
0.5779722416546946
-1.2707328843708048
-1.5372166637114244
1.5078395559440767
0.6960151518259823
1.5473061937309742
-0.2391871782955508
-0.31745789142013847
-0.4058539775882679
-1.06577023519675
0.6018817277462116
-0.4942975955882243
-0.7020977192072406
0.07114301292430947
2.4999410329950864
-0.016388284624471505
-2.7318437854260162
1.7624692926116334
1.1101224968826167
-0.8884310711153621
0.23063320832736522
-1.2752810917767547
-1.2512245078938924
0.932626316803938
0.5120405575523375
-0.08963349377616356
-0.38142448420932157
-1.8572068959924448
1.9458076266489845
4.026939639677185
-0.4613990107593864
-2.481887926200021
0.9654793709453169
0.8296523734999428
-3.1304895632798857
-1.013537862776476
2.5950884175388493
0.9220462718268843
-1.9486414712323157
1.7405381553087576
1.2213899663083094
-2.4775027522691158
0.9957189508508374
-0.14877786760125772
0.00010111088621700404
1.777353625348237
-2.4019138303977936
-0.289791691620359
1.026364705174003
-0.6545208642739156
0.939029179268081
1.6711628582472224
-0.10169066791626469
-1.063978117090211
-1.1648043053463062
-1.5106939204912009
-0.7418787086920895
0.28219274117751714
0.908898627046029
0.24281219546087388
2.189504728626948
-0.30714781107623623
-3.097898250965699
1.8815211052241163
0.11303300927266413
-0.3304901844113852
1.9701652971985841
-0.7628532569540736
-1.002929913263725
1.7532282041735914
0.09908603405896316
-4.196782327757367
-1.3033360245552625
2.7269317146226344
-0.6542941928778363
-0.6413615352970696
-0.28925248439923346
-2.264349525482779
3.586293083732687
1.5580003884117477
-0.30639213414206967
0.8342854647348958
-1.3520352345870796
-1.7768289158702715
1.3468870782596505
3.012288494694848
-0.33704140997755916
-0.4409209540825165
-1.6020579917085112
-0.8402559733105152
-1.2842536796065813
0.7912820150345623
0.9878215429204569
-0.7177321628143281
0.1692092378841198
0.4102312823988724
2.395298157870759
0.5773533819759904
-0.787881077516792
-1.830915271344037
0.11358428794468411
0.917298862424875
-1.0080520791581484
0.09333742728128608
0.8266390346172394
-1.6327774073814856
-1.284605817741585
1.5381141527386093
2.5948859366190424
2.0756148483885135
-4.253209835407159
-3.8987094239751423
1.9200780989335182
4.568600663246667
0.4065492142613237
-1.5110863440484579
-0.13970919724571565
-1.632314932574029
0.7374345307454343
0.6190499572034645
0.582897287351329
-0.9691883554217917
-0.6538402785999825
1.2517632565938883
-2.2013123916730466
-0.4853483644242553
1.9588368299534653
-0.6819525412209385
0.9588044195364488
-0.027202266930798857
-1.092798789715336
1.2008401632545411
-0.14662487853568765
-0.6380718779747265
-1.440394091295778
-0.9982658783163085
2.2963343835323
0.46433660861122805
-1.0642081991364547
-0.9425534492721408
-1.1639499101943516
1.092207187477435
1.0379547930259077
0.9259546202264407
-0.9211806180883068
0.7716042824514724
0.14119351399729552
-1.0441248693175869
-0.7739377858053424
1.2613768452255936
2.297064157658442
-2.5225744598250195
-2.518932686058932
1.3381174899685073
1.30410327812188
-0.6884921020309216
-0.3954232442514334
0.26986330674991466
0.6797771548478302
-1.0350968783866552
1.0816632028868802
-1.1206284789039584
-1.0187576481065963
2.117087126653624
1.4120771431751562
0.22588819390574805
0.09203600805848233
-0.7263438224953236
-0.46812487257762203
1.5184225007626684
1.3881313103013286
-1.30595996161217
-3.048671786895473
0.3856689258308381
0.964280530480326
-1.0982343750369727
-0.31419703035420044
-0.8470416307968109
1.4274671021608991
2.076283088805089
-0.587551093324581
-1.0978054671715387
-2.245732369988979
2.1710180135912722
0.6761040049619795
-0.8799308097636553
-0.35253986007017746
-0.4460166108864943
1.4621791603006669
-0.14045113766597195
-1.926600142890419
-0.2378386951166849
1.542362140284641
-0.008310745824498922
-1.5511344193228385
-0.5582493599112344
1.5934767640090683
1.4905498444224092
-0.5939448806082531
-0.26291013105733646
1.0401273278332746
1.0447659716861888
-0.05112154749363507
-0.5254421010931943
-0.7113498915700222
-2.6191045383647666
2.286482141099434
1.8507916859244191
-1.686863027950246
0.17639622112988104
-1.113585589701587
-0.8125575975473585
2.630596013428946
0.5162509294478725
-3.597162121846876
1.8714460775297772
2.590224573912144
-2.6808389887168245
0.4554949285072035
1.3521657877178723
-0.12190995216034906
-0.6397482175298597
-1.6463778393783612
0.9239581730141284
1.6276958411830411
-0.12287743157489939
-2.265324368571694
-0.7766280144946724
0.6107501553095028
-1.0764863079172509
0.16530196877063774
1.226185186493987
0.9239161282059309
-0.4785878541637091
0.6476548153962145
1.9869349298859955
-0.9409080478373886
-1.2194155625471843
-1.0447646542726008
0.9728257528909549
0.575447227644649
-0.09322621607404002
0.007473737308297257
-1.104877210451194
2.280662720810515
-0.7028385325630243
-2.8068766512561982
1.7768358771233292
0.6071371075396
-1.1992021170434524
0.7969836788518092
-0.27422412719939926
-0.12374911481045175
0.9948704035598446
-1.4708688849717901
-0.9881865025141199
0.6751143630811257
0.5199437267068238
1.4326736446387085
-1.6145241978013336
-0.8271903211661964
3.373932832512482
0.7648391354156906
-0.3184037057875948
-0.9507506028371737
-2.2853142723397
1.1425864741744438
-0.19368474648992617
-1.1352042043550332
1.3503981397467022
-0.23685393667587495
-0.46454177595507695
0.3524231344246904
1.2549056441719146
0.7590044712630217
-1.523724052944559
2.8535862831368295
0.8799580938692542
-2.6179503550748664
-0.7740688418987107
-2.1811773495644333
-0.2898781852354212
2.023206190521064
-1.317953316144229
-1.1466732405535967
1.1666596059491208
-1.1114530579281467e-5
0.523345780422559
-1.0855518193874627
0.7218196447589111
-0.21143138403609574
-1.1992261489109302
1.2665762534253053
-0.801633317865238
0.9820650235882012
2.467600963134304
-1.3056710100357374
-0.5175200805425364
1.4050932840131383
-1.542105416006038
-1.9150007894202679
-0.1784134396842353
2.2102200878145144
0.9551856959339717
-1.460847591051617
0.24985446703499717
-0.8749746158212037
0.04097485173931078
1.612432483291504
-0.5429593842266662
0.22591686911962833
-0.259150650970323
0.6041156379006306
0.06825684990260483
-1.6466580070140413
0.9118743274167996
-0.21792396042208007
0.7169068045238578
1.333014344598822
-0.438575453296424
-0.47557434323778947
-1.5384898381612357
0.9990478820419252
1.6083991052052253
-1.1525303531751514
-1.4168003966971632
-0.09810340245906171
0.49752175607498256
-0.7561260127276779
-0.5109221548202287
-0.14770988726662637
0.48339113678133194
2.028347343185078
1.4911865159544728
-1.7732737387198299
-1.6059667995200193
-0.6359675384838034
1.816576564933243
0.4999462550622462
-1.5154411010839162
0.8832258598850783
-0.37765523891872155
-0.15711768459592657
0.7319702592832766
1.8036889210139808
-1.6782805446687306
-2.806750858960571
1.1716977503571948
-0.8504558075233144
-0.7582778020235839
3.6953478611193926
2.789724971223772
-2.2285839969306096
-0.8312743413374396
0.9192077191267163
-0.9174011557367546
-1.2784510866230232
-1.3348825770906243
-0.6085874849295816
1.567898957115163
1.4984129994089475
0.08568429030362232
0.550707470898728
-2.205933104779142
0.21957841159968783
2.0708834788078994
0.13677114747927033
-0.8457356703416552
-0.29406202134681936
1.3289426525239203
0.5963225761597954
-1.074835637951316
0.7687359292388904
1.2751056370640115
-2.4214135298838
-1.892092613893313
1.6082575977621456
0.5440067129642607
-1.2533804586587336
1.707070637817286
1.0197927438575376
-1.448689022911859
1.4001106517210282
0.7762293689543536
-2.205180111450323
-0.31295728433666226
0.8611938783125364
1.1037803211812514
-2.499286601873253
-2.284319993210403
-0.275740404124013
2.4231316584944826
2.1489978558637204
-1.1540192863473278
-0.4750575381148261
0.8752112772878715
0.24607848008337552
-0.01713071892994722
0.017384215897737074
-0.7791574876674662
-0.4631362934347934
-0.615406257536649
-0.06305873022685787
-0.023851827095458744
2.4065107896441034
-1.3048812832792525
-0.8440137965463783
1.5755097023122127
-0.12022889050066543
0.3333792213081643
-0.01710960377630344
-0.3853000724913856
-3.229392335335217
-0.34514574209460275
1.3741250382996344
0.37468506939403723
1.747205565195781
-0.4434998359450212
-1.3199335578530722
1.09178970933484
0.6662938149726277
-0.8342547505323231
-0.553765389451266
0.1457529346294319
0.6855648478818452
0.588589604783602
-2.083984264129545
-1.5360784596266268
3.84313456028389
0.7614768207217647
-2.3127275666628173
-0.6781662933144388
-1.2388352332421404
1.3163952428073866
0.03040115369849805
-0.8835567170877747
0.7733161015553055
-0.06529479270599498
1.1990512820086543
0.6277829384511271
-0.33940892037745896
2.505362520019186
-0.912697613098567
-2.6559302660716058
1.3739967477542687
-0.7571302504847538
-1.194546351811045
2.2911800032365646
2.3822740119048817
-0.8088217079772353
-2.247342515712819
-0.1134825954259211
0.2941110868080869
-2.047826374535603
1.4443266904213137
1.1813922863193165
-1.3801974865771591
0.6254271583309932
0.23930217339466683
1.1624145934129753
-0.7213756902687651
-2.5268317767676525
1.122822228028402
3.1101237103557717
-0.036596729015964446
0.012951748009566888
1.1485566436529009
-1.5911542711016455
-2.008049366991111
0.191733439893158
0.5794057119623028
1.199955249236917
0.0008532134457329144
-1.65075779555717
-0.006998969550861434
-1.3565451552118968
-1.2548851683380746
2.5179437972139995
1.174810227327341
-1.9272017791580756
-0.08094821761294974
-0.5179120527515719
-0.32022501270676945
0.056544306432474656
0.929833905767377
1.6994932599227626
0.08367017315657221
-0.15087283029501175
0.016558831185044864
-0.361068864299397
-1.8817652371528069
-1.348940014761968
1.1559116309857118
2.672332250688763
0.6750202208362497
-1.6425879157351544
0.39050799503011024
0.6614536298131501
-2.4965024284522865
0.2435768156488327
0.737800922867358
-1.1071308305111365
0.9153933235663965
1.4876541480457732
0.47452032003303307
-0.673770831918486
-0.1774803673295141
1.1154401032535506
-2.586447600507579
-2.07678510756847
2.1934813523869785
0.46223896192698116
-1.1221652257426042
-1.71416144440161
-0.22572050989493997
1.251112024446816
2.5305302635745632
-0.5833236661552257
-2.617998772162322
0.8018505202376238
1.3230568691156859
3.576845432664225
-0.09186848284855631
-4.031238656956739
-1.111991376369792
-0.16012889374559958
1.1582581448953346
0.27426447091076667
-0.4954959002844168
0.38682786768483757
0.1925491414169121
0.388275414257009
0.17004731657497452
0.49520148103813993
-0.20093745778377872
-2.5483038619010854
-1.3862736743453314
2.7207941947510705
0.8644037889123997
-0.22169165971294646
0.21529321252933908
-0.017695206879863368
1.0414557976816217
-0.6923283377408658
0.2390942629275351
-0.07223907388269976
-0.21894118934276874
-1.2190406140510206
-0.6306083109805696
1.3282991923370953
1.0024068482140933
-2.5008224972868485
-1.8245490381405158
3.0308502864081377
0.8184727943546638
0.5798748733274867
-1.9926118957714538
-0.45211744987583535
1.6765705710879042
-0.9798608258806967
-0.4118213165242962
0.6348512345598223
2.131906245214337
-0.35811418219648694
-1.7039593760750262
-2.4958348001326045
1.3552324647005374
4.323560468674082
-1.403823745525902
-1.000770764029888
0.7394742206848914
-1.43828018605666
-1.5886839029429043
1.4887666709220593
-0.04879613458751342
0.12474083719736251
0.7924679737304126
-0.42917608136193536
2.246456306075486
-0.6274607083587458
-1.8503005462488806
-0.20358392783928103
0.45564466066717857
0.11213871849683726
-1.0468015365402
-0.42693176794349186
2.2141318103293885
-1.048789177602252
-2.214725086447792
0.9413705857919694
0.2778406060684752
1.695999462199636
1.8026476477386237
-0.7560690610325315
-2.945348719948297
0.7393936373380302
2.4212396145228388
-0.472589862760058
-0.20286505743908512
-0.26197422346056876
0.8755294672506817
1.359888225556569
-3.1460294676876353
0.2085840451080201
3.6314919793274347
-1.193847818693615
-2.018584014020133
-1.7645574450084411
-0.135796079548867
1.0222271601507127
1.0088977788415139
1.2974006685547508
-0.3474107376899502
0.5464007033565761
-1.5041951722512297
-4.117025546827126
-0.9955613324800812
2.3884120342392947
2.0939816909232847
-0.22003865468814726
-0.349290310564378
0.46130445596089337
0.3833779563868848
0.3322118422095215
0.32215269813304914
-1.1356267712855628
-1.0929676336527712
0.14649290701958229
0.241680442996835
0.5013517570346065
-0.8178222625218996
-1.3659982652025684
2.936097282846048
1.1071006589962689
-0.8430052784852148
-0.4112825200933639
0.1722632478917231
-0.17176069241972225
-0.8280791295514203
1.7589938253012525
-2.348346136901248
-1.8637003966493264
2.232673689738121
0.2722873812758213
-0.7219639639273097
-0.9906155998326523
1.9041312099721805
1.341805778216037
-1.5309811224032859
0.663548907680358
0.20234801953598036
0.8043623152428938
-0.1404792133144805
-1.6842030873788605
0.19480310025472808
1.7706045564074735
0.46375551181003116
-0.11573752701538731
-1.2258408759456518
0.018151884358661885
1.344417147747359
-0.809322047032115
-2.772659813923095
-0.13044653073296872
2.6025622032066145
-0.8079448773702735
-1.2809167089433986
1.2775350505465501
1.776442816781124
-1.3688719614124518
-1.8606691624504528
2.1406378561626775
0.695546309711949
-0.7593583427176724
0.4746662288600863
-1.374588941001573
-3.2223994332205534
0.2056318277326461
2.4081091863991957
1.6741796317793345
-0.45172419923437024
-0.03878132711732074
-0.08955637131753225
-0.13547393180806389
0.5104587066441764
-0.8844839826871861
-2.4321917356782343
-1.252959910608387
2.471400983368833
1.0098152915291432
2.1017138216166824
-0.8577240156850753
-2.4183973644783787
-0.31121516221933354
0.8946364844771526
1.5607656003304757
0.29710695037013757
-0.051320284961683726
-1.7445326949127398
-2.454387496772778
1.0081180671091865
2.6399391762317976
2.4356357220900144
1.400198872473126
-0.6631409989478747
-1.1082672612880275
0.7719592300800335
-3.2653777454676214
-1.9969159074821374
2.824253275855028
-0.5938817105915262
0.08832387556927404
0.2156508436570732
0.20689482336723164
1.217381425386331
-0.5870333363771693
-0.5538377156734497
-1.0971050289202764
0.5500651427100606
-0.05921965122805628
0.43985225703610864
2.0456120605855164
-0.35081073274303043
0.3721560512689732
0.2066061490797243
-0.8215310638103813
-0.33256384412608686
-0.7429660006439083
-2.1122345970663012
-0.6896713662778913
1.0521121301421694
1.3502172257193306
1.450058500734681
-0.4018556911103044
-3.1111985248147898
0.6930930033316107
0.6880289813126703
-0.8941814631116578
1.4854722215144494
-0.16590280511993988
-2.1646588061731795
-0.223610989486475
0.984830963372945
-0.16455990626412398
1.6450634352798938
0.4110645539877244
0.3887426351795096
0.1540442013603882
-0.7020362802845419
0.5720701399281868
-1.2722867605077608
-2.261678990729521
-0.2951413140531369
2.3738983681531804
0.8660090070464194
-0.05376881064895811
0.046907662934222605
-0.5120515478904202
0.7507939344953635
1.1900225227673484
0.48131465223186454
-1.371903935954848
-2.608927294356262
-1.129673917304585
-0.25171901109496253
0.922404972027396
0.10136881283220878
1.5658464849937959
1.5985865699280222
-1.911926781508975
-1.7879437278770027
1.1187045417328334
2.1091844324531115
0.5170607066732938
-0.861401425344095
0.06110064323193609
0.9936729463262968
1.0496878854250358
-0.16340448515673187
0.4785889730753048
0.22496764031245828
-2.189575311817207
0.060424341931767156
-0.40219598002683443
-0.5928328916273399
0.8500589781022427
-0.06179120863868068
-1.3855315061717433
1.4186230521788872
0.8346126473083192
-1.6156041024194583
-0.7364640775535788
0.5056150695541299
0.22415105850688838
-0.453590349428043
1.2019294281131636
2.0269954811574107
-0.3151017618624045
-0.6786124030514311
-0.5409669788974041
-1.3259944146097045
-2.3446101778739887
0.031052022116196065
3.3188107893960375
1.693908613093027
0.7933570213799171
-2.378045254906159
-1.7301589293278072
1.7330969527760332
0.09439762687765513
-1.800418610749475
-0.2775130599941634
-0.11712185324919422
1.3046993199186836
1.5552147123043625
-1.609578853945425
-0.29407055511674185
0.6297463054837853
-0.3256432578445704
0.8033271903540035
0.5832763216993516
-2.1954960554110396
-0.4639391503886532
0.5392636255305515
0.20622424275994833
0.9178882916044737
-0.058024103305020516
0.26119552180985434
-1.343366286136813
-0.23534701056271118
1.0381726606821666
0.6865128564292656
-0.828231416679165
-1.5979754081759943
2.5926597678527115
-0.5158873341066149
-1.734607673939717
1.9759738695159226
0.5732637536045233
-0.03358058485395932
-1.0247591520829697
-0.6410241437100486
0.4403118156340416
-0.8835401179871485
-0.7445463430449257
0.660372638623832
1.579115754596483
-0.7046602277649683
1.1224088873924898
-1.5085257605942712
-0.8462247835833049
1.2380724969446617
-2.9825359334655324
2.923025526733495
1.560964633735312
-2.9138342893759592
0.11337061197439935
1.773372303294636
0.7187595926157527
-1.9473404966387469
-0.8958297601095643
1.8681416090730225
2.4846036079202514
-0.239101463257899
-2.8933169561868812
-0.9441674371638324
1.5838089872126395
0.7240026338666892
0.7809150943740667
0.41194519536097984
-1.5414578257560316
-0.49451730101956604
-0.2548252171030716
-0.8032172033950682
-0.9947096975008579
1.603572733554117
0.8916015169768791
-2.259657287617373
-0.06553435496140192
0.5489817714557679
0.3733325347202965
1.0178056669513451
0.5484394738074244
0.1745231041735117
0.650337247871565
0.2972834498455112
-0.8499030571327801
-0.8138383502372459
1.615245677592052
0.8473822077656892
-1.484698579427316
-0.595558246906904
-1.3108918632852686
0.78398923732028
0.7053324163081596
-0.781874877627481
0.4943569896775726
-1.9053725912027648
1.7998900181611994
2.7953542036102017
-2.7729962973597924
-1.0318134059442214
-0.8125505918394861
1.7082416463649557
3.0257261725557685
-2.7793785275980287
-1.9484283418940067
2.1631910285281126
0.19373555623556438
-1.221682575583695
0.21119402857458316
-0.7578452275744203
0.9230683095681207
2.3922893402798926
-1.8837630784090178
-1.1789197405805587
0.6085334994903716
-0.08783101539519621
0.7083799533724409
0.3386826572756858
-1.0499129266386562
-2.2306199811096548
0.6999620850002173
3.6134007090272653
-0.5561191649901583
-4.119721295859598
0.47463416994013213
1.3767770036319633
1.4891617020911292
-0.49124730706834396
-0.9375296752566593
-0.675121082849409
-1.158695187136713
3.732370530752753
0.03865513244105501
-2.2706745249367772
-0.5490516337914696
1.4078856106326745
3.0198636769709504
-0.8391400196782426
-2.060110572557216
-0.3267697959597085
-0.056124533337430116
1.4618403179635266
0.16586091687560678
-0.9662909287016391
0.5433486306635239
0.752265151351162
-0.7847826240222807
-2.5163596449313665
1.9728547381591646
2.216587282785986
-2.315727018284547
0.182785615664955
0.6258964190339811
-2.983686696436855
0.2109860302711037
1.3812486424167512
2.476311669924419
1.8206569208133205
-2.7706833730261056
-1.9476067890116175
0.9223190043155269
-0.03178867042905831
-0.4342723507976596
0.31781544087921365
-0.6013426925081035
-1.1207559608142792
-0.5261893389967585
3.259837074289576
1.9025896545636147
0.10767347199631017
-2.029917721589711
-0.17133493704588787
0.6569197951900975
-3.1546097515186062
0.9454039146209938
-0.34425119106932534
1.5025505280013314
2.410610065292774
-4.3024905199079395
0.25784662950867127
2.8856051108753378
1.52961169072825
-0.7467956371789397
-1.3592174189622144
0.3890998513270634
0.6178319338211008
-0.3454503162468791
-0.4945324993256922
-1.5950472711144719
1.7410799660789116
2.780558930251848
-1.8105693830787764
-0.580413403979837
-0.6930940264148238
0.5129958797220682
0.9487224911987994
-0.5744237552321376
-1.8900369222818045
0.999546514003413
0.9855679104081075
-1.742161207723865
0.016303867589238255
0.049384213645467356
0.6451421352073395
1.025683113507502
-0.2944683387575385
-1.461984598627125
-0.9931365290511398
0.18756301898421435
-1.2148040407997034
-0.5019102297556985
1.2848079394108165
-0.022271954910828118
-0.5157678546794889
2.16199100526765
1.1280984509676002
-2.4229835615745414
1.0767741940663034
1.4466003873473354
-1.3525575869783242
0.029180124565296672
-0.18017364242836204
-0.6788636701707427
1.4537368776414925
0.8142134139326146
-1.187652317207943
-0.18340366371024744
0.8947015332327243
-1.4120980557095812
-0.4944152197048825
0.9427252201621324
-1.2438317909139334
0.11685720417370235
0.7645641153501799
-0.8588189796739191
-0.7081073616840013
0.5015250491241957
0.4709064510608224
0.8857340776207043
-0.3972381023160576
1.0090824254989232
0.678219830926903
-2.2182339474578563
0.8660063824263593
0.03177980158053495
-2.115027925271839
0.155496260587627
-0.15801328265206505
2.0872063420027063
-0.132294988398046
-0.9571880169541755
0.16124825638140372
1.6610934284752064
1.419064182468022
-1.510629393181096
-0.31581177753452927
-1.6387077558207017
0.06564091020743418
0.6799964514190355
0.4450795915511293
-1.2782015063174268
0.10289565890934427
1.6105162694647595
0.015020752277537186
2.1526124263256587
-1.403906037801582
-2.5408001620581198
1.0011032888263793
1.5927888382048576
-0.10007576957507007
-0.5975261377755279
-0.38951057929206506
0.42919407192623393
1.2237723215970786
-1.0298786813121676
-1.1893568071107834
-1.0512823227358585
-0.41316675584205875
2.033895110401726
1.4871880568653681
-0.9901798199034922
0.12080115114428303
0.3908004647247379
-1.8189747068634015
-1.509878457883449
0.9554337509959532
0.9600134929257346
-3.0733806455131605
-0.14471234980084466
3.402202726776054
0.9249033663291212
-0.7071653923929561
-0.8869700866833958
0.26972523425628053
2.6541057810500686
1.309013848572627
-2.405209297753188
-1.4878093498129679
-0.9915130506608301
0.8180247749208576
1.0470438088093454
-0.12211368157429789
0.20548501692564958
-0.5865099394709172
0.4716624849773128
0.6133835830741035
-0.33634722879453005
0.9192188037097839
-0.04038987762932972
-1.9775341301873226
-0.05933881205821295
0.7314675501399569
-1.23055040414637
-0.5926233728421412
0.7416820087195181
1.6840524242893253
0.1272676317460822
-2.203918799717555
2.0360700329647163
1.5219828685645913
-0.3593734562893387
1.164491894862928
-3.1286324421243075
-1.3605923461955305
1.7173873347216517
1.027140879014691
-0.792546112620085
-2.034589466548066
0.5370837389345151
1.449740900396
0.6209300206628154
1.4657247869715022
-1.2545976211832222
0.16092753627570788
1.9025632325947628
-1.6007956175101155
-0.35032001817693825
-0.2723452956987199
0.4055474237456872
-0.8697559379570979
-3.5201408513701637
1.4664294740538102
1.713927077245814
-1.0319066553770948
0.4120349996739344
-0.30934115070354673
-0.21079186012700601
0.7041533681368857
0.5770759532966456
-0.6060152225419131
-0.1248841795326921
-0.38566138329339195
0.5871621290337161
-0.09185635807998405
0.13241420060760212
0.6528380894314781
-1.22637261707513
-1.2959556687544518
1.4786278556625179
2.0536054804630783
-1.52127082603322
-0.72452534742211
-0.4426136601394426
-0.23427964827319775
-0.1229324721180528
-0.18360934428898024
-0.6291787398495132
1.6163432704562188
2.1179553446852912
0.32950513055038355
-0.5118112558697018
-2.1819504365193554
0.9216313892512769
1.5108290459018257
-0.03692646394279597
0.7897651453610888
1.6195546006532928
-1.9048381839955804
-1.2639213451208668
-1.0794129387739735
-1.7119896394182148
2.2643166978148135
1.2141752706412858
-0.1341334563240295
0.2760205378596785
0.04640510197507497
0.3127115114217075
-1.5080533724841725
-1.4885544416956138
1.4693086820703543
2.2753622962951416
1.2895518622556401
-0.585913068504162
-2.7563373833949893
-0.12618404665691485
1.3177236025180497
-2.0325211512455263
-0.9003704596502695
-0.8362049880458531
1.9024457256539924
2.22689238103684
-0.4610453577258733
-0.3893193680631264
-0.8817688085374198
-0.40202732416095865
1.0069043107835496
0.9079725526842004
-1.7215537330091975
-1.7806615963179673
1.1471768437442282
-0.2731846556008921
-0.9775172469880802
0.6148076225863056
0.5496579673960078
3.4431199262860153
-0.574932676661867
-4.074862748219015
2.12346266179502
2.4932272840575416
-3.6316613441196157
-0.9569955298355491
1.198735789032371
-0.18997898804816177
0.8024089436558306
0.5778774052009857
-1.9627819080972462
-0.1380620558210015
1.8811066723713863
-0.5325909471713904
0.2614278300249893
-0.14033452593005377
-1.3378817075168663
-1.8442678478448111
0.17466997103848236
3.387394884092399
1.644519462216473
0.060661578237918956
-0.9813568166562345
-0.5769534303935845
1.6440186985740275
0.47971961139848773
-4.473151454212972
0.2580374194635966
2.15793898348008
-3.4530835181418595
1.6387661542631449
2.1724742646702415
-1.3891822136871594
-2.165042226443238
-0.8600900015653318
1.9866948070649229
1.6365924986526794
0.07266046228744673
0.16937109067869346
0.17125918899582582
-2.504382961858083
1.1421444221637647
3.7998109224291907
-2.0987761642816003
-0.9684940625207976
0.8431136697182018
-1.0008572421513329
0.7164191428347289
2.0112524287113254
-2.788933952598672
-0.6808422350594122
1.5868389046135651
-1.9931743394509742
0.09516841053596795
0.9132499588044366
0.713716440102019
0.13097920581318143
-0.11028090269566382
0.5030912856496097
-1.1334024517114676
-0.34093353054262965
0.5057252207529557
-1.4387654858358063
0.5526533011720907
0.7248289541195018
-1.4621652078316676
0.5021438942756452
1.3447912754832543
0.7448945725642684
0.24528672189580153
0.03705470788559817
-1.4945446776107056
-1.5866775916544187
0.7810052643500459
0.452375240643687
0.09361742353310613
2.948328041674411
-0.0895845880538139
-1.6286864430840415
-1.4564192585523337
-0.22941843347875368
1.7868360960764225
-0.8240955248207423
-0.7670012574739384
-2.376336821007189
-0.400147590446964
1.0150434058375502
0.4618479552540198
2.133025664599086
1.1996239247232157
0.20576240364388954
-2.0639324199062785
-0.44351260682332727
1.7729131319157865
0.009623403810457287
-0.14508517300672288
0.004189602431107331
-0.10988053763463349
-1.1508715659990636
-1.53866642020367
0.29106287110191903
1.7487950558867258
0.5399338187878899
0.21191296947265298
-0.37693583922675367
-0.8682887782490181
-1.114400211661205
1.115547173534527
0.09015421104665267
-1.8867704616872065
2.5841180086868656
1.9738280271631692
-1.326553857371168
-1.7921798478183866
0.193822931166179
-0.9104397541907008
-0.9202660760395015
1.7004070496884942
1.1380781124843042
0.9271016733343953
0.826778983980399
-1.2303294521425376
-0.5169647787056965
0.3947352025545636
0.11491802539390661
2.701847743632154
0.25173208706369066
-4.067800111772494
-1.072032564872634
1.5898678257227
-0.6516642427876396
-1.4247847083508898
0.5470675456493301
0.08320971251087328
1.2962941182651444
0.701271989438464
-3.0564674060206345
-2.1874099075183766
1.7668928520322542
1.042944046196958
1.4628423325735154
-0.10866658162044462
-0.22363184337282527
0.36713584026181656
-1.7354428038908145
1.2215395417125852
0.18511310461117186
1.2225337939150889
0.8073691721182088
-1.7879742074943463
-0.8661383088009436
-0.2777305114573756
0.3572344219992164
1.1455746337683217
0.8019301183621446
-0.32215500111811524
-0.11410611958177252
1.4996254648237302
1.0275385455940134
-1.2785274877903998
-1.5590267795053714
-1.1388569418458745
-2.2530438082370834
3.0078163138622953
-0.6997246014908431
-1.9659283491563266
1.9334623246912603
-0.18925600862287503
0.12162706797329703
1.5108945862231162
1.5021614900474147
-1.4080829771074013
-0.8404894431308162
-1.1939694121372435
1.2108898833366446
3.8949025240828616
-0.8229284878730938
-5.177517077091498
-1.8101228803264555
3.5768729418147918
2.8535404632447015
-0.7765985735739676
-1.6131747815466062
2.0805034536601554
0.5985543820662067
-3.0302393050160585
0.3745007836440002
1.0575400678289097
-1.5768236319451572
-1.785823690658138
0.2606617688518533
1.553522216735249
1.0289194169154199
-0.06466014876010168
-1.2907035965312827
-0.27846257150371995
1.935382649469161
-1.3502370832259336
-0.8197949708380378
1.6101359845707937
-0.4074296144555537
-1.0999150463704694
-0.349659219900277
1.8429374159264047
-1.2487371476228986
-0.5652956770320212
0.7739620026314387
-1.2539235939752267
1.4993887177867604
1.9309966358200477
-1.3741355178030894
-1.5107143603027335
1.8425850629907532
1.0683348073004422
0.6126234844150147
-1.2061029077906806
-0.9543559196403257
1.5395907586686883
-2.8747753247451624
-1.1932009132653945
2.409151162810893
0.79460785739087
-0.424105547360347
1.011797526550396
-0.2363801016723961
-0.5001584585693556
0.9902714938980258
-2.086600001841191
-0.3776425432627537
2.2498077839276034
-0.7763372482077359
-0.7351067449006261
0.3104980615474215
0.3572849438126981
1.1890997070651272
-2.320141770506049
-2.1052822020415447
1.9636464137777838
1.0094137431162054
-1.3635089875593835
1.024019020766465
0.19450964983762964
-0.1503047048630814
0.5146878199192655
-1.1801085847513195
1.7148939572264474
-0.044252799039915636
-1.6933112260098144
2.0220911199272122
1.2047756202393083
-1.765302783510926
0.8022348376080221
1.3248663497802569
-0.9597977300558251
-1.6180503517486269
-1.6732671093287699
0.03076748641061222
1.3637148838054503
-0.18771908730849185
-0.5402113356552419
-0.006947474823287059
0.6862515103389306
-1.201074824906633
-0.1494928242008824
2.61113917547764
-0.006127054842454904
-2.0401136378643168
0.2858584895152084
1.5041754455616259
0.9189014391816411
1.3773136955236112
-2.1195946191628026
-1.376506631139216
-0.8730740160270808
0.211590450610139
1.331483262913874
-0.5733343701130037
0.8975545466911625
1.3416249146619992
-0.3372292104318501
0.6677741650082067
1.1853613416990372
-0.7423274933281945
-2.616754871911023
-0.2993683428391263
0.9696800654499173
-0.4748221679280379
0.004176982604684024
-0.3112100620418979
1.3906716836392456
-0.9762567765089372
-2.0706989768709545
-0.7410487456757524
0.7435211192377557
4.166187434978406
-0.32121439128791107
0.9910735555764076
-1.9415988945633122
-2.42487687986779
3.4622587200671555
-0.18162171562031937
-1.4971639633480442
-0.26687111461213797
-1.12686102310199
0.9916467785178493
0.972835317914057
-0.3121138699778345
1.5387715971766107
-0.8271803768977263
0.045276781897573004
-0.059883281898544125
-0.013446256222303221
-0.44929752591973143
-0.32756685384365614
0.5267961615002981
-2.233796110027495
-0.061506726227559844
0.138650523098389
-0.058039584746720135
-0.5945659290663274
-0.17227108604839436
1.3506078692406662
0.389906899568723
-0.08585551918003842
-0.1050081362548245
0.107624930025985
0.2667046394366741
-0.014496681358870778
1.172609904578852
-0.02185924176419618
-1.2216147081298767
0.5729035081790754
-0.1319990572464118
0.2059018628546696
0.07461003453008674
-1.967390128484052
0.16838143334131622
1.1490296974732834
-0.008789043155300158
1.332160121287419
-1.2529554766295163
-0.16839988898028735
-0.666588520782232
-3.529210766262201
1.881194147730953
1.9304779412018296
-0.7518026318820248
1.0290229199353185
1.1519899342984288
-0.7772937137289206
0.16350350400140334
1.3005182107025821
-0.9430661976660457
1.245468262279291
2.0155309305439064
-1.847551283690767
-1.6820635411750195
0.6787404975705669
1.0252305216268247
-0.44490479375104375
-0.2524668798023224
-0.5093031473860442
-0.4848296976759716
1.608973644997966
0.76720254558193
-0.10187328632587755
-1.0342420650854967
-1.6458889185749537
0.7609269613349963
0.3525728637348114
-4.140121899501866
0.3957345542691536
2.451381576938082
-2.135230573188593
-0.27488159600660733
0.7058604583495929
0.853825034836292
1.4383702886630783
-0.21823216361478553
0.5416451795632515
-0.9774394505409449
1.0999573722094265
1.4637041424954509
-0.046527940747913776
-0.5599412981695646
-1.7038403222604075
-0.5429055120351762
0.4815590434753717
1.6563073501141958
-0.8672553688842756
-1.7118303178696417
1.5179511496286207
1.7985347647015577
-1.0728544309168437
-1.6209552142151153
0.7597391473587987
0.6943161258369976
-1.1411711800769568
0.1716109718055504
0.6746594632072108
0.08283855197141024
-1.237572448354602
0.4911406870796111
-0.00801776794152842
-0.473824150965915
-0.4064990554291139
1.2544220371112607
0.4737617091625259
-2.2656203167604287
-0.4217655261723323
-0.7971850072039335
0.9657816061654492
1.1470897289134845
1.4748164071177299
-0.6115256861242323
-1.524611580815462
2.0053773285670653
0.11844580673081948
-2.683838687078503
-0.1613783442944029
1.0197732399548713
1.5826588110751851
-0.7889694910154359
-0.19031310844940963
1.8867442241194072
-1.5712698274501955
-1.5254767533641431
1.2985528252350913
1.0703642315036326
-1.508184199459909
-0.5967920395004594
1.616149778993122
0.7497249052810802
-2.349806399634036
-0.27675673800028117
0.5248282617876774
0.9503438929424197
-0.3408725227799121
-0.140674907564884
0.9740796417912411
0.3508107792058949
0.5223158533276707
-0.8995893503562659
0.3162726629911131
-0.3159365502366367
-1.92311933125141
2.942478938227872
2.4655343029654793
-2.9586442010465404
-2.5691598997865768
0.9307778063358568
2.963162503950154
-0.9752951066917015
-1.6709301160517143
-1.6671810783495968
-0.41666657353493247
2.6228301437981028
0.5420582202746509
-2.890516385820658
-1.920124388906304
2.662333976706525
1.876340291678534
0.23364222312739302
-0.20419305232692997
-1.0752555393686207
0.09315680275842028
0.9142786730130541
-0.006187713225444168
0.21047872304808302
1.755082542266761
-1.128364431509867
-2.907409896198964
0.18159037598949648
0.9365323625171131
0.6908169706455525
1.2946294052617267
-0.7459625980228044
-1.9829036066043517
0.6821703052889844
2.702911988772142
-0.7631480334836587
-1.1865913678029747
1.0420505374053044
0.1984479434840951
-0.9669423523703374
-0.1683763385068342
0.43860716694984925
-0.2302481227779395
0.4126915384924043
0.15116484276101183
-1.4573750859986503
-0.3744873656638896
0.7189970242520725
0.05302143712110172
0.7741973653727368
0.7470035900470784
-1.2984058733509232
1.3201662749535448
1.508920208414725
-0.30042782134878143
0.016670291648718027
-1.8136882596164123
-1.091628220004975
0.35618640611879293
-0.943162760126208
-0.3168084491972367
1.9260212187449857
1.6684438640878145
-0.7133045476527979
-1.8849983892951259
0.4942609765107248
0.05557891257012468
-1.1327278552534408
0.02373720083061541
0.801893939588229
0.5349774946885226
-0.14215337694637198
-1.6649927034511647
0.18178380563279295
1.780474081732494
-0.14960643933591047
-0.6336488000398564
-0.4060623001654833
0.21698695109032182
1.2536034416138822
-0.928034821525882
-1.614693518096984
1.6307740655439762
0.31358046959811386
-1.1503591612912207
-0.2554922185860659
0.30617434540879274
0.748963154930645
1.4260088593108875
0.21137983537477156
-1.9204552257311371
-0.19362088992508558
0.003438966062775106
-0.48203966645660995
-0.5909949091372964
0.9453756391375275
-0.8839446341460008
-0.49022992700160045
2.5044701022913944
-0.18569683426447964
1.4884686605060138
1.304165208325421
-0.6839600804979744
-2.9257711206184687
-2.3775334679661375
3.4030503594300296
0.53406675913878
-1.0148851061685247
1.106224648986292
-1.1869197028529845
-0.6229467574881099
0.4056089036542588
-0.8762034101954407
1.097755110536827
1.254110251862981
-0.8904361475221502
-1.2022023526020034
-3.892035587990901
-1.0465243320933544
3.0030397431802056
0.2666266691696644
-0.11271572121010476
-0.46414832905750814
1.3210655924960981
2.4290168946010926
0.6371031675803408
-1.6384953603285168
-0.18918834461234324
2.123123907763085
-1.434767881867021
0.8199679311663479
1.6776081829510225
-2.4766798166134225
-0.46323217613361467
1.9375624669991458
-0.5036703332863599
-1.3790260446473432
-1.2415048848014092
-0.0048870843806364805
2.105285242765019
0.047790201016649825
-0.8443199589571261
0.3869097783220441
0.21143798996843927
-0.08044475483035096
0.0900711614322735
-0.9613731833805461
1.5355681802503072
1.344882833686174
-1.5600759522348913
-1.1981005830451243
-0.6253017987643267
-0.8086082948237685
-0.7711955897863731
1.4625380153625804
1.317300649486816
0.6723693181797349
-0.6766881693638653
-0.663316426200924
1.1938786130855747
-0.12648529706367448
-0.31825461560950563
-0.47929903339885854
-0.7041294056128188
0.38366213253426773
-0.5214090838169494
-0.3079023231607556
0.964313673424874
-0.516019131885028
-0.5574505409595848
-0.012133689819926352
2.1554485696632106
-0.7773211991929959
-1.0769726397997388
1.4704280055543943
-0.8125329871191115
-1.7506083468644689
1.425572129765983
4.576534513176604
-0.44611472316138534
-2.0158320249960404
-1.6443208244745557
-0.34607414357952315
1.0346523879875336
0.48859040050436586
-2.301646079254155
-1.2510761294280142
1.2367536840336675
0.1758262985800348
0.5728321692571191
0.7964120846927731
0.08886852817218029
0.03747708088622709
-0.8939146706681943
-0.23981750625676423
1.3136921811380986
0.5424078163002335
-0.27640030573020835
-1.7985527345028278
-0.1983593630334323
0.637764166751378
1.3525398787493175
2.018266200055884
-0.6339922270622066
0.9176553407880317
-0.6499322270477406
-1.404030797277282
-0.7883158127060843
-0.4042508908219479
-0.645870748897338
0.15215201912868503
1.2341380803632673
-1.1683653200385662
1.361240788842588
0.22330096084164558
-0.8680901079561982
0.18507986515686542
-0.1561751406254044
-1.1215056774842866
-0.13909540877569862
1.1105361856139109
0.2314464395498685
-0.7934374578096812
0.5383279532033574
0.5958768816544292
-0.45503417414393316
1.3537708840161935
-0.8065477047024645
-2.047921820532876
0.3903508794150454
0.8220464497931628
0.3952548806394855
-0.48633162862162543
0.19125368344636345
-0.349354490855388
-0.9690692438694889
2.4516181259776717
0.6381705235954662
-0.44879413277601565
0.3809884646265054
-1.0848480992071707
-0.45928861365234785
0.13701149049295494
-1.2836998190546063
-0.4300309349583668
0.10976556511877611
-0.8949657789206189
0.3340193538475442
1.3976967063732313
1.1610826289016658
0.7038923916178139
0.2889649367141495
0.4567934461954205
-0.7283048619208976
-2.1541543666212744
-0.06527758880420276
0.6279065310859671
-1.9055327850807222
-0.40741394904531836
1.7120344487230974
0.5027783761401878
-0.3976472267955977
0.46497016985571693
1.4070959691916358
-1.7918629450546986
0.16121779107073309
2.102716977598702
-1.009305114989432
0.48324466578470726
2.3512285635012815
-1.2175967171622624
-0.2755603442308203
-0.373237843368315
-2.612250151700777
-1.5843538633818013
0.1317104194304834
3.2489055456244844
0.577643662716288
-1.3210259975886813
0.8389825592735213
0.6004778905386586
-2.091578011328135
-1.2522074369863256
1.802200264107757
1.8108086081207704
-1.4278168923321353
-1.17912070982215
0.009066859455184484
0.2560026743653946
1.9210797388320033
0.9411140952752959
-1.2606746727159301
-1.846473918369194
-0.4179824603653865
-0.4519217624396752
0.9199577303530329
2.4186377493692954
-0.17750126140650108
-2.8192767189975516
-0.0030034930970869733
0.6711940935073093
1.2568667588841116
1.3376540193757716
-0.9284416701499992
-0.5762023962224234
-1.442043602239103
0.28595735288559576
0.0931000047070838
1.4040682550018315
0.9493437044475597
-0.9762478103184744
0.016066933971377012
-0.7613182231480538
-1.5832135977873167
0.43771676463030906
1.8393322637107432
-0.7362647670781741
0.7290771456538743
0.7611802259528293
-1.6100516327839218
-1.1127271829144096
1.9846460982006087
0.6281710569968353
-0.3265063373572661
1.1616218753113856
-0.8293722439576792
-0.6877026556262178
0.45172009650323736
-0.45681152765981803
1.101502606232502
-0.10690834226033206
-1.9537099278964123
1.037315018275586
0.3414003206863905
-0.2240101572755664
0.8168781391430245
-0.8854320120403479
-1.0478853960819121
0.5880106571236481
-0.3636775691194481
-0.7957329322693072
1.5798018357445514
0.41096711834623734
0.03048632555449826
-0.6358450137899472
-1.1186471033185454
1.732330027034416
-0.278339024578423
-0.9472779389332768
0.9760141870462384
-1.3020158664698882
-3.056809441608398
-0.4002105808856107
1.5559259129874425
2.0695152844080393
0.5986253610512524
-1.3719149738190386
0.8574832184215225
2.2792375464137713
-0.4259643511839203
-2.1009780929225137
-1.4897314082601427
1.065852459636871
1.164678585518566
1.7687757238053226
-1.9312981328337415
-1.5538196733034981
3.1085752148897834
-1.651854244618093
-1.0016892659633543
3.2257082061949527
-2.9084784664718732
-2.878494697693677
3.3415669538379427
0.9110317843801665
0.15192831774615279
1.181251552040878
0.13528545444875195
-0.3290514810163816
-0.7447625351857148
-0.6072498865117374
-0.4566159586416011
-0.48720695418792237
-0.09484163027737949
0.32418052063217884
1.03411761926739
-0.45086053315970054
0.9754760621567836
1.2487130434675355
-2.4225952796099293
-0.6210502410820788
0.9371988026856387
-0.15540387218736426
-2.206548855933919
-1.206326296581472
3.9788234814142625
1.7125885795202387
-1.7974404536477702
-1.813386435425385
-0.7990071205523968
0.3617679109503116
2.24297393181171
1.1932147407046492
-0.44625956632452346
-1.1978980842121116
-1.1858816139201829
-0.8455053584801089
-0.6036035614100232
1.9566861766924633
-0.3001507452006764
-0.47102217429319126
0.954958678515568
0.926822658604437
-0.6179798465443348
-2.0481879971379335
0.4174227821400345
1.0540312037798174
0.36957871815495746
0.9371253415209474
-0.06683437535498149
-0.8419005783761897
-0.9235322345945234
-1.094099176495948
0.6690584936487429
2.50993756640697
-0.33796858017256376
0.7182975019764861
1.3353368765288902
-1.6120937814736027
-0.1860378370429726
0.8588742205860456
-0.4296365159370479
-2.59102922119908
-1.1596609907037205
1.8967249129723787
1.5446520884966706
-0.6183919280265523
-0.7436482014219631
1.0061373852048183
-1.2454144885526395
0.662513120793744
1.440931819739967
-1.0161922593050097
0.6136229541450605
-0.10330280566014527
-2.206172580940713
-0.022399804488021702
1.9680678567256624
-1.6663685672673691
-1.053576175197702
2.020252884190779
1.107679108692262
-2.0233262805574865
-0.07244933603630932
1.148684283977806
-0.9703761657330965
0.23147888339630124
1.526468167243427
-0.036296351117854814
-0.5951118129886273
-1.7843955949950756
-0.6423547084489072
1.9044322113773302
-1.6004329149891972
1.6132255447458883
2.306212649466533
-1.7414133680373074
0.9255611498920505
-1.518203090239112
-2.4670909906954464
1.2633139677753993
0.11547604323748273
0.4129292842396466
1.7485853137457035
0.7646896730356396
-1.1555121360878748
-1.0473659560217037
0.2197285350136295
-0.7610126250802585
1.371370084236894
2.4586460658562412
-1.4336877560282184
-0.8306847433997946
0.37037901408273
0.12357410480116182
-0.12968982369789914
-2.5596941787532748
0.2589589542954822
2.0425622768244756
0.8585971113500276
0.2173694974288154
-0.18449418869870993
-2.2899373614126834
-0.7628891270716551
0.2089818026984671
0.5075985674308099
1.4978673422131363
-2.544229519570422
-1.281862030523089
0.46561146664760145
0.3611635369047591
0.8522281767647624
-0.05331370084255582
0.9722016393182853
0.8999735975712551
-0.4542651771244275
0.7423100402968987
-0.7335040304685139
0.011177215032309173
-0.5816349445062529
-2.709429682342155
1.1902924406292565
2.644320606156385
1.0481364407743954
-1.481395267199417
-0.6975861545722368
1.2906017481786543
-0.21802283999416436
-1.625282028556792
0.033951813986534754
3.7001606479007414
-1.650715237301467
-1.6912147026206283
1.2752212489420387
-2.5316084069914004
-0.360999102508764
1.2246728654690429
1.3086190589608762
-0.6083585946915814
0.2101307657534538
2.163612191088506
-1.2670656778233296
-1.7641457415146333
1.214523937544683
2.4642675797454143
-0.14051073572716022
-1.5289095616606032
0.3034819993508592
-0.890371833516661
-2.207872453673134
1.6773822850956528
-0.07264965967158221
-2.3426887086071693
0.31220975463999334
1.1065642208486726
1.2410056995778964
1.0836399300061557
0.6807477466802956
-1.17161236419481
-1.2097912280229595
0.954971423218982
-0.6604365899433431
-0.21009293175902521
1.8310684149054814
-1.521514862683162
-1.1783836890627548
1.2877178384321553
0.6218182652538683
0.35898753220740076
-1.5843604883618534
-2.4420972305299182
2.3141115557249634
2.5812944225681926
-1.8580413036077705
-0.3744356139195234
-1.0275212927113604
-0.6235113847493067
0.7463380710704219
-0.08880854370343708
-0.03398890215251571
1.0522768619249465
2.5381764482705025
0.3861009266486761
-1.493607162129702
-1.3780170530099842
1.0508330442343832
1.4020579693518918
-0.49257777664099245
-0.7972601732667641
-1.2820217518884698
-2.1674270282168164
-0.682126503180229
1.424878880000487
-0.12768454267316098
-0.44548911876501635
-0.09931638200897885
1.5897312952395763
-0.9980427932338334
0.315217232443712
2.9670380837156185
-2.2337502647413814
-0.6611313763175537
0.9198306861915314
1.6360410957025537
-0.3374864325759308
-0.8020138335514051
0.03612687398550868
-0.6615305455927791
0.8044689381710766
-0.33675341705707107
0.23000231137815574
0.2612163924945827
-1.6146891889248538
0.6242525054007639
1.297784198232214
-1.6085600455534312
-1.4224179773423238
1.1292033975637823
3.9398192164082104
0.4690805133857385
-0.025478952774605546
0.6843762291367205
-2.692565979168563
-1.7840629934509553
0.1221167828168092
0.2412229471511288
-0.9449774531257568
0.14445444724414624
0.20531204606810805
1.0715766198069363
0.727652823482255
-1.237865371882597
0.66634612262706
-0.20501259838427488
-0.29945026994033463
0.38782535275956115
-0.7702559866800561
0.4299827237319318
0.3176126320675407
-0.8639913392069658
0.6963561688969028
0.043570763982796135
-2.3995683133179906
1.7869298410998713
2.549571199770403
-0.24611787374217553
0.13714175059791434
-1.2740110735750156
-2.259301362183822
0.7765612792227141
1.5861477637978292
-0.9850673275674269
1.1928481207661303
1.748801525865024
-1.6483700961285626
-0.35370562671118166
-0.8982274637803468
-0.0023221920608320623
-0.746819288001663
-1.1375143931820735
1.2811782846969155
1.521041596546314
0.16996613370181227
-2.4548854570309686
-0.43122234884652233
0.8978883232796171
1.1752666682531252
0.9961636657129216
-0.5386708378621302
-2.21771647533229
-0.3338479867977924
1.3673522665975522
1.3986186727876424
0.010012067399747415
-1.6582794873547857
-0.08598563572439838
1.2789803654819003
0.6997179622504156
-1.5628519785523922
-1.0997166443729747
1.0272973210395826
2.352059245059662
0.5415377757828145
-1.7042742567795717
-0.2720121613687159
0.20932981904301382
-1.3463041961182838
-0.2778477867714111
0.38038284870518324
0.41028869161873044
1.2529886313241163
2.0267308811937443
-0.3306701154718009
-3.0029712655917398
0.5145820082907576
0.9366945972341281
-2.4356766655192352
-0.23118636712680007
0.5947606700035657
0.3309610514713532
0.5338547335077588
-0.3746942060441189
2.170195232068702
0.1902152191807473
-2.716222083269943
-0.7050017088890554
-0.6236020433923589
0.4872238371665213
3.54326156134758
0.011065241487634464
-1.0213938311605832
-1.8863373547043438
0.23419028579407908
2.2321310160270063
-0.9247307275789698
1.8461893450023457
-0.23146226674994685
-2.162102374110705
0.42160117975778016
-0.5024729867195601
-1.204473812831264
1.627466977235604
2.20488280093073
-0.7081666925636769
-2.0654323698819397
-0.05544117686029587
2.0530853687123707
1.0065314700376695
-1.533064815474652
-2.0301810930824336
0.20901361345857788
2.4134007436183857
0.3244546870511148
-3.0565141264970563
-1.6689061747146554
0.5500208763503095
1.2163548410388472
-0.19578724221916366
1.5232423417799557
-0.08232973468732707
-1.1970475317640017
1.0552135818348374
-0.16383342686760266
-0.9763419624217505
-0.6412074249586148
-1.2974122659134515
0.11573167670315937
2.1336149642797357
-0.13344891164668599
2.6198595155695648
-0.5372346249500184
-2.9929245314356336
3.811924282496321
1.1534377629670791
-3.4413888104163286
-0.4333752812403507
1.358018566545777
0.14657490098253545
-2.106395747151988
0.42726680184472193
2.2256082396476824
-0.4800908262637048
0.5403181678310658
0.5827923824709688
-1.1501857943002358
0.8782814309419057
0.2366673127350306
-1.699263655012629
0.024659139471175595
-0.6773662048777521
-1.5649405953760027
1.1068986567060235
1.6533181465993505
-0.957649737140144
1.200802612674026
0.1983013862840493
-1.5032142016917995
-1.3876872505746147
-0.0656025314652196
1.3154736479186504
-0.9185909565934005
2.1062530913763573
0.8951758479490526
-3.0096524229799932
0.9389206478815917
0.314221205508902
-0.80385731105877
1.698003369134561
-0.3432021476730675
-0.2518625159333036
-0.08151799748420636
-0.5235959183475224
1.3281722555328903
0.8563775585077343
-0.39867076677724234
-1.3024467411743266
-0.8277167444651853
0.4906131094494796
1.106869888284917
-0.31166669351731585
-1.1873746292793579
-1.4651556235959147
0.4154246226349304
2.8498244253555005
-0.0777297928088733
-1.7816529894629096
-0.4757914534950509
1.0590565001708152
0.7293218471664482
-0.21027540243878692
0.36208494466712965
0.36973953428579764
-0.3548266026935937
-1.2228586252584248
-0.4819315336451684
0.7837667693250033
0.7193926543395248
-0.9130982433283388
-1.3063262845773167
1.896347208201814
1.3429360211231285
0.14968148201081877
-1.7419593652084324
-1.720294749183931
1.6270455235781744
1.4788502447155367
-0.14423615672246531
-2.4180564867598457
0.12756445120641352
1.9773720746670365
-0.8410770917587367
0.21144117333187062
-0.8629363654042179
-1.221674917928988
-0.6974590437635533
-0.005314591797164758
0.9489359256833529
0.3872557709531987
0.003463093483868529
-0.9217290010304848
0.5173528722637736
-0.4105354756551025
-1.160941757039634
1.6026966343185685
0.6027750681629275
1.161833940826885
0.5712252395007011
-0.566102490521624
0.7886692350376299
-1.4712668873574404
0.07969835076682058
2.19995160876939
1.697518218773698
-2.9035041845868275
-2.9702401667234284
0.3595394454787917
0.4935582679725487
3.230293240513947
-0.21732612384135586
-1.8640592921943562
2.7097143872731437
-0.2470037588868548
-3.5861229947684885
-0.7595902802492406
-0.08952967473891582
-1.1387801121004553
-1.001080007841449
1.3072735374702544
1.639306417365208
0.09912450274309692
0.8859131692495082
1.3323129484858796
0.5406896692052786
-2.4215462084273267
-0.30243929456886104
2.094014017589386
-1.9164882196123443
-0.6427096577283821
1.289112613162852
0.2600978498540938
-1.2768470344612362
0.8583462555813237
1.759572241007564
-0.8885363117397409
-1.5077653253358716
-1.3766911564408246
0.542084093899004
1.10514976318353
0.2139644748595304
-0.36696971953359
0.6509678199665769
-0.606757058717614
0.2336668020461318
1.9173344317279926
0.9346334065661286
-1.1312939507978852
-3.102701158808745
1.0237963819793452
0.8057538142533884
-0.6523129824218468
0.11015648894419627
-1.6997870017470418
1.1842550944112233
0.6336331729479188
-0.5398209474210434
1.6184735029524773
1.220265031912278
-0.43063991354386943
-2.258138386116156
-1.2564437099180255
0.2617263551452438
0.0053136855373412395
1.654602574067848
0.3352492098142915
0.5283515987769459
1.203314717874443
-0.7314222683804984
-2.2767670469957975
0.21681612888298618
1.0172921279931053
-0.306156477937885
-0.27491931546568105
0.13482134603889168
1.5006097140819916
-0.14415709077286482
-0.03774710928954805
-1.0001019643544602
-0.2545885451058804
0.5612052739914901
2.284500870524264
0.11923234957274167
-3.250871121733972
-1.085584184924271
-0.4819950167463072
0.937758432662144
1.7735526971572821
-0.8831200695558119
0.6985312838349825
0.22968806334060587
-2.2866814607996906
3.325916348755615
0.6504251751055605
-2.803314688277995
1.5876190072224885
1.2437229881293428
-1.716659798781327
-2.080743401194689
1.7921452883003486
-0.5367098403784405
-0.5374653622277985
4.649790478481812
-2.031889169051528
-2.7377358470013595
3.258751655047247
-2.5656686250975387
-1.0421621113780162
2.486529630416203
0.30559974341266916
0.3964880449402225
-2.4992472581303167
0.47522589165427387
1.4552006122350098
-1.9038090371456566
-0.2396035785542968
0.7629685312590013
1.0690377126733641
-1.268083848800819
-1.6963960929656068
0.8427791045563918
0.10060579247234058
0.8215721163825519
-0.648448680075409
-0.6186043957153349
2.3088523599699737
1.2680369989391735
-2.3404431854273686
-0.9148039176506151
1.6475728707263122
-0.2758684762766654
-0.7931600978470752
2.667595771222293
0.6930796456817163
-0.914394683801709
0.32126536702979414
-2.3423351433164
-0.18198723077695472
0.5245989156201707
0.16449771956614007
0.39028372578739473
-0.7543958474621807
0.10671648051710375
-0.22577380167345817
-1.0116511109071666
-0.3760189978731634
2.047024788062279
1.0968048229877643
-0.655296588230417
1.2325447264579243
-1.4473135170213587
-3.4423571794870957
-0.047045442835938145
2.2677027395668516
-0.20568398482319472
0.6116261993355661
1.9912653992651546
-1.635690575631773
0.725839309403382
-0.223075802249456
-1.3075836391882312
0.3126095325448923
-1.6083305661938492
1.5885472579709166
1.225271765352226
-0.6231492104516788
-0.8376040375888034
-0.5088746725983191
-0.18838613376841407
-0.1633873648450398
-0.36117782607656856
0.8674732784114145
1.7796510643348875
-1.305908175343364
-0.15207429820378016
0.7537303837047077
-1.7859141612725127
0.5870890210864754
2.5770168559515323
-0.9262269289151341
-1.1249768898447663
0.24593051323606374
-0.18777296660004175
-0.6810424531532919
-1.8444361314647422
1.5775143069732334
1.7671963187592414
-1.695206397976233
1.288277466191294
0.8258228213327851
-2.49465280067781
0.42727328494461503
1.2684248503912123
-1.230223938119603
-1.6431843444696272
1.5540193594682208
2.1759338026039634
-0.19386891814975338
1.2233278500627953
-1.367150499252376
-1.335445181782078
1.097222757039804
-0.2790877321670952
-1.0922400253357312
0.8318234171715213
1.2463214764752901
-0.06616299806158904
-1.755026869795192
0.6483057959364165
-0.7962091450098376
-1.2352717345257882
2.7275697364401497
0.37132908667732545
-0.7232207456745272
0.002093195827817973
0.19882285126435345
0.12355569817476608
-0.9732125977858271
1.351375385770935
0.25679594374014003
-2.064459982941165
-0.29341677131559096
0.5583292753923549
0.08580318377681195
0.051207860503123065
0.698582837978995
-0.926539961413515
1.0994834340740096
3.033063870941593
-1.3842783946650372
-2.2092451118574448
1.7944911686585514
0.2532979398306905
-0.16512874580097248
-1.5596061178155423
-1.8614113185593752
1.5736920091258582
0.551104099047806
-1.404577908667214
-1.0595261449610758
0.07446854014489424
1.8632000643896818
2.3649859785634613
-1.0586008992756524
-1.42040361671478
1.422129753290918
-1.2586761217972444
-0.16372638754417046
1.234975652215324
-2.388973883775872
1.1184041264102011
1.5319010020068355
-0.8495175743467571
-0.3429572232524077
0.29772171599277825
-1.102377471900243
0.4332919729372241
2.998890569649194
-0.8001565878726038
0.09049266172967907
-0.383094510947528
-0.6205736390457078
0.05870960628631833
-0.8481830340677847
-0.019680049431739996
0.28032671918694724
-0.5227524976659681
-0.007666791089736169
1.2309856797475507
0.3858113569683291
-0.3172164307989328
-1.0993983332439035
0.7537704828649183
0.6873824856531027
-0.4559267225759519
-0.7075870595894063
-0.7708420240591596
2.1289581829940687
0.9391508390854721
-1.6462533909475168
-0.7336027038064352
-0.5406296386424587
-0.12609759949921256
0.016543091997408887
-1.0162150883127072
0.0347755079533848
0.9866982172707766
-1.879689756054778
1.7349764352663741
2.0026185683587534
-0.8838716441619279
-0.8711906989645112
-1.9650257429225937
1.4071372820243777
-0.3993818119918249
-0.5447553495011308
2.462173680808915
-0.5641233306279865
-0.11054728539812042
1.4494111909561074
1.1255050876444264
0.3538231330718793
-2.4963522235014373
-0.5074859719551046
2.2146504849797557
-1.1884977701217065
-0.6072507134520834
0.9851068885361483
-0.5144114925447947
-1.394889896299997
0.6984385995983446
0.13458873750341116
-1.0788506940828038
1.4330292808893041
-0.3101396077662669
1.3412384152823025
0.9233168615030063
-2.816311365486066
-2.258903172506036
0.7239573026004
1.521108645200379
0.8308846558962426
-1.2501874567851181
-3.0665415719271336
0.635479649373351
2.8562222654104934
0.41669042886846475
0.7710702761459338
1.1931532731143495
-1.5025045884555506
-0.2734255184506651
1.0423478148867567
-0.2425449767144529
-1.892857467628527
-0.2537095083764578
1.1715447949695288
-0.21176509234237684
-0.09663171510042208
-0.6087086949453775
-1.391341984774324
2.4665747642241933
1.80846333894936
0.2048822398772545
-0.22263974297104086
0.609000751131981
-1.3861183394054308
-3.4718447797217458
0.2207845873075136
2.287348385607698
2.5114836092562767
-1.8112767192761667
-0.6760911297361797
1.831016365949038
0.3162426105231647
-1.4265913402197192
-1.8836642340834162
1.1119508271297969
0.051279829612806194
-0.6373180869761115
0.5715145840598167
1.0154629308204361
-0.5628334732017448
-1.2170580592296005
2.687229166237101
-0.822692058064576
-2.291387686669447
-0.15284493777197428
2.2510693663230668
1.3098893494703647
-2.0594110234334884
-1.414396886842209
-0.6576204914959431
-0.7155709644796713
1.3743533224083413
1.7433401368911918
-1.4651809813689716
-0.026772138419218883
1.9073026660193007
0.3224099514849649
-0.43697765161345364
-0.22334260113392435
-1.6496112109637946
-0.9809175530715016
2.4117319260742613
0.1473895399462104
0.10513365372254468
-0.5891669411217991
-1.1873273173691294
1.9031593462882044
0.7422992564049857
-0.8329581515382817
-0.2444519264167878
-0.010289249956662333
1.6868982296283848
-1.5472827770246913
-2.2285642637930216
1.5334489360435188
-0.5064252112444978
5.786617335656885e-5
-0.16042338369618908
-0.13635668299056464
1.1524371611243494
0.5312185694557272
0.4596760872689205
1.1165491520914252
-0.33276977932910223
-1.6665297601156508
-1.6977544897656696
-0.6030703327294789
-1.2400990682053719
-0.23276577580593427
2.2752396062491655
1.960008240030595
0.682663500309525
-2.1763686292098656
-0.9708550549111308
2.5127338751873385
-0.21264877348735386
-1.280337427377992
2.5227138509681124
-1.1054271452981268
-1.3430105511846757
0.23072347929228254
-1.114196576710324
1.7763318885314165
0.6361045391875448
0.4763355097007709
0.6594470405825217
-1.4805896634767284
-1.6841976314587326
-0.2883255637446425
0.47560864467391595
2.3428419534352907
0.11742740367369411
-1.6930189098143755
-0.03767804657671184
-0.7260806836893017
0.29214093207057357
1.0983175694279537
-0.572415050966671
-0.135521753618971
0.87453672429959
0.4775562678800881
0.25280927257069163
-1.3386947869329362
-0.045852453082828815
1.4020948891272784
-0.8067452532352118
0.3819646798432005
0.7288832452462803
-2.1886580624502554
-0.4717396971007715
1.124204212187762
0.8719172442069786
-1.3979570613589318
-0.47115187908156286
1.8338877077332436
0.8652627917025063
0.544244956809184
-2.707728592479472
-3.3567018015264707
0.8868554661244458
1.4111469522869489
-0.2002516234836611
0.06118427002162552
0.9615671953996261
-0.22142488752292067
-0.5391587468490717
-0.4947070331405924
1.2695099935718224
1.0599178297649292
0.22145842469453914
0.09938619741340463
0.1466611781261955
1.8501453556543352
0.09541752691221905
-2.453523663822326
-1.7398367600436087
1.2293311644037117
-0.24344486690464512
-0.300829464576633
-0.8673351985052028
-0.39029178621519756
1.4815308115487011
-0.3863666835831689
-0.6422913205482373
-0.8143250203634107
0.5180138604340362
0.8483514486092145
-0.4137797309528339
0.2417215992390785
0.6040696705665278
1.3027361470985308
0.04215276506553087
-0.22371363045973147
-0.2956926516754892
-1.816394845665834
1.7582185107860446
1.938858457057589
-3.529701155168378
0.021010949469931206
0.004779465587891885
0.11108245526968508
0.5439445062734269
-2.831685719698797
1.8894802897886267
0.7341715165064091
0.7995958655475958
1.242063809155157
-0.8079625416317968
0.7004370816553334
-1.217815910307637
-1.9724987467074135
-0.3869023919761905
0.40917205637511755
0.3750311290780107
0.12635449575949242
1.8445348508983348
0.37879736218808624
-0.2038160949271569
-0.724832948913993
0.2187326717370407
-1.0380668422910917
-0.5922260914318468
1.918394357358369
-0.9419619858951218
0.7017924833357438
1.7893851826841962
-1.5197759994681275
-0.09822658524460959
0.42853360823050757
-1.8406299563908721
0.8074619327160684
1.9619252361787751
1.5253244873319525
-1.1224963476199281
-1.5048746487970401
0.5173621287452693
0.4166941073949444
1.349957642673015
-0.5339572477290937
-2.0068414048082306
0.10913970759160002
-0.4679516946840091
0.3739740709249607
-0.2878667225254616
-1.7546831745568898
0.23159616977396652
-0.5033091383699376
0.3542106122498452
0.4841220232700443
-1.7298608645419495
0.7662007505026429
1.6281776854446843
-0.987217099758839
0.3108816545824962
0.13495683300431205
-1.979908232644249
0.8906386863511533
1.0805806297509577
1.3533887541873042
-1.1095374411360859
-1.3044208543731257
1.4566301856663402
-0.8946852673877564
-0.20137171762791178
0.38738578394456835
0.04141410285050484
1.497541996962017
1.178808906644782
-0.36028036939890656
-0.3996439368109185
0.49769116198824687
0.1008255316952294
-0.7527355687004603
-0.30730668403003514
1.1757234526327889
-1.2217498659253745
-1.6651096052125973
2.5998497967549206
1.2631074836972465
-2.321628661654578
-0.21752201200716625
0.6236107260005097
0.12788991703683517
0.4115049748922791
-0.011378402256692066
-0.09608164097311632
-0.8696722649071051
-0.12123001560901868
1.0154897478578193
1.893138489418133
-1.8358497523694963
-0.7388460423053782
1.018867603899367
1.291021746624752
0.23740691402497272
-2.4545361900845597
-0.9051260918938422
0.10551161925846136
-0.07250623889721769
-0.657923405491623
0.8068764793535392
0.40057449686167784
0.21222849495547536
-0.8273689237070434
-0.7288264773125919
0.17668240527464452
-0.54792417585257
3.0594707523740023
1.7329855114125006
-1.3574499711049552
-1.7378600666613813
-0.6442401863874399
-0.9630826881909514
-0.9618718748107382
1.8984230569001397
1.3375059611421842
0.4331125985578893
-0.2761429025310826
-0.01986741786424595
0.4395906461571319
-1.4117409481579442
-0.3951080987412818
1.2370192265228437
-0.9103998050298685
-2.0315409363285326
0.6913678039017654
0.5449570287376277
0.6488005177254483
0.9676015486574467
0.40421369926871087
-0.45596222848592133
-1.543076179278426
1.4602720522298387
1.848083058492135
-0.7821729948889701
-2.1286736744032457
-1.766896770373498
0.8234056582563386
1.7229078198031733
-0.9526523917209118
0.9417491723349436
-0.23806392822282862
-0.5077497002573178
1.726453190358163
-0.5606017023669483
-0.9040972518525697
-0.41501831943316747
-0.407863754542546
0.2661151915980755
1.0690751683199071
0.3612007585537593
-0.9029462299656661
0.10667165216711186
0.29248248076299144
0.2789984614430643
0.948557288900412
-0.6381935752750989
-2.039797831170322
0.3625159851507255
1.880135321071915
0.22240624116207738
0.33492132195852053
-1.2962501905340966
-0.686159266438654
2.031665135056773
1.353380180292833
-0.6994255910675011
-1.738303493643922
0.6878896882059813
-0.06985288741087149
-0.3502884037896494
-0.49324244248268156
-0.5447078475981924
1.2878609213223178
-0.9582268771262654
-1.1855871010017511
1.7368846194431682
1.38438874470225
0.2215761616478087
-1.2137958944005254
-2.1348330902941153
-0.07026642150162904
0.47637587612893995
-0.46070210552808377
0.3271617049145869
0.5795313547848975
-0.8946956531691705
-0.2812761501880257
-1.468300748856013
1.1034637972328016
3.737972910926488
-0.44216759165127706
0.11798883833533047
-2.102025522907966
-0.42689137103067076
2.7707792402734683
-1.021570358733778
-0.9644444510528369
-1.0571244192058802
-1.450514308635062
0.6701468685294744
0.012834283559114645
-0.22202661935882384
1.4608922273345
0.37587262580322056
-0.302296996729693
1.4437770755571167
0.22667759170317253
-0.946409971538879
1.3900522129322876
-1.1862241900513883
-1.9041450985081536
0.32306212032769044
0.3850166230281538
0.46517170481928705
0.667217558990291
0.20075439615928603
-0.2973614655391052
0.9211024687018144
0.6362007037533266
-3.1696544065761425
0.4847859687758205
3.542705081489446
-0.06484502252649582
-1.4627306529582824
-0.8831626250504125
-1.4615073780712686
0.7934957886561674
2.650550542667656
-1.3183654416860673
-1.552965372894026
0.8731078725311441
2.271043617528211
-0.7304421787782006
-1.2340826305855481
0.1858457075641491
0.5050468086238843
0.9613670035405554
-0.9545852965384675
0.917252519266482
0.06881024620413939
-0.8618982845798858
0.04020488464040298
-0.116318950830127
-1.4124420390422143
0.0988824249770408
1.5967077580675215
-0.9826918856093328
-0.19701411873174196
1.199563095507534
-1.7033749359368309
-0.9235711666452797
0.5216017012564271
-1.7389874627570954
0.7453680619373593
2.038978961293294
-1.0300272786459668
-0.4512191832112066
-1.1608423693804946
1.3481363094573362
2.802030727817817
-2.517658753064108
-0.5921791487234864
0.3235551395810311
-0.8444893534260265
0.6572571704879868
0.07515865309450764
-0.6988401095606495
1.655316594793019
1.1014748501808387
1.4372602003644375
-0.5808466224351736
-1.9834271750192598
-1.4601161722960427
-0.44529872041603713
3.387743195757479
0.5882323276766591
-0.24770232883315924
1.2889814872839336
-1.8877471853733732
-0.2507735770575872
-1.2380116137028918
-2.7150131293587307
2.291302238968718
2.9847567308687024
-1.5261185459108286
-0.7760102241461503
1.3664982245686397
-1.1095511716571176
1.1241977240856647
0.8396623819398589
-1.9514929793253946
-2.3825202877806415
-0.0026355396725005753
0.6984102025543806
-0.6937768239823212
1.5971001781154293
-0.9269233809366322
-0.24900660999263782
1.381106188650541
1.246658992198957
-0.21723410127442422
-2.338830274349353
0.4682920986948265
1.8972761005088712
0.9485711841544144
-1.6661746832025475
1.6003398067281687
0.2610965859748395
-0.0750937445520492
0.437859546072243
-3.7529520026510568
-0.8256181749420988
0.2765320430334075
1.379648076316211
2.215403187383991
0.08746745066991479
-0.5587457681503621
-1.397062696954848
0.35020253464147455
-1.0113939372906924
-0.5272573404006717
0.8855290574435424
-0.4015345774875296
1.5213884626572103
-0.8572958050887498
-1.951539514411399
2.104983604134252
2.514553445129631
-1.177169174994931
-1.4647817536929648
-1.052495752998648
-0.5454135862911645
-0.2703285785855465
1.6838695084548125
1.8238863420503446
-1.644277663175068
-0.2985962505850691
1.157065813489798
2.0618397376570483
-0.5131138824905982
-2.457284223222492
2.296576099224001
-0.38234443150561265
-0.16910989408091748
-0.13092809755098922
-2.9065658511777737
0.04094374409387991
1.7053811082833032
-1.5491315389961007
-0.48153894024455635
-1.117632823080052
-1.7854291385136023
1.6982199015216053
1.565671408706791
0.8291234386713813
-1.5981225120650522
1.3881227783718548
2.2988103158187116
-0.2859894467960151
-0.2861463747399948
0.686741775181702
-0.9317018948616391
1.4712800929400869
-0.8265429162313996
-3.4990852365751697
1.4946633319649516
3.2637042064570263
1.130260557014735
-1.9172592823645944
-0.19669698868163565
-0.5679030182815552
-1.1196547899829927
0.2753988372954032
0.12424094261876155
-0.7622167105240512
0.7260292121622676
0.09231300922748942
-0.551714330597845
-0.24254840410269785
-0.42212583699269324
-0.8704960633825785
0.043989376284499844
2.4332354670591694
1.4772677710577145
2.0581750346894725
-2.4503078781178678
-3.5204323181844486
-0.472118091478403
2.6960593696688426
1.2537220024352085
-0.7996076970177105
-0.28686828356995414
-1.0246868737204327
-0.36473066966081136
-0.4390800154135528
-0.5633297843968698
2.458660320239372
1.76832774303251
-3.503035679333277
-1.4043651889556599
1.5230418947322177
1.3397608012483049
1.002359413011002
0.7660976355424194
-3.431954652080018
-1.1193566964705468
2.6667773781204875
0.880283861353281
-2.345353508884197
-0.3449392684270688
2.929960406893125
-1.8440126145115108
-0.2629396765747447
2.0361197862520743
-0.7511641366430194
-0.960380873617172
-0.08674996348850983
-0.8290753138521072
0.3055926277998424
0.6929284619794819
0.38194253855570215
0.6224522074763389
-1.4407450392066399
-0.47851703754746755
0.2784783845315114
0.8926541535657813
0.004975982283707436
-0.6091307869589696
0.9760957806611812
-0.7901419184849836
-0.012721370938003164
0.8676431775098793
-0.8640305261905743
-0.46063399169100927
-1.3782442447708987
1.0442965455923119
1.6825525523285219
0.2339281549318759
1.3772217016269708
-1.383972450821622
-1.040539317818357
1.5393147198456434
0.754854261109644
-1.3894188665825753
-0.21950645656884415
0.9179512288847451
1.8205657039402798
-1.511560118004704
-0.6266882808504801
0.5608143903846275
-2.544111462571507
1.108987718762465
0.9917642694060164
-1.0849950436243234
-0.13154181767214113
0.4020119205954026
-0.45176470792506285
1.2923330504130772
2.218973006127154
-1.947454991186416
-1.4936072135655274
1.6973679474079217
-0.41332210034306477
0.14239841757337457
0.23546410380344643
-1.4094430621152938
0.36720982521011103
-1.762025757570298
0.792243171126755
1.9467215067566577
-0.6938827556120106
-2.3262496745263466
-1.059162070057732
1.9396793076877041
1.6398544953026248
0.4909969905708966
-0.2802226658439697
-0.7122956418311974
-0.38977683988717643
0.9107946915985863
-0.10058534334001631
-0.7376846616017729
-1.0358415071304936
-0.3242961275689033
3.0850358705383996
-0.395313020050324
-2.7525441205254317
0.1972057981968891
1.513724099222724
0.760287559533712
-0.2301423970338371
1.0689982443666186
-0.4745977676992628
-0.8825115694901239
-0.6741776434252629
-1.7362345110931101
1.3814033609803502
2.8374166933779383
-0.19186455726850316
-2.0607955655225165
-3.1371711260925554
3.514042284121834
2.953466502806647
-0.9041498664378496
-0.07669722823841996
0.29708511084413836
-0.13226865807119825
-3.5909557452450818
-1.123381501148883
-0.0926212859785005
0.7513545309306635
0.9294418858886231
2.2689472944802604
0.7516511945586812
-2.437161565709028
1.1405863974682342
0.6179554179549563
-1.6850296077555451
-0.8678823096736663
1.1559842353183187
-0.8771387810677138
-2.8077675009593475
3.0824802060218097
1.0575389076116253
-2.59895900449011
3.388063951181266
1.8492875956547437
-0.9522965643873444
-1.9532471762236443
-2.0447094158093666
1.160699571142973
-0.99094521065213
0.8442932296804211
1.311627466205776
-0.11178721354538701
-0.2734050439853803
-0.8308803792000362
1.7526296317583214
-0.564632619844991
-0.9580369918118268
0.02628236976143028
1.0912557088415828
-0.5520092648504313
-3.51866650135078
3.0993336662504225
2.1227178710772066
-0.8437892730645036
-0.7236522252801157
-0.8654299729266132
-0.9202102808625942
-1.3015588985543665
3.6051987278012283
-0.6888919043292548
-1.6950850684455647
2.624582251758712
0.6711367251042237
-0.2733447444771624
-0.512605252248295
-0.5880085871312583
-0.07834543278952291
-0.21339922068072525
-1.2707041663091432
0.5274014893945596
0.7520061268348717
-1.6704848067353348
0.41698793097992537
1.4000451212347278
0.6130901662218508
-0.24072134269591366
0.2230213131549743
-2.8686161375680324
0.21442138781223463
3.4232810642473073
0.1527270297789598
-1.8135543833798575
-1.1168103146335233
2.5808265575643974
0.8523062991230644
-3.843378794563429
-1.0770953891318393
3.0422217343286073
1.4524530543534282
-1.674159681433319
-3.293594967037367
0.6707617787831618
3.290809887870233
-0.16846763450579194
-0.9294748453720043
0.9499269483692527
0.4393553027905495
-0.9243385717221076
1.8556910633654637
0.6162761602800817
-1.040461011530784
1.9711107273091708
0.8198475840700055
-1.167639830742317
-1.9742903833173977
-0.4339963414196596
0.27228834210513675
-0.8322466613045351
-0.8800479216218301
0.12145105915941343
-0.4383957901772102
0.7860511975681894
0.6904956630327942
0.2716900290168709
1.1223974059792399
-0.6364407347781387
-0.7814694798793145
0.031907161640291365
-0.12509281347610857
1.1197108619273228
0.2940785088670967
-2.195860764980677
-1.258118825258711
-1.0738807821309413
0.7545197366921786
0.8859098322604659
-2.1683704741342167
0.9915353321748327
0.8395338568924933
-1.9567791989487917
1.2444921527636796
1.449233797447403
-0.10678318250149998
0.4751724213542003
-0.5455398451117864
-1.1846939604273283
0.2638940133211048
1.9222325764035468
-0.49458689689923024
-1.9232847710780439
0.1916888061380675
1.4010627043526185
-0.40138896317759665
-1.020802701308297
0.3013363943315812
1.7771128169855626
1.178121088806829
-0.7480028416188668
0.3650220181457995
-2.8108261821985256
1.4236162269618426
2.580696526167482
-1.5722847954440267
1.1698778058056447
-1.6525601565754524
-1.3137780591950254
1.6646392913566972
-0.11594545550029742
-1.1971909050816072
-0.20574258344759788
-0.7484400809740656
1.7108049787917308
0.8554112154727831
-0.13550764960522876
0.39977388784658985
-1.1288008463830292
0.11416829581762135
-0.7413799665614279
-0.7652310720086108
1.1297190002619315
2.4925990346810702
-0.8501772080148524
-1.5251101247716474
1.9609081264557269
-0.9174338563894031
-1.9866661753596042
0.5697757956093448
0.012412876530067951
1.2664279121529634
0.007886709470992348
-2.800176175693552
0.85956987691343
1.700496659128512
-1.1538621073646063
-0.07716511182155218
-0.24838902231373527
-0.15700863161194306
0.8620118925078675
-0.30516739663215614
1.0348202454965911
-0.11514674184574047
0.33244493244548834
2.113526630315003
-0.41615188482990684
-1.4316979588189724
1.2139055404761077
-1.2718295923482537
-3.7967823680716455
0.6480934842645425
1.7948994260830748
1.2428113471313431
0.308742177817403
-0.7593010306003201
0.5038826870794101
1.475457846932258
0.33683496660956413
0.7672399419631784
-0.9746908376346022
-2.674120195876405
0.7621008369883386
1.1751705820376717
-0.7215401974764485
-0.7820141478122703
0.05068917804646425
-0.04528842245494985
-0.767190446529689
0.23553978434926554
2.3600455044293267
-1.440282949233493
-2.250483624726303
1.8013120277069965
1.7595456864765568
-0.24083355323762434
-0.8926141178790088
1.1799898837611833
0.9636428584694015
-3.194492387564778
-1.4724351262560673
1.3449656408767674
-0.740702818220357
0.9757235848944559
3.091972562140489
-0.3330077475520192
-3.4444653887439785
-0.7964377968417065
2.4396346874735153
0.8966178515537659
-2.175383891900226
-0.70281181967981
1.4144210807205473
-0.09475056221235584
0.040152494472702194
0.7528680077887812
-1.10439203004267
-0.8925637394485118
-0.39655119367416936
1.2746358370845223
1.137027861509989
-0.6260990024276936
-0.28967663881837025
-0.2259983152653135
0.13674000618897317
2.6742597567371456
-0.5052784502159208
-1.7252560939417676
-0.15593850869638748
-1.1670800133285746
1.4462884051134628
-0.4576765217984473
-0.8831106626281398
-1.358473400599128
-0.6181152757985828
2.2471406825605613
1.7121672194086202
-0.9970031982025137
-1.3243531763540524
-0.04987761816430414
-1.347134981551578
0.22182608253166802
2.410536956376113
0.3427015214042956
-0.4332365085284159
-2.0254168522921256
-0.6959220603144484
2.1796755886874832
0.6951903136926161
0.7775791524319893
0.48242825277862095
-0.07335094270051762
-0.559126017116326
-1.4972073785134874
0.041742979844182515
-0.47638564087936786
-0.5350668547304753
3.6557731668153
-0.27291792494784844
-1.239288812757868
0.05820905355581302
-1.1575357046393537
0.6522859435791943
2.330918609445558
1.3007502930947235
-1.2728680533162016
-0.8849504168336988
0.2544923175904106
0.32977993276116024
-1.6882676809444321
-1.545626892423693
1.7735672169982135
-0.3432605321305565
-0.48308797737962605
-0.9303776269819529
0.17932270888239155
2.8001484113548294
-1.3323287325667783
-2.6149052566482527
1.2938465540856594
2.309302593024339
0.44781402138845094
-0.7909743803239286
-4.082527412343486
0.6885155864899236
2.9632522322903543
-0.7568553951693687
0.6285248806930603
-0.5657631556743192
-0.31521322562975923
-0.23949990108049846
0.32998638509221184
1.0277451797391521
-0.7582848490931874
-0.903284041390336
0.8962479215255917
2.2631668716191244
-2.521428743989417
-1.0945932161163747
2.7601993800659272
0.7689407980811594
-2.4878520484068605
-0.5953083152543227
2.5830339789580865
0.41935905429250364
-2.604059470114071
-1.9669696002686
2.1917283090580773
1.6918445862375247
0.16454056926630156
-1.4859003230759467
-1.5121356871975633
2.0610722453147754
-2.1884001695976734
-1.379711187292689
2.997630123190577
0.28981353037455293
0.5018276242784565
1.068744048852031
0.361613746487793
-1.91336809123232
-2.2957565600692202
1.024268683186414
-0.8250007730384521
-0.04646663820847552
2.3399797828238516
-1.3549264220164754
-0.5383953871961538
0.735201865014141
-0.6502635161004815
0.6004732047383826
2.5401183241516883
-1.74852939986842
-0.5228158757124808
1.8847506294041474
0.7606430289919608
-1.3688065627695405
-2.6355872566087415
3.2433096870247278
0.27827522689984086
-1.0475300005380348
1.5694060527149842
-1.103093149350183
-1.29226643649479
1.6497456632850487
-0.1773983660344158
-3.25577671652519
0.9947255951602665
2.043457944848895
-0.7117833613604833
-0.2855842709192532
0.24395854352955323
-1.9054881859856447
-0.44876566799026435
1.451608441074278
2.1729218992527612
0.3995763829078849
-1.7935793817970733
0.20883890404270045
-0.9088117283020352
-2.6778554038076927
0.6943491898367147
1.272202298398157
-2.1050840592537856
1.5921363911761965
2.4762307089922757
-0.5885537689285257
1.2061696774195103
0.5756380500900988
-0.5692320933176196
-1.860591670246694
-0.9458130323530992
1.713921523989004
-0.5382133504145806
-0.6822236880045643
-0.27540908746916126
0.9363474442550677
1.4664666824578914
-0.3576483948322204
-0.9051337275851437
-0.5761285592711116
1.699496067001751
0.8917723650642136
-1.5024913077491397
-3.1921140292971053
0.907938364163224
3.5886950861681535
-0.13398014665719515
-0.6440229190918872
-1.2319971399386247
-0.8447386219359652
2.035750018749596
1.7009244786453679
-2.4776265508893394
-0.3638984351401161
-1.0690953999640866
1.0816537808141464
1.5732700971723952
-0.46943467185810506
-0.22015664203707225
-1.6115708472909334
0.07842961380893698
1.3036633113746074
1.0525309051858458
-1.370351285190945
-2.133966808193947
0.782257983067593
1.8853227966485577
0.6779827674513856
-2.6873620104266647
-2.763921435399602
4.038767144434724
0.31658012794493984
-1.8038087967847736
2.2147724739757955
-2.2795958985834326
-1.6154432849504188
1.5750797011840376
1.5756918036486618
-0.8719838473535506
-3.597491236294805
1.6403814062770468
1.8616709784859382
-0.3074669346710344
0.9795596992293307
1.094446331013382
-0.29458846234500136
-0.7358361326930175
1.4788758840107015
-3.073591112042362
-1.057865666361283
3.4340677927864984
-0.9841431174831643
-0.5005231581180226
1.269799432736735
-0.24478972730837711
-0.4091949512268681
1.4025649708945622
0.24388240948317733
-0.792648710490226
-1.031984288984176
0.33409485604103945
0.2197008907511167
-0.3396881666926878
1.1132347315695659
1.6321234813454228
0.5965586238442334
-2.248784803811552
-2.52919484531444
-0.29196744155909116
1.999054884438531
1.6010504845970754
-2.42040730854868
-0.23452946677485365
3.418407673090641
-1.4156233102099267
-3.746218699698765
-0.8357909530214735
2.6562936669829478
1.2175355663121696
-0.6567442833278239
-0.8681463276729744
-0.11595745202514074
1.0427518430011167
0.15440247493866482
1.9211266298232423
0.6487586303593765
-1.778509123668174
-1.3524000987492615
-2.0292591082561904
-0.23629046907454443
2.893470673405237
-0.3711714986937493
1.1813525446029915
-0.15837504470196984
-0.21425316006433004
0.3393107999966458
-2.6106384067164394
-0.1756167850571002
2.6282134168377245
1.2705092275911636
-4.2330332973072595
-0.663831496181739
0.8581368870960326
0.9270900213826375
2.860144893024746
0.7537534203628029
-0.2172144268824403
-0.5994321031667778
0.6037541702424303
-0.1213623210569384
-3.656943748598229
0.4528897244071777
1.810646208165878
-2.1160169758772294
-0.7988795629972307
1.8582276769798998
-0.38794801300393167
-0.2805096597741499
2.452243096775218
-0.9534702300140128
-2.2463004192631244
0.5806603181449302
0.65344119217467
0.29906657113188295
-0.9927778648099669
-1.2193366864416448
-0.7828650735292408
1.3993524604207805
2.4029600425401623
0.8498490244901615
-0.05402023490189725
-0.8328100258015257
0.16127286647207142
0.08979277306177957
-1.400498224078149
-1.074702593295598
0.8629622445207632
0.9746862693859835
-2.224111261329694
1.4728097794033803
4.606192310429857
-2.3327214638143956
-0.9630781551742017
1.5598090357302565
-2.1442788090059053
-0.45558650129498757
1.840852554634204
-0.09565354321793151
-0.42462031081360163
0.7375731724389969
-3.2218180157240712
-0.32777898341440903
4.139681456994272
-0.7483047878040772
-1.270818640164401
-0.7965747982397449
0.7148612048592314
-0.33799766995888114
-0.6208586465404051
0.8928526769425696
0.8591501475172569
0.18280150676515622
-2.329072051031207
-0.5197745675685231
0.21614198567452858
-1.0582543328449656
1.2744883734111168
-1.3251654902208498
-0.06303991405254417
2.553186940562565
1.2035376406102682
-1.4886325484663503
-3.0514174533975646
3.1566718981507265
1.763831056151055
-2.8822458228739225
-0.5144338236763346
2.6342848662417264
0.44343750078654887
-1.218323427750593
1.0555962079374082
-0.8125418012021278
0.17788348837375212
2.117182441746149
-2.016565359285752
-0.4878841030318434
1.0952126434359268
0.060605307863267455
-1.0784499876665914
-0.7421363157944907
1.3143807002659025
0.04936530839623243
0.28184965227607184
-1.152988861468225
-0.5498965611342248
1.6982925261016402
0.35984169992074344
0.8236241562957451
-0.07086730966370325
-2.4222714572357704
-1.094026078677738
1.1523110552510463
0.3180574280922856
-1.115945796945725
-1.1368346235426805
0.6055401412783217
1.5998558375672334
1.4354406672983684
-1.104591539189835
-1.017920445541674
0.7828195447220985
0.03193850396582883
-2.303463411126272
0.3331234984306088
3.7006786186519784
-1.07779759563385
-0.0916261101428757
0.17840029733985102
-2.69232625269864
-0.4687282914275173
1.5475407358410003
1.6944160869581337
-0.26239462991274526
-0.9253769255570626
-0.09873657101406919
0.4143796326892699
0.6928893411787213
-0.40890316213748534
0.514827591064642
0.24339416979352463
-1.0945874408182168
0.1366292610460265
-1.4413905566315384
0.2651381220279931
2.0737065936639167
-0.6961098136519955
-0.5600026499919559
-0.16835101476254816
-0.5256961471068742
1.3317246916716579
1.0807165838869148
-2.590503087785148
-0.7077383456078898
2.6738624115560805
-0.7167112064773253
0.2939159913361906
0.6443065376240465
-1.6854648365377995
0.7951012069142754
0.9635588087697124
0.7223721724210763
-1.3691672530489365
-1.6561378542309968
1.5774280864154029
1.0799996114924122
-1.9015110286549497
-1.4650843985649924
3.2152933385574043
-0.16629570236830804
-2.2011075669249185
0.9491591525998974
1.6531907725342736
0.07537640728871242
-0.44504611510434144
0.2867547655717294
-1.6784304705338733
1.3238666438492186
-0.5776461464488283
-2.108742088928945
1.0543155436457798
1.9228116147097767
-1.0720420243725504
-0.845276074904816
1.448763693982091
-1.2673288922370947
-0.4402447701439809
2.4028599229438137
-2.484462471210624
-1.0660010633733912
1.8830665467983505
-0.6241658333846984
0.08970890465924997
-0.1644894902674322
0.2434607556639074
-1.0160903688097571
0.14546679682824704
1.1554055334934044
0.687556655050644
-0.2547856668518023
1.0968624328142023
1.1996056158216166
-3.1586470667937325
-1.8427919547538658
1.7904930030863555
0.566436115484912
-0.07229071807773088
0.8510532973181906
0.3783831118007689
-0.745482905348803
-1.7248842695895974
-0.35151955047141403
0.8884282403241814
1.0350994512908436
0.9173804671582187
-1.3544303561138267
-2.0858471986090614
1.1274541856771383
1.5212900051951137
1.9721028019052815
0.4361416592837988
-1.1249356958734387
1.3565354053449634
-0.21706314787175052
-2.088989154001169
0.12348261688345008
0.7433153351652638
-0.2586551929078138
-0.9500962457584287
-0.9166713203704602
-0.5637999225932278
0.667091612619028
1.1902516966637042
-0.025654190084053563
0.5393449791066489
-1.140030786985012
-1.89102440350557
1.286351123243854
2.677570221288277
-0.6197166967820414
-2.4242371655355104
-0.3286214793629234
1.7710317443043029
-0.5969236292369207
0.45279484465474895
0.8705734501615519
-0.7397438983587916
2.4656951525495283
-2.183270607208057
-2.3396537410153933
2.188696559428033
0.1297544176556945
-1.3149460815015237
-0.4293255955057406
2.2198167134620004
-0.20808457988394402
0.035513157564045716
0.3365924869180178
-2.109491057550354
-0.1281399269932295
2.5296727876016307
0.7779424629394714
-1.6771154677627633
1.6150954140987521
-0.005668252681307356
-4.528638359271958
-0.19229492771369067
2.552439226747656
-1.3464317433772404
0.3772466596749935
-0.8654052380338979
0.17035112997390922
1.6917606337299413
0.22482569260483676
2.9592666592081525
-1.9153884062850874
-3.535781897724897
0.2266022390133774
2.427042357754681
1.3209090814830093
-1.1718756421781835
1.7945531912948944
0.41025076688702145
-2.030856245903235
-0.8102892612132515
-1.7966600986457837
3.330672045875883
1.639515775212853
-2.956858552954699
-0.5953659729857481
0.07126340583114596
0.7272794406323995
-0.3397666927452729
-0.5160740640776859
-0.46634251708180124
0.0675198802074023
2.5041880352236983
-1.1545888310133676
-0.21173153242878762
2.4999607283284995
-1.9564844911613264
-1.6760790772892689
-0.1503532414827891
2.6995111106730105
0.35851241443939513
-2.7557687727605265
-1.3283440940923477
2.137076090132716
0.9126504599811907
-1.855978435447391
1.5055847904543171
-1.3197970722699544
0.32517754198069904
2.201679802434498
-1.0336176714721161
-1.9944927822474572
-1.5126674059283172
0.008781099640086998
1.2826585823333567
1.612609248560124
0.7790564405388701
-0.5880410280538473
-1.3831853672819694
-0.16679688261621728
-0.5675456536218422
1.336296109091386
1.0211253474490696
-1.962250959209928
1.0833703578531289
2.435728846673982
-0.2567971162106807
-1.3221231626634637
-1.3234093285215511
-1.194384332359324
1.3997250884229948
-0.911792208986324
-0.5461624323685355
1.8376588175715631
0.713604067221695
0.9086015870649937
-1.6702100920693062
0.08689883717379931
0.13583865059837497
1.3809212844377574
-0.3311173980449854
-1.4889741597141715
1.6024366727480268
-1.2953563088121771
0.6663316553883916
0.6165031306429454
-1.0552199086249545
0.8728312017634745
-1.920774422117984
-1.5387993381308318
3.6774769691393225
2.4006841598787547
-3.0546255693807423
-1.643822341273534
1.3528760301072038
-0.6139722560970637
-0.6925881297682575
-0.10011472604446281
0.16497922804491982
1.8919458635899407
0.07210389511216587
-0.3364463729342392
-0.24701313849523363
-1.008537094857183
-0.6861117021517741
2.6914275618162344
1.2124191626674143
-2.012467869430146
-2.883676315462368
-0.5068050517397082
0.4106709865164033
0.5877301240404795
1.5316581099397206
0.23990325743744662
0.3638566159255554
-0.8746906103872549
0.9092299572771547
-0.7790399470261273
-0.09019597940565405
0.06995426474488153
0.5586454277385899
-0.32716653573196675
-3.0812289945586584
1.9833504042552794
2.5840909067809417
-1.0710196589612644
-1.561474700384309
-0.4545159180523003
1.6076500100508722
-1.4269256224399278
-1.1792578623442034
2.564493267920027
1.4693580915765017
-1.6246744885375655
-1.592415390197277
2.4315153206403144
0.42814696209703673
-2.294683614073878
-0.50519272433143
1.0714679715885418
0.4721315843834822
-0.08223118757240185
-0.06209526132933424
-0.6946557693580063
0.6297895401921172
0.4894901610826864
0.11273596772588779
0.10624646998072976
0.619024152003591
1.1232538586409326
-1.1588953664894317
-0.5345095092766095
1.24145352130148
0.38494672819335646
0.3923435723700408
-1.6226455735751566
-1.299407678674883
1.2418126509871288
-0.6070823595074117
0.24984230896876908
0.9129684467442956
0.7205472998217992
0.6862136504875013
-3.3112444666622567
-1.5139431221680724
1.0374769943361284
-1.1298671878191284
-0.02652836781993373
2.233048626596563
0.23674612307651144
0.6242139034580033
-0.03551081374217524
-2.2228525236346295
0.5671595642906866
2.105695638428162
0.593507487293377
-1.380377207073408
-1.4153265582326686
-1.221712066130494
0.9817507062384817
1.680251470923261
-0.013001073850083318
-2.3555915849065308
1.0860874258699325
4.215504486597197
0.7908928474584371
-0.5936900778827823
-1.4767921059412905
-2.5884199012269957
0.17822288953461113
1.6439125946259359
-1.5881758645764754
-0.28437857343161865
0.2690640280197336
-0.509536696466948
1.3899222841544114
0.267882727272221
0.9017565622671052
-1.2278972606694212
0.8355404262554751
0.20276942601990078
-2.2826640033192303
0.2330910197947771
0.8815542373011468
1.151385544792594
-0.13210870767555782
-1.7655017398381387
-0.3304934044467523
-0.11956651028540866
-1.7284033870181055
1.3086268802866634
1.5416047139110802
0.8091966325263681
1.2140196990658
-1.846813905871438
-1.1768354017346812
0.7564300232097458
-0.6548890172387168
0.16972385411808755
0.7127402384442152
0.9373433116092093
-1.0596908279996784
-1.0386124561548495
1.7942733936491517
-0.26682760034430525
-0.10066602014613757
1.0102107349668026
-1.2035320469589725
-0.1385378623472721
1.7031932828009728
-0.7794157244166573
-1.5921338510583858
0.008293700070861332
-0.6383769438441806
-0.4854079460947774
0.9398485366877614
2.068664617851193
-0.6009134349410807
0.8939472583765484
-1.479187174935542
-1.3603356558626962
1.9546035450531514
-0.24941481282276395
0.2430444864650032
-2.054261560909508
1.1146777270009962
1.835899431279272
-0.6137912651785401
0.21244666385280236
-2.3643281318783003
-0.8666381461935668
1.3718490548278321
1.7324559248748272
-1.578438029150671
-1.9810567243334614
1.2181643801503452
0.40953932773877744
1.5221373861632843
1.292654832060982
-1.4639981309620307
-0.7326578644623927
0.22668393871031606
-2.8057370729560303
0.9514988609355347
2.9221517688399636
-1.8911950931742654
0.5142329475688585
3.052914432503341
0.3419800821044394
-0.6735011410940643
-0.541202857101433
-0.987347938747346
-0.5885009920833671
-1.0328086055143388
-0.8813529947870365
1.542590141654516
2.25534755863941
1.1940265650173392
-2.185022287699689
-2.08156147856154
0.8203440832906603
-0.2865258786533643
-0.048102186402619276
-0.810749444945543
0.12432142013460949
0.6214877679127054
0.16384873991487883
-0.45123924800368853
0.38559911363714544
0.07624243988525692
-0.8125024425477703
0.4462747267037528
-1.8330189755448445
0.6695828365540573
0.9713875583516831
-0.0734424104214854
0.8553257221275192
-0.7478717542008129
1.0932448402154962
1.3563788230417289
-1.9387378419255232
-2.2471857063285636
0.7160477599311603
0.8524041240875444
0.3352818239135901
-0.3642354063483122
-1.6394265563518697
0.7335553856436694
1.872861606377296
0.9031063395304806
-0.293350793901622
-1.3659156401539982
0.0017690450166779337
0.9572544160597772
0.940811466832611
0.6139969644378139
-1.1076779413958384
-0.8469667026909199
0.542206329770577
-0.283128134150202
0.23986773663052902
0.20828979445744847
0.0010545059847133498
-1.2964071481503423
-0.8541216442991457
-0.06442488528086221
-0.24628447179487137
1.465110493533582
0.24957437756641856
-0.036543863761705875
0.3853657566157416
-1.0821338393549291
-1.3153638491311783
2.070443180901729
-0.2146817312038758
-1.0322847060343636
2.62885207995679
-0.42763814817508894
-1.1418842218207899
1.4046793430270612
0.8010539051073235
-1.5462290099124574
-0.7271060764165774
1.0030883810212843
0.5639882195143042
-0.30632630692639023
0.4639416237792926
0.8057267007748332
-3.5547335125481454
-0.17847346534935193
2.6128718672843574
-1.6619586867465428
0.3681145016601319
3.8170306659541144
-1.1936839886843182
-3.7559193863925877
1.171842526025125
0.9938088838648592
0.5247835582110476
0.057782435916869816
-0.05717117511828129
-1.1889351955391496
-1.2426334905092025
1.0537255542010007
0.6364197874208763
0.2534490904214801
-0.10909866650827282
-1.4954159549409884
1.3149844279496565
2.1425645936803615
-1.257236702776067
-1.7266997563604805
-0.41671537520571345
2.258755453314098
0.17057397188963086
-0.6156168920465777
0.5845412068342215
-1.417734540265429
0.0016517761206847892
1.061627363777923
1.7415527513189328
-1.5733215398035616
-2.169697974721074
0.27492386034461
-0.7572392952400601
0.0018875036110846954
-0.016577019509335433
0.7765571608788314
1.9249504629409826
-0.17290658557470953
-1.6022099789466229
-0.17619353299649226
0.861136700369531
0.2185200186705486
0.027247186884699626
1.119298593384126
-2.226934165237325
-0.5853410288589898
0.8517455480236279
0.007860586680785153
0.5935966273477773
0.20427625546231737
-0.040447427688307405
-1.7406255381729323
-1.531755068678332
-0.04955631595001453
-0.2023566054632553
1.8436296048856697
0.8690517861039952
-0.699462536601245
0.09197784277247767
0.46504516693775616
-0.3526020670006548
-1.639508918554484
4.512486317648712
1.950022430527294
-5.2922947038347115
-1.4069039573513717
2.1629769852542386
0.47612766716010907
-0.8582333812062448
0.7004404820643115
-1.3823756916543417
-1.4535585186064393
1.440321851071435
0.5494039075395504
0.4681399309809452
0.7784066774049654
1.4976791765176474
-1.037264046519449
-3.1469252888587436
0.050285248792734216
4.236671418273933
1.972259570775829
-2.8144426680890025
-3.015437656307699
-1.0815923510004741
3.0640151304358887
1.69482880261896
-0.8507746452368743
-0.31730518998639123
-0.8210809528410137
1.9189578546518162
0.18310169478024751
-2.283506081800651
0.8031227068422211
0.8042418187641515
-0.02141399431810398
0.3558991607021111
-1.226993216164292
-1.3126512874656888
-0.11368260642639083
0.40286244932479603
2.325761145991918
1.0623043845051923
-1.637020583371524
-0.7383333337940127
1.3438794436316108
-0.5068748395998939
-0.7937697999373877
0.06743964698881597
0.8749409021807105
-0.469146281752264
-1.8571164201041344
1.4690941639713577
-0.005350628419269143
-2.463541256959013
0.6198407151382767
0.17785225156022166
-0.39526566625667453
1.5494940206487855
-0.8905651441678815
1.075308435319006
0.40192975233957906
-0.22657157468973854
-0.21135827240425176
-0.3542174227570729
-0.5687456353232694
0.516150912147165
2.278828539134402
-1.4336897983649073
0.8035139740578443
-0.45987028432320215
-0.8528836660449712
-1.8053114032295796
0.5003996361285132
1.5801705915942228
-0.9290356999519434
0.16259782680955304
-1.0708299348212436
-0.8880002089179081
0.8388355497645087
3.4407582901812743
1.2290272128070705
-2.1038060396293172
-1.0460824138032705
1.6887269506337534
-1.5749437661894168
-2.6147122027354817
1.4614857804548869
0.7297557046640034
-1.6790948460828852
2.2447704236205093
2.4704529994872533
-3.471413073709529
-0.4726955722234929
0.2906910168907344
-2.4010674926768085
1.8393586582765458
2.029519031073217
-0.27679000114793956
0.06207907279057884
0.6636379581993762
-0.376416607328111
-1.325824307035003
2.0196701323951745
1.988178371177359
-3.3170505303715165
-0.8441866702028862
1.87666382047686
-0.941068413926266
-0.5792052214895957
-0.04669235313284231
1.6376541432073837
1.515516829221093
-1.4014766418247853
-0.580885846944413
-1.313363186678346
-1.0491411263408001
1.3301836546046015
1.187887465465485
1.2327759760486348
-1.394927787721191
-0.9988183097297885
1.9183365415761078
-1.0883573977170848
-2.007362159058038
1.0017130370387757
0.6503001054369099
-0.5556206730987991
0.16375939970578335
0.5164190543973511
-0.08989048999535205
-1.3870507175858222
0.6739858133493668
1.9687798909868675
-2.0751076008269944
-1.132270923812295
2.312425774131983
-0.36686192510903776
-0.8567451356946452
2.700650377529773
-0.24798419177440229
-3.6269784983030435
0.9198582098221926
2.724669546344017
-1.791375506154652
-1.0653703201771336
2.319097023014531
0.2692220582719231
-0.8878198172997854
-1.1599469102809445
-0.42997923331139226
0.05136339225057451
0.17927754131130072
1.1322822759416018
-1.7997830046526488
0.40521585378199476
3.81067396225024
-1.235300264719495
-1.815992289741646
0.547816708658075
0.15334145453782855
-0.6045123909900969
-1.5029724263367314
2.7789173366020554
0.3326147142940795
-0.9839155940758273
-0.38912097575009674
0.9760211746609877
1.312755418525611
-2.207802058303762
-0.42894788759097674
1.2794989968135277
0.06714258206234458
-0.8313980752824787
-1.0854449264568837
0.5432499079770067
1.7459741552955848
-3.7270155055977003
0.1747468265505645
3.001960307198065
-1.7559751373511974
-0.011476247426832537
0.4704836193076424
0.6086946182761648
0.4515098738587262
-1.3919470448185396
0.3057422499436795
0.9914060364757358
-0.21089929373866398
1.8847002709117302
0.2856044881669324
-1.8123880200587386
0.9849813512607611
-0.03782447780252701
0.4216604534646653
0.009778246589049522
-1.8343127436617488
-1.7472558019595614
-0.49367880691342036
0.3506255638039828
-0.42368389035277443
0.5441329191940418
1.3472375649873973
0.6893703945942135
-1.684189460838458
0.21388536496741598
1.0280195566701171
-1.0673885665911629
1.314061498174758
-0.7972292403627852
-2.0367269651207702
1.8564102800113818
0.8886359610604728
-0.786858815724305
-0.33834320418469166
0.1478749119677781
3.1270021749584167
0.169259857335885
-3.6222549484068076
1.840335380869577
1.605173355870458
-2.097448228618854
0.9386286860080593
-0.5797719528724642
-0.7283964931497282
-0.022000681917936915
-1.170645613814539
1.9210902658766436
1.2240866131052133
-2.5402096086909056
-0.8334476683945844
1.3527134334416102
-1.4022979056849125
0.6176375051845855
1.2159723889268317
-1.4959260712671247
-0.19811354152211608
0.9330845570761577
0.9258673706089504
0.8557615871011631
-0.7792719261208712
-0.7768790714628587
1.1048435661743334
-1.420422009960973
-0.4755464273286195
2.2017281071705948
0.9873800568261654
-0.27661249684061107
-2.0628452607989654
-1.0848038989549333
-0.7567407044730935
0.5967946394640862
0.6155286430641354
-0.4928184502526745
3.0929951276657883
1.6680918763657653
-1.775188121590451
-0.8311657500442184
-0.6763622485106531
-0.8801640469460053
2.1129318249639986
0.22750349297165373
-2.538034905980322
-0.5194388887888558
0.38467627726850845
0.6718414402590293
-0.46560222544896684
-0.8756289533539747
-0.15591234793352204
0.07853884166165503
2.0736909027907093
1.4538962040960612
-2.0024977854147816
0.6237817561235464
0.48314596210041105
-1.4046438577870957
1.6273991566537176
-0.42082279322880595
-1.3554239682345868
1.2570242419175355
0.5097991820666781
0.7487371311871368
-2.583503672663387
-2.777720941806484
2.7234117932310897
2.7640641528861982
-1.4062142521970251
-2.378328281320404
0.6986769012553162
2.428989478645275
0.6259224341243017
-1.8623384788508297
-1.549869854604432
1.6853091332539651
1.4964183361982386
-0.4560520098608405
-0.089985959697065
-1.8833526093587536
-0.6195355501209555
1.0470156385809881
1.7407099622150715
1.8441984179661912
-1.3013619073097784
-1.5746850982678056
1.1474066153197158
0.2620880801528598
-2.2143227822848104
0.4307626672533874
1.8021828212671096
-1.0469195359078456
-0.35352832477117335
0.5406144481487889
-0.3552631420574978
1.1667934570036145
1.426255390777644
-1.9042517333404894
-1.2605555795828636
-0.26681374257808294
-0.8740402751741092
-0.061644345582745785
1.6316327282528493
-0.986604388367721
-1.5969292450910635
0.5832102920068316
2.2080477660900995
0.0917020742327821
-0.9368569339942733
0.43100318947030913
-2.0378274453593765
1.9538875800732112
2.451309562018166
-2.4354931315807793
-0.5002652425153504
1.7597275098487788
-0.8113273974124646
-0.040311701094065344
0.713714912556948
-0.4321639491065743
0.41295944946291435
1.663857888352434
2.188766058649625
-0.5126756722056702
-3.961950826365893
-0.81592153043651
1.581453830600275
-0.6076636801092414
-0.098996128944835
0.45677038024932903
0.08839158555502202
0.485707516385457
-1.1131410760937583
-0.19228987914822293
-0.7343018955681067
-1.0413673578357538
2.641872030136353
-0.40605323596524173
-1.7471615502631024
2.0894441949174127
1.0125891282308093
-1.949750780463276
-1.2253593958900355
1.292297200442252
1.445020991682589
-1.376415874902639
-1.0925324622571084
1.9881436403341222
-1.181261685906624
-1.1392781620354975
2.1468734062677397
0.9044069551763364
-0.07702756044295711
-0.5985072448362774
-1.029976829220329
-1.6869395550676314
-0.7748967976511463
1.779667432287449
0.999732340828123
0.2350533005169519
0.5430245774630496
-0.38228034688644996
0.9606250296485163
-1.2232799441035493
-0.035442036112034
0.2835747219857506
-2.6918139821968783
1.4424694012226635
1.990776879790141
-0.5175515402191035
-0.5910822180522602
-2.0652364273569477
0.9707710044550277
0.7089697284869736
-2.632827269318155
1.8866808919989855
3.2684306254957756
-1.2980291250679927
-0.9092561967320115
0.6962814493477255
-0.7751649419016251
-0.5392148393819384
-0.3568698097314897
-1.433802703434609
-0.34174252249919157
1.2071524231331936
1.6075172503127435
0.9849616800671255
-0.6106856969923399
-0.36575318893014164
1.1114659580965347
1.033962040586692
-1.5783513451630586
-0.6350304942940276
0.15581624837560068
1.2570165695764555
-0.41202967066203694
0.39750002743743473
-0.07190026375906694
0.7055772176004149
1.4908726234699101
-3.162725722697022
-0.7620597046951162
-3.364568166905915
-1.718807999839131
2.9116416584545965
3.0678499284535636
0.5045755540643702
-1.6489328100130947
2.601617572019466
0.10786190517532046
-3.2447075127945606
-2.2901091523339496
0.48814840991908537
2.1687180148403025
1.4380438414368664
0.681135770420679
-2.2839104355025945
0.7556863840703654
0.9858328250898594
-0.04348829051777603
-1.2142767005219257
-0.22725642382453626
2.6581581661743243
-0.3341114809949888
-2.1224527297697455
-1.3444123890647837
-0.05943956215482615
1.5243032657055688
1.929452565108432
-2.1155416107750478
-2.164837898383213
2.8472063714998517
3.1286988568319605
-2.108159680510352
-0.8212324395114858
0.9434914172098052
1.0679765322062706
1.1627539081945932
-3.033200928772944
-2.3334314342338365
0.851351739863559
1.109412846532643
-0.3071436216884982
1.2151941568692963
1.7215543649396714
-0.5782931989933129
-1.6252596153257726
-3.2080182877119885
-0.03740899439723616
2.715509235034576
2.166421407916177
-0.4633132921011155
-1.9348139675612144
-0.38468435217471747
0.6148103873276837
0.07414042269864207
0.9717203869100894
1.6181836855092044
-2.6325849149849376
-0.08191688094367144
1.068517313983578
-2.4119314668673963
0.263462851014299
1.462146592572097
0.6999423886368223
-0.43595626985151853
-1.3989221191791201
-2.205489058050188
-1.3224951434923544
2.6499732210001214
1.2764407837768097
-1.2346996233816194
0.6247907834434892
0.6373553213428156
0.40656999123827886
-0.5405548996375884
-1.0872571668938575
2.7693416142328133
0.3966133124846386
-2.3165899583301712
0.25583222200655575
-1.0890527770494087
0.18192161208285312
0.855507088071878
0.4863105415074325
-0.16980429424411825
0.8629476315582008
0.4857305617500509
-2.456913434105089
-0.002721118936129696
1.4513717983814813
1.454029852735445
0.05958306418148218
-1.0953260380997807
0.35420633831129833
-0.9584284261025268
-1.8702096891183133
0.9193907759661004
2.11999445859375
0.2656802864135435
-0.33842092046581695
2.2145862689865163
-0.03507902300813559
-1.9875457574517985
-1.8363682891987363
-1.197969953737519
1.221677398204281
1.2333527085970615
1.1353484790359525
0.18449617739804358
-1.2512908032138834
-2.0981782887711313
1.5475126355139002
1.7728118075150214
-2.010753055578781
-0.11936487844057664
1.2168778969790832
0.7085481664796248
-0.7224473910260651
-2.5595356212033726
0.458930096565589
1.5383925627441946
-2.5998192245157172
-0.1776898450038531
1.5264241108429344
-0.18068512309573453
0.1612095167922472
-1.979871999286528
-0.13893993620364403
3.1413707312104533
1.0151409277480048
-0.7969422505269098
-1.2203844481119779
-0.7529548674727852
0.2574741788388113
0.3392626123248848
0.8178885021773477
-0.3542231743652631
0.22701857786255525
0.7300914503453393
0.9370284002684266
-0.21883252108640208
-1.4526743746801543
1.061314716139687
-0.5141494326295298
-1.5693256051023083
2.0869615444100775
1.9188755116503786
-1.5226347849152377
-0.5356375799817262
0.389164905366595
-0.8248441904730431
0.26069427462777517
1.0022253569058237
-1.230025466008163
-1.3748656862766602
1.0170959380613425
0.4428419500530003
-0.6038164566700805
0.12876434922396354
-0.44499859177110734
0.24934430791824827
0.39576201999306027
-1.179238968543611
-0.05538698766088958
1.3707166843808047
-0.7261854291065336
-0.9742774451726539
0.16434177831655494
1.1877793997831176
0.4612447507044602
2.2474923731057217
-1.2648488171712784
-3.628607428215558
-0.639307528669335
1.4763320948737801
2.1776232072281902
0.38101039917261403
-0.7276307329940557
-0.11313333312686757
1.2164289245857827
0.9489826386711742
0.8929044408355876
-3.241968515238196
-2.006226770453106
-1.2723844506590374
-0.048136370659660255
1.8120053224864852
2.693924720226898
0.8123413919267016
-4.068176137891941
0.42887889654470324
1.7264564433421152
-0.11751096327311378
0.9367733143973884
-1.6741694356968648
-2.0285438910456595
1.4789048169686527
1.4815927810972345
-2.048966782689414
-1.5583600104825888
2.3536779357441873
0.6589025003424547
-0.6597532656194701
1.8250335065355354
0.34008916077149254
-0.8529044941530974
-0.028394260654260067
-1.0986526245714456
0.5359394716945137
-0.010461161480924797
-0.27172803930768175
0.7606899335537387
0.0704467005232493
-0.41830136005778995
-1.344457776717999
1.6058950526055933
1.9458334572262999
-1.624353166499466
-0.6186053256127191
0.7735025917489385
-1.5560785130761687
-0.4767317515649173
-0.19515938732927673
1.2485308385007703
2.2069554535742015
-0.7318421578714371
-2.4890351080038133
-2.0645696403674285
3.4121581007699877
2.916296394765882
-3.4659431946192822
-1.3845412430684176
1.668457981644311
0.846576057860833
0.04104061109122109
0.38924957462572185
-0.7107948192784433
-0.9595794542006933
0.4389407185058249
0.16482355060512957
0.29489280420602176
0.1576372974858579
-1.4079781440445502
-1.0094597690800362
1.3488827256775027
-1.4313132531347807
-0.2507095813328951
2.6135080185222233
1.120905449166295
-1.8042075086834006
1.0573873753838572
1.4398934221146746
-2.3564465229220946
-1.154382065543522
1.1647884746483048
-0.4382370791213106
-0.5344410899638461
3.4854639847645004
-1.528647614234544
0.050576564047362105
0.5701364035746272
-3.3527889435161806
1.903846271988204
1.1205800620200281
1.0270817211763676
0.007191185815741935
-0.6859771944215838
-1.191975636070497
-1.2088587192989597
2.875028311296517
1.654679277781501
-0.07256140294699276
-0.8885103339192235
-2.9480270096965864
-1.948767505353493
4.324788490762326
1.1665982472682734
-3.129490848775776
0.3561912606195763
0.4939324888254561
-2.3362636843555147
-0.7952620383291972
2.870894140494773
0.12936965985014276
-0.31367527398960837
0.09205387903277812
-0.6310651796680745
0.6159299739301864
-0.5772354352093173
0.7883961629699048
1.6317872646321832
-1.7090118184325314
-0.8714531298180395
0.3795593194809005
-0.08095188875225912
0.6557793223475257
-0.22402477165776438
-1.089684712040082
-0.338503508908816
-1.2773678033782012
0.5590205192976666
1.7745373148201564
-1.566095181551927
0.7886991524283579
0.5179686901442869
-1.1426814328350852
1.344304999778883
1.5093778739152475
-0.8157580182490458
-1.2461334574604053
0.2202700149867499
1.0645134589450274
0.806699207557832
-1.3814723914857354
-2.138157812581635
0.5909337191927633
2.159002937807499
-1.2075181603386376
-2.168145061099883
1.4590202406852506
2.3293861661976294
-1.1676869170343478
-1.7922244050835858
0.6604671003834187
0.5850211406987067
-1.2687310914784053
0.028080060816906997
0.6409993862680393
1.5266396124225006
-0.4568022359516085
-2.16801636051742
2.4378741088701723
1.1502386832231748
-0.5381791579816242
-1.2036597321770306
-2.327057942274809
0.5351757851067389
3.7134468053321292
2.7756022703485503
-0.4581309557077615
-2.2889155883503762
-2.198671562533398
-0.36483233953416894
1.2720252923916298
1.8199540794064997
-0.8503091042019324
-2.378368751532566
-0.6323493642957994
1.5283283429052292
3.3432745237670685
-0.9413479593295488
-2.0246113368405076
0.1997303004631738
-0.2911136429701365
-0.41971300831926744
-1.331707228809626
-0.16413840586058892
1.7512945299614606
-0.6710884922492992
-1.6351934519590658
0.7772477607321246
1.125061188853399
-0.16444026146836366
-0.20159286779401084
0.42427989453766646
1.250239652665237
0.37448392166635397
-0.5678583169237761
-0.8562231951006689
0.06876442920169429
2.3482077453274295
-1.0512551518296611
-2.985698753158754
0.890563321312446
1.3856465663321385
-0.3474465651541069
-0.5306098814003222
0.7439284965120907
-0.7779128850868557
-0.9462821145330874
3.2381937432146772
-0.20786417429076545
-3.2975794769836453
0.3980851251173691
1.0773253730489765
2.2817958656800603
1.418269342579267
-0.6013079382621613
-2.7713956458190565
-1.4921390013437972
2.738660920632373
-0.9465599034910062
-0.9514990922684154
0.7864669417105382
0.21926248856031688
0.7363904911232901
-0.9002375619684246
-0.11343718695165461
0.010271932170205611
-0.34549269773405683
0.6283985568380288
1.7457196623816118
0.24752536964185895
-1.9462925617070705
-1.5454011016678288
-0.5266202850164854
2.2859971598760396
1.3235660797789788
-0.38693169155233753
-1.1504383044374284
-0.818605744489979
0.18518055376840628
-0.5513921689456078
1.7096822024681195
0.8054415545701219
-1.8040751945594757
0.8937817083540363
0.7543078959109099
0.8026555065092325
-1.5454806966296095
-3.5373778451827125
-0.8402247901320634
2.0635580010005286
2.1448116091358833
-0.9476868712518347
-0.4648661807796486
1.0299916072119792
-0.8988398363231982
-1.0051964123116814
2.7089985428330605
0.152393209947275
-1.7188069684836
0.9769320378324855
-0.58361781833771
-0.14460198287329296
0.07541030934130977
-0.45849128904146963
-0.3487640151172
-0.01636408049507196
3.308490419112335
-0.9282736846052554
-1.8054283220099707
1.0188756316948748
-1.8569212730262032
-0.10859437726092219
3.555759811632285
0.9772910969881132
-3.924411763490012
-0.004464536879603465
1.4397841625562344
-0.6520210535622435
0.05283081930803084
-0.060710937370898
0.7517500365832734
-0.6698956881732725
0.02586431142995682
1.5974530828153128
-0.628918931344871
-1.5011445606875984
-2.002811623757442
1.3946347419690766
1.3275887852368473
-1.4568272114300802
-0.13756111860578768
0.6348080595671632
1.2824462599065982
-0.5175684419980234
2.007488949244226
-1.2764152159648807
-3.0338991050758173
2.038523958895106
0.6270727204332224
-2.1141198641592673
-0.10219671975375327
1.5269377891371658
1.1232847050379813
-0.38480145138535826
-0.49482911868178814
0.7454764251893174
0.15611498501498577
-0.887906993407603
-0.9214024117351883
0.3998236447513493
1.6982439346642038
0.2676041184860804
-1.933719832491922
-1.5588367013384334
0.9204894849293074
1.9749260032032905
2.0145311993720743
0.7944640193506108
-2.8301275218286053
0.5418177280651959
1.279319015335329
-3.3004716286616187
-0.3614004564161455
0.19995402332133438
-0.5185512268074074
2.939561481200134
-0.5723363762460008
-2.8871468794228905
-0.9791390537983923
0.19721358903574593
2.0880200232784665
2.703683538031014
-1.597460115398242
-2.208018870889944
0.391680649985876
0.00021875807168947325
1.7109622765882957
1.2501204564667063
-2.438480646122213
-1.1335515311201911
0.756598803310965
1.0654068834420993
0.88845292423092
0.5341991031276212
-0.5443422466099468
-1.4517015506684048
-1.0841068429369756
0.6172726391852155
0.5236900858162092
-0.8274470366433151
0.8790323759055416
-0.2044536099860958
1.0781176274763704
-0.19754847268195042
-0.9752140523026676
0.9027488898236627
1.8861521472649103
-0.3194488726888978
-2.405458901977934
0.7949656429813223
0.4844377737765395
0.32187759978942787
-0.1444793564496621
-0.3331553317622564
-0.7623326120581486
-2.005096480205097
-0.059462110547042424
2.0876611629182698
2.517723337015109
-1.9160051371029085
-2.516818894565085
3.1007026502657054
1.8849685498315734
-2.8065803970823673
-0.7100907924877105
1.490551326645375
-0.009456599926350728
-1.50190610533594
-0.37895708541652195
0.6534246212353609
-0.22006482280387746
-0.42373142663530244
-0.4458249922717702
-0.04624511980492907
0.4219996747055389
0.8062551635123572
1.6556868732519834
-0.9485005340421676
-0.8166131401702245
0.42636178140753034
2.270577421957067
0.27787797654454477
-2.840020091204849
-1.0011807579090442
-0.2972213915177987
-1.5921075762377757
0.5018366240749024
2.078163761647731
-1.132085908613634
2.3751010550125065
1.5818285339939988
-0.9437369737124288
-1.5290556409351312
-1.4751830877603975
0.8008278437417267
-0.8164566787993134
-1.893224020395634
-0.24432945252190796
1.1714973642099866
1.7673735390580096
0.8815871863477363
0.19205395853969576
-2.1647180840289946
0.7553569943671086
2.622801121638642
-0.7453909646565644
-0.2940193738126947
0.1870588927207994
-1.3641487425614733
-0.6392374638977582
0.7788634697451569
0.41229816026156874
1.2485527091725572
-0.12733308260228654
-2.1263868376376824
-2.5304924463490877
1.6785885468062705
1.8024683180314516
-0.4335566274164322
-0.5373118546046253
0.32436711620208314
2.1299595150149555
-0.2956257357013898
0.06604766538152207
-0.008821929008780094
-1.1270564252441106
-1.0457038584362293
-0.03376320037945263
0.3484125106153153
0.7704901811603724
-0.8856572236628246
-2.157898397763753
3.0415213911546344
2.7485822672110425
-2.0400510525471436
-2.2340317238284553
-0.38808419860063337
1.6195688885053263
-0.0810679544384244
-0.14392542188944113
1.1587777216711344
0.37539505846939114
-0.5666673418801444
-0.34236634969265817
0.36481018980711444
1.2124239296569985
0.5210345220907764
-2.864602319996621
-1.592920286073376
3.771810311928409
-1.365946603092696
-0.8338694209541069
1.5481278873778557
-1.8052343133287667
0.3428442250141066
1.699622964877678
-0.4246113593629449
-1.696413009053673
2.989301412874018
0.13182767446145055
-1.448377427596543
1.2449585538439172
0.7214548750624636
0.6778305681448922
0.6665638784272834
-0.5483922442024067
-0.5745015624580119
-1.1417140424292973
0.4402419225464067
-0.28814058873456905
-1.5397454232437324
-0.22004392922891786
0.3292423692769252
-0.682036337302542
-1.7572184734383443
1.6275998737660364
3.537453432571028
-2.5500738279450372
-3.446395258991786
2.6394720976420123
1.1525138250517049
0.8242479145046245
-1.8678561483660028
-2.2473491256459877
1.4242366540691824
0.2772029988680869
0.15974594345516197
0.8885171100170376
1.5786443123135003
-0.736044385844734
-2.0576358794426017
1.381055746439889
0.85844523639683
0.9485029041201307
0.7923374015499021
-1.0869168357741597
1.6295663266440505
-0.09889250887268763
-4.446240962576192
-1.2809898378451958
2.607761669563139
0.2975087549246561
0.3501090365639282
1.0824851455919224
-1.007834850146015
-2.8124268806719703
-0.5564650542783856
1.6907413006532133
0.198918856967061
0.025101495675946786
-0.5052499460472331
-0.33873988789133413
1.9722380311307737
1.5376183488738788
-0.7063337384532159
-1.2902387645964881
-1.8076661909359943
-0.43442109894872094
0.2367618543213198
1.808160481324326
0.63604493475402
-2.637791480137587
2.0147644366901085
3.765521186071508
-1.7454656449565684
-3.0540047023129824
1.3411742732917682
0.5840259475582138
-0.9346284761766811
-1.6168304144249666
-2.328067125944452
0.1038825015099143
0.060750417086234965
2.0704221213914913
3.8126722468123275
-1.4208725293470172
-2.1324182821625564
-0.26070761527718456
0.6694713814672721
0.9667662512930915
-1.901186263213637
0.6342224250881581
1.145883771794933
-1.966220985126061
1.926422977491043
1.9214231379447884
-1.1618395728298883
-0.12154971395379288
0.031219945627433632
-1.1474065211747042
0.3205042654651166
3.1382022953788775
-0.5340289277016677
-3.0306058054151825
-0.553054104658961
0.9823608524721568
0.801183577856005
-0.04503847935103952
0.7424911849049868
0.33542800428251607
1.6185910018352794
-0.7369569089772383
-4.2710355231735875
-0.1948553456793955
0.09838731787197386
0.4659158381080606
1.1766348363591441
0.46438969009976877
0.990137193551786
-0.13906943424697157
-0.4994091030243027
-1.4070942416564838
-4.031171775413119
1.2586840353029058
2.4348693818575775
1.1308799197954897
2.490669436985648
-1.640907771517436
-0.977943791916011
1.629825854418652
0.9352073867581545
-0.7507069932567124
-2.3096767757212633
-0.14480799810665185
1.7070676171362422
0.8565154373339021
-3.1291747236191654
1.4400342944998168
1.7041507828072582
-3.4043380930680005
0.40152282695462915
-0.5389596220470881
1.146720964485035
0.6582321686481925
-0.19797714227871843
1.1751610410834812
-2.3447922684736864
-0.7468854956219231
0.6188545383113664
0.3356503736317344
0.9192543297775841
-1.3618981789902924
-0.14517642461893981
1.0229815228196322
-0.8952040157830281
-0.56270603679023
0.5749998041039969
2.829084210764659
-0.1824530474384356
-0.6755741932682531
1.8488720735893271
-2.453403846024252
-1.3566273372536748
2.5072760445741076
0.5651184707037388
-2.964500071680277
-1.6175354036326435
1.6791921090065371
2.1128735556223845
0.1267788071328537
-1.2226706691916598
0.20023164659288012
-0.9682674189036293
-1.6536850860523291
1.2598907317448385
1.5807562728399143
0.599703164923231
1.0919907149641863
-0.9805682189949712
-2.185414620844839
0.552972633239617
-0.05611356521606037
0.20389502376963523
-0.8617463869354186
0.7212240929448988
0.7326025308217854
-0.45189885013989145
2.5568719688010026
0.1835620494005596
-1.9378196251621465
-1.0581810018526667
1.7794684631770497
0.22409312601201747
0.15469879678728904
-1.294674903351052
-2.0867091500970147
1.0267852322421356
2.456197730117607
0.8598810702917679
-1.0177608370736122
-1.831344235957968
-2.3302967023181504
3.607864529816
1.5537629109610582
-2.124816579012436
1.1763975945731202
-1.1241793290788447
-1.5600101278821341
1.4345220051443608
-0.5417115577182537
-0.09429791061652718
1.5655385077441997
-1.0794491911810538
-2.429180099466377
1.1572489516382125
1.1252661943345104
1.545485040315888
0.47945451021209234
-0.5298617666159979
-0.9746819257377531
-1.8618243631034985
2.324037903506351
0.6097880415114986
-0.27433573359165697
-1.3316400821506806
-0.5083411241790008
1.4338630544544464
1.369930332376742
-1.2864084462618965
-3.383302676292754
-0.37056407582518514
1.5837785514887406
2.643492222607115
-2.445601441112781
-1.670627664537316
0.43580899086882163
0.1094076558567934
2.207883175004562
1.4413524082324298
-0.3027243566544016
-1.4878570048501647
1.3384194183506661
0.16479805672289272
-1.0420292263074018
-0.8478385509747841
0.10231025213953893
-0.25332537332977245
-0.38166503397075896
3.7388666501521373
0.27686565528124285
-3.7188217566163333
-0.240168773477066
1.565909399200565
-1.3036725902790587
-0.6298629548277858
-0.7418070945046111
1.3684394439178398
1.4564581056263886
-0.5371385196765945
-0.6271750734295801
-2.4953955058090753
1.473136358737045
2.895100987113727
-0.6987833219312332
-0.7564645554517866
0.17696293058414525
-0.6073692289538001
1.3480371246356042
0.5173912514083268
-0.4738732677416586
1.5249493273027948
-0.36823839592937196
-2.8380513352995114
-0.4282693155449637
0.574229203368338
-0.5497508313050238
0.7887890732324592
2.537825416190201
-0.4861689951575736
-1.224608851448012
0.7895891491227159
0.11300370506994983
0.33547972861325226
-1.849491895496759
-0.053843945692944484
0.6049857083838068
0.131323669944433
0.040976178509056715
-0.8595628528892288
1.429152875367397
0.9879185139447217
-0.7278235381302376
-2.165519354830628
-0.12091483965587019
2.7809212005081525
-1.448018043530309
-0.6824948355536328
-0.1725027998713724
-1.068569891897244
1.8256665487151533
-0.3735076085350389
-0.18364243594385102
-0.46804340354084795
1.9086238223420482
0.11704208517526982
-1.1481292091035231
2.4206672579697006
-0.8505445006382522
-1.220870093233442
-0.4886467726384024
-0.42317867769920653
1.1244611746036788
1.3342645676488138
-0.5808097710683497
0.6230531302780453
2.145446472651754
-3.379987692105974
-2.828421509204442
2.7052963362374864
-1.4320286928933157
0.28496463244460646
3.032769669118261
-0.8048776213134919
-2.149266323219961
0.6876024444259367
0.3850171564203505
-1.3350491927578192
2.8111712545329035
1.5276641365044223
-0.38254202875433774
-1.8884069735243791
-1.405529137109171
1.9732046296090737
-1.140211848582564
-1.7330800866971845
0.7884264015859198
0.8085185767974341
0.282824611622199
-1.4674908072297232
-0.998186337121642
2.349165635866294
1.5103281705646712
-2.7431082299765768
-1.734671830207708
2.3723702095271495
-0.5955753109202377
-1.5071636052378063
1.4429306313519321
0.537684011624975
-0.5823980570403071
-0.9503896269204966
-0.36944459767816695
0.18263579505754612
0.059991349105989245
0.7310276245908132
0.4447325469092871
2.67129014907927
1.6130064837447664
-3.2505032704671275
-0.3483742359441606
1.4915458557615175
-0.0094146507181323
-0.5309930067251312
0.6958469085215255
-0.9086084872610205
-1.1398084252074767
0.5095249333937056
-2.3105827181650587
0.3341799060678968
2.376392881299451
-1.3086485703682316
-0.5140627034088143
0.15749760416628533
-1.2601677927709363
-0.8602031935077655
0.1648849109585775
1.5814738158958712
0.13708559128398057
0.6123332135873077
-0.281504589987952
-0.4660446494321535
1.298639634110086
-0.3247064814654503
1.0540125573334242
0.13965239308517516
0.39649425946695727
-0.31207364204148325
-1.7490719801089076
0.9514627896662726
0.13407156027938594
-2.1286366430927792
-0.017389220997841626
2.8734529892137113
0.32915836074011195
0.48727797907285897
-0.6061685017920049
0.8036187053137398
1.0220835635355656
-1.815878404374663
-0.3602586053996294
0.6879255495956178
-2.161486481058207
-1.6982772554837404
3.0348398484679726
-0.6808462020011754
0.5820823432489246
1.1987502988182899
-2.146178685153442
-0.5413537314093733
0.5464810066492791
-0.29467729261293885
-1.9930230000662856
1.263706494581688
3.3446825581429986
-2.660281913866921
-0.6226898807922208
2.260190719181449
-1.323176384134399
-0.3946778269896304
0.6617099841969873
0.39153916262410726
-0.08814565427869347
1.1477534656141049
-0.14934255385512685
-1.0535546894705883
1.0678301976574966
-0.30448036614212187
-0.54513387023254
0.09256620829993921
0.3803610953938119
0.05492751940296535
-1.4041442870862735
-1.5243191604301778
1.694188571422395
0.621482687488759
-0.4515807215137412
0.7045331754017959
-1.3948166171488037
-2.1044312452329867
2.4419482948389346
2.356954483103843
-2.7581992599801453
0.36729480575061724
2.6003749470572752
0.7632358772761625
-1.1804741437337167
0.19173979397325258
1.4725760572421183
-2.053533085577798
-0.8406440481440312
-0.0010768061080363989
-1.089942516885344
0.7414333022679455
1.2567799109624307
-0.0018974828952367517
0.18864046708374116
1.3488511500507474
-0.21202883807569828
-1.4505049586711127
-1.4722666179188493
0.10708528991353355
1.339263614941637
0.7745631320585622
-0.5473116400478681
-0.2645009921318603
-0.16208989277715957
-0.514125793552423
-0.2107726094746189
0.19959165093792858
0.2360341251877912
0.33753973130146064
-0.9855498542581729
-1.5341491116560908
1.864993800726947
-0.904498848663049
0.9695344992113473
1.2990336185214806
-1.6808844694734375
0.22142248532430484
0.6115597861795945
0.3196177618086029
-2.182238973420744
-0.14863517805619775
3.0741110642724623
1.2101783617799189
-1.6329835961972745
-0.7971427884824831
-1.2244320167583884
-1.6196323168231388
0.9337608750656028
2.861424929958854
-0.6011584807510963
-1.6305489210758901
0.3063027823709564
-1.9276559739366594
-0.66112450697533
1.6573426373049611
1.1978590100350561
-0.41447859142548305
0.8356766284432737
-0.10876236518303684
-1.8472586640301851
2.1581837627701974
0.9897695828446266
0.689962565102284
0.1866979791838577
-2.528540755263573
-0.5238931462431329
2.131001506479749
0.27104224806279653
-1.5561398488883897
0.6733949643052931
-0.04165360266325706
-0.8835893549956197
-0.1995941926512511
-0.10022690792096248
-2.0992622206424616
1.2956182257865347
3.942998799840875
-1.9007668162451656
-3.2091172013615585
0.6718998246600916
3.0520938396074397
1.2743804260606022
-0.8382437090158554
-2.3836710188959964
-1.8557180375800826
1.042419190957525
0.6658838896347341
2.8886487043978617
1.894835314131198
-1.942684710130977
-0.928674279758883
-0.009956858548056391
0.8542033979075359
-0.9705591330335159
-1.5383184362047562
-0.8506006446178991
0.41632924754343525
1.4851430817251168
-0.18162083810743734
0.00570928124098069
-1.2497083993213247
-0.5609797467665076
2.22299367859008
1.3436204112099848
-0.2920797918350787
-2.1443271887105277
-1.1507103414525317
1.6951051007165916
1.97207346153312
-0.9314710954326829
-1.7371581862283836
1.1053651666337034
-0.5151011267588332
1.414725336524905
1.0497239311594382
-0.9585071930155631
-0.5184331114976646
-3.251142948960669
0.03886595486166432
1.2129482689312956
0.6495947604265275
0.6627313413175693
1.533149363105759
-1.0935236201318232
-3.2348441902219265
0.130947433359496
1.1626035875691993
1.7074284056449311
-0.18917186776044181
1.7006542803460132
-0.872079639169322
-3.0817257531409776
3.5536974317662824
1.0846602107692955
-2.786944449715862
0.8208123069921514
1.0365357182275534
-0.4502255207011938
-2.1926903657612407
0.7555527077670943
2.5461163091634873
-1.6428374263474481
-3.4245899076551067
0.6557548465097421
1.8718056889734744
-2.166267070899616
0.7051439156079258
1.5586805003729467
1.8569840184193478
0.7595755945292336
-3.4042566529805143
-1.6279979681381547
2.286380156250795
1.944034218200727
2.239994192189368
-0.4604930595980158
-2.4467013948926706
-1.467808742984918
0.1068102446055369
0.6610422484925151
0.21445435308726413
-0.21088980064260898
-0.6822880477547839
-1.5271194236744412
-2.576472303159388
2.2326615725190035
0.5786926191616393
-0.557885528236759
3.8055304792616322
-0.05185695828649417
-2.325557008412167
0.030826788461446986
0.3807480101128185
-1.1157814024140926
0.9973103488072992
1.8016840602747317
-2.396585184157281
-0.4265374267691555
-0.21637416501223994
-0.8328806848828916
1.0188068071707423
0.2797852320725306
1.0689058305963983
1.1383161177937573
0.40003096319756715
-0.2400794147563799
-0.3975703617536913
0.9914230285460988
-0.07247326107923557
1.4501958205133367
-0.13180940489418225
-4.100592727441516
-0.6480971227573307
2.8985744592089997
0.6276945786188945
-0.8256244955405146
-1.2099652032323662
-2.29769579598914
0.9770456538042552
2.3984192928126524
-0.6540553222844846
-3.6719202224676972
0.1780902204025284
4.664016511513248
1.5507278053744311
-1.5075511711725333
-1.5290916962973558
0.29177006633764835
0.9829557035915089
-1.7776143818162402
0.4427935902384261
1.2472641951100583
-0.3169494063620538
-1.094644482097551
-0.8162620210345859
0.9491701540771402
-2.0003869903585363
0.6351074097279058
2.2210790759896577
-1.0290968014140323
-0.48134685256927195
-1.6457529499532555
0.39471425868890747
1.9573480063072897
-0.1820421520946408
-0.9172704928002002
-0.6550775817933718
0.2823270091516479
1.3677704398250854
-0.9251006931456973
-2.5638685086501227
1.641625448692539
1.6043669631478286
-1.5035924185337215
-0.5952627111095689
1.4801898931606563
0.43684619285789944
-2.4882725394132
0.3442559810931948
1.236921789119878
0.675547642805588
3.338532546289515
-2.0570350870757195
-1.2247556275549756
0.07988304694135939
-1.1590078220564812
1.1945579631831726
0.6561546377897012
0.8284655531277764
-0.794539967905932
0.5271993001851061
-0.5208651746934195
-1.4901224349901752
1.9180195791910224
-0.38423549535943763
-1.7091642049375135
0.723128797112251
2.0208990221496257
-0.5056298375004689
-0.7318362767872463
0.473961362793405
-1.3484590295722425
-0.3298841517382404
1.0731428454169574
-1.7752398411757437
-2.231696394184677
4.091457213480533
2.198415000557824
-0.25646614940268386
0.13234905551463227
-2.6045733691624857
-1.2180158331609234
-0.22281313613417608
2.488163334421096
1.3279875726506816
-0.5318571162485612
-1.5740063419507362
-0.7636383323772193
1.3097045604638904
-1.4756797802864794
0.09869874572154137
2.9197596842601152
-0.14212770251379664
-2.769917001254526
0.7062733236463398
2.3152354240227315
-1.6491062641430692
-0.6091420171517232
-0.43630456902174886
0.33033581834783976
1.5200633659204836
1.1422331142677726
0.5305258346187833
-1.7617729847304342
-2.4101402660052695
0.7744090414608711
2.214331419534294
-0.8880805527275858
1.0131665882961085
-1.2613458952786194
-1.7838010204105823
1.2173418182977829
-1.2341923812888307
-1.3104118483846476
1.1955804242658343
1.9677036362498321
-0.23814694862590335
-1.2386207286791686
1.3239562290989246
0.4273754102321255
-0.35881753006368244
0.051019166747170566
-2.1406728658662595
-0.2141953695226965
1.9733334805484684
0.7628218135219467
0.526357124969757
-1.26994499993581
1.2699845598485455
0.9057743611333195
-0.138573037896635
0.04559166063360151
-2.316648901490973
-0.813972430835866
-0.40302666484455957
0.6790296555629903
0.1281398371828525
-0.3932423405028582
-0.35706743488052317
1.1408442403802899
2.366005396285374
-2.304031773779613
0.4508382281604917
1.353012072680741
-3.1895875197684376
-0.9586048209554988
0.7503044446139269
0.765384431884855
1.9189992861056218
1.6707562087441838
0.24473109005175187
-0.8336378450805919
-0.9499614101624966
-0.982028760290713
-1.4204897591146342
1.6113859150304852
2.8133614633821598
-0.7983539269478472
-1.5250356473866582
0.20362035670498396
-1.0094179059592858
-0.3521073894929682
0.028374304059683997
2.34474243704375
1.061915467926036
-1.1470669553371857
-1.0539133865786292
-0.5027967205910796
0.6052297999496785
-1.295262412458234
-1.3693818542786602
0.3631008796757087
1.0069417435565193
-0.36543399959016093
-0.06902683487235589
1.019034500213202
-0.615789996109243
-0.7563302969660041
1.8295946009834667
-0.8014753169966311
-1.5496430808241741
1.590945505181278
0.25618896436517025
0.011543697105441342
